ISO-10303-21;
HEADER;
FILE_DESCRIPTION(('KiCad electronic assembly'),'2;1');
FILE_NAME('DesClock.step','2026-09-01T21:10:04',('Pcbnew'),('Kicad'),
  'Open CASCADE STEP processor 7.9','KiCad to STEP converter','Unknown'
  );
FILE_SCHEMA(('AUTOMOTIVE_DESIGN { 1 0 10303 214 1 1 1 1 }'));
ENDSEC;
DATA;
#1 = APPLICATION_PROTOCOL_DEFINITION('international standard',
  'automotive_design',2000,#2);
#2 = APPLICATION_CONTEXT(
  'core data for automotive mechanical design processes');
#3 = SHAPE_DEFINITION_REPRESENTATION(#4,#10);
#4 = PRODUCT_DEFINITION_SHAPE('','',#5);
#5 = PRODUCT_DEFINITION('design','',#6,#9);
#6 = PRODUCT_DEFINITION_FORMATION('','',#7);
#7 = PRODUCT('DesClock 1','DesClock 1','',(#8));
#8 = PRODUCT_CONTEXT('',#2,'mechanical');
#9 = PRODUCT_DEFINITION_CONTEXT('part definition',#2,'design');
#10 = SHAPE_REPRESENTATION('',(#11,#15,#19,#23,#27,#31,#35,#39),#43);
#11 = AXIS2_PLACEMENT_3D('',#12,#13,#14);
#12 = CARTESIAN_POINT('',(0.,0.,0.));
#13 = DIRECTION('',(0.,0.,1.));
#14 = DIRECTION('',(1.,0.,-0.));
#15 = AXIS2_PLACEMENT_3D('',#16,#17,#18);
#16 = CARTESIAN_POINT('',(57.7,-69.74,6.095));
#17 = DIRECTION('',(0.,-1.,1.110223024625E-16));
#18 = DIRECTION('',(1.,0.,0.));
#19 = AXIS2_PLACEMENT_3D('',#20,#21,#22);
#20 = CARTESIAN_POINT('',(76.84,-69.74,6.095));
#21 = DIRECTION('',(0.,-1.,1.110223024625E-16));
#22 = DIRECTION('',(1.,0.,0.));
#23 = AXIS2_PLACEMENT_3D('',#24,#25,#26);
#24 = CARTESIAN_POINT('',(115.1,-69.74,6.595));
#25 = DIRECTION('',(0.,-1.,1.110223024625E-16));
#26 = DIRECTION('',(1.,0.,0.));
#27 = AXIS2_PLACEMENT_3D('',#28,#29,#30);
#28 = CARTESIAN_POINT('',(95.97,-69.74,5.095));
#29 = DIRECTION('',(0.,-1.,1.110223024625E-16));
#30 = DIRECTION('',(1.,0.,0.));
#31 = AXIS2_PLACEMENT_3D('',#32,#33,#34);
#32 = CARTESIAN_POINT('',(71.41,-54.06,-8.5E-02));
#33 = DIRECTION('',(1.224646799147E-16,-1.359631073447E-32,-1.));
#34 = DIRECTION('',(1.110223024625E-16,1.,0.));
#35 = AXIS2_PLACEMENT_3D('',#36,#37,#38);
#36 = CARTESIAN_POINT('',(118.07,-48.29,-8.5E-02));
#37 = DIRECTION('',(-1.224646799147E-16,-1.359631073447E-32,-1.));
#38 = DIRECTION('',(1.110223024625E-16,-1.,0.));
#39 = AXIS2_PLACEMENT_3D('',#40,#41,#42);
#40 = CARTESIAN_POINT('',(0.,0.,0.));
#41 = DIRECTION('',(0.,0.,1.));
#42 = DIRECTION('',(1.,0.,-0.));
#43 = ( GEOMETRIC_REPRESENTATION_CONTEXT(3) 
GLOBAL_UNCERTAINTY_ASSIGNED_CONTEXT((#47)) GLOBAL_UNIT_ASSIGNED_CONTEXT(
(#44,#45,#46)) REPRESENTATION_CONTEXT('Context #1',
  '3D Context with UNIT and UNCERTAINTY') );
#44 = ( LENGTH_UNIT() NAMED_UNIT(*) SI_UNIT(.MILLI.,.METRE.) );
#45 = ( NAMED_UNIT(*) PLANE_ANGLE_UNIT() SI_UNIT($,.RADIAN.) );
#46 = ( NAMED_UNIT(*) SI_UNIT($,.STERADIAN.) SOLID_ANGLE_UNIT() );
#47 = UNCERTAINTY_MEASURE_WITH_UNIT(LENGTH_MEASURE(2.E-06),#44,
  'distance_accuracy_value','confusion accuracy');
#48 = PRODUCT_RELATED_PRODUCT_CATEGORY('part',$,(#7));
#49 = SHAPE_DEFINITION_REPRESENTATION(#50,#56);
#50 = PRODUCT_DEFINITION_SHAPE('','',#51);
#51 = PRODUCT_DEFINITION('design','',#52,#55);
#52 = PRODUCT_DEFINITION_FORMATION('','',#53);
#53 = PRODUCT('switch','switch','',(#54));
#54 = PRODUCT_CONTEXT('',#2,'mechanical');
#55 = PRODUCT_DEFINITION_CONTEXT('part definition',#2,'design');
#56 = SHAPE_REPRESENTATION('',(#11,#57),#61);
#57 = AXIS2_PLACEMENT_3D('',#58,#59,#60);
#58 = CARTESIAN_POINT('',(0.,0.,0.));
#59 = DIRECTION('',(0.,0.,1.));
#60 = DIRECTION('',(1.,0.,-0.));
#61 = ( GEOMETRIC_REPRESENTATION_CONTEXT(3) 
GLOBAL_UNCERTAINTY_ASSIGNED_CONTEXT((#65)) GLOBAL_UNIT_ASSIGNED_CONTEXT(
(#62,#63,#64)) REPRESENTATION_CONTEXT('Context #1',
  '3D Context with UNIT and UNCERTAINTY') );
#62 = ( LENGTH_UNIT() NAMED_UNIT(*) SI_UNIT(.MILLI.,.METRE.) );
#63 = ( NAMED_UNIT(*) PLANE_ANGLE_UNIT() SI_UNIT($,.RADIAN.) );
#64 = ( NAMED_UNIT(*) SI_UNIT($,.STERADIAN.) SOLID_ANGLE_UNIT() );
#65 = UNCERTAINTY_MEASURE_WITH_UNIT(LENGTH_MEASURE(2.E-06),#62,
  'distance_accuracy_value','confusion accuracy');
#66 = CONTEXT_DEPENDENT_SHAPE_REPRESENTATION(#67,#69);
#67 = ( REPRESENTATION_RELATIONSHIP('','',#56,#10) 
REPRESENTATION_RELATIONSHIP_WITH_TRANSFORMATION(#68) 
SHAPE_REPRESENTATION_RELATIONSHIP() );
#68 = ITEM_DEFINED_TRANSFORMATION('','',#11,#15);
#69 = PRODUCT_DEFINITION_SHAPE('Placement','Placement of an item',#70);
#70 = NEXT_ASSEMBLY_USAGE_OCCURRENCE('4','SW1','',#5,#51,$);
#71 = PRODUCT_RELATED_PRODUCT_CATEGORY('part',$,(#53));
#72 = SHAPE_DEFINITION_REPRESENTATION(#73,#79);
#73 = PRODUCT_DEFINITION_SHAPE('','',#74);
#74 = PRODUCT_DEFINITION('design','',#75,#78);
#75 = PRODUCT_DEFINITION_FORMATION('','',#76);
#76 = PRODUCT('cherry mx v28','cherry mx v28','',(#77));
#77 = PRODUCT_CONTEXT('',#2,'mechanical');
#78 = PRODUCT_DEFINITION_CONTEXT('part definition',#2,'design');
#79 = SHAPE_REPRESENTATION('',(#11,#80,#84),#88);
#80 = AXIS2_PLACEMENT_3D('',#81,#82,#83);
#81 = CARTESIAN_POINT('',(-3.986762067809E-05,0.793210950699,
    -1.036171066708));
#82 = DIRECTION('',(-1.289950709033E-16,-1.379893946778E-16,1.));
#83 = DIRECTION('',(1.,8.187894806611E-16,1.289950709033E-16));
#84 = AXIS2_PLACEMENT_3D('',#85,#86,#87);
#85 = CARTESIAN_POINT('',(-3.986762069808E-05,0.628210950699,
    -1.036171066708));
#86 = DIRECTION('',(-6.77627309459E-17,-1.379893946778E-16,1.));
#87 = DIRECTION('',(1.,8.187894806611E-16,6.77627309459E-17));
#88 = ( GEOMETRIC_REPRESENTATION_CONTEXT(3) 
GLOBAL_UNCERTAINTY_ASSIGNED_CONTEXT((#92)) GLOBAL_UNIT_ASSIGNED_CONTEXT(
(#89,#90,#91)) REPRESENTATION_CONTEXT('Context #1',
  '3D Context with UNIT and UNCERTAINTY') );
#89 = ( LENGTH_UNIT() NAMED_UNIT(*) SI_UNIT(.MILLI.,.METRE.) );
#90 = ( NAMED_UNIT(*) PLANE_ANGLE_UNIT() SI_UNIT($,.RADIAN.) );
#91 = ( NAMED_UNIT(*) SI_UNIT($,.STERADIAN.) SOLID_ANGLE_UNIT() );
#92 = UNCERTAINTY_MEASURE_WITH_UNIT(LENGTH_MEASURE(2.E-06),#89,
  'distance_accuracy_value','confusion accuracy');
#93 = CONTEXT_DEPENDENT_SHAPE_REPRESENTATION(#94,#96);
#94 = ( REPRESENTATION_RELATIONSHIP('','',#79,#56) 
REPRESENTATION_RELATIONSHIP_WITH_TRANSFORMATION(#95) 
SHAPE_REPRESENTATION_RELATIONSHIP() );
#95 = ITEM_DEFINED_TRANSFORMATION('','',#11,#57);
#96 = PRODUCT_DEFINITION_SHAPE('Placement','Placement of an item',#97);
#97 = NEXT_ASSEMBLY_USAGE_OCCURRENCE('3','=>[0:1:1:3]','',#51,#74,$);
#98 = PRODUCT_RELATED_PRODUCT_CATEGORY('part',$,(#76));
#99 = SHAPE_DEFINITION_REPRESENTATION(#100,#106);
#100 = PRODUCT_DEFINITION_SHAPE('','',#101);
#101 = PRODUCT_DEFINITION('design','',#102,#105);
#102 = PRODUCT_DEFINITION_FORMATION('','',#103);
#103 = PRODUCT('Component1','Component1','',(#104));
#104 = PRODUCT_CONTEXT('',#2,'mechanical');
#105 = PRODUCT_DEFINITION_CONTEXT('part definition',#2,'design');
#106 = SHAPE_REPRESENTATION('',(#11,#107,#1277,#1353,#1503,#1579,#1655,
    #1805),#3312);
#107 = MANIFOLD_SOLID_BREP('',#108);
#108 = CLOSED_SHELL('',(#109,#149,#189,#220,#251,#268,#308,#339,#370,
    #401,#427,#467,#498,#529,#560,#586,#626,#657,#688,#705,#745,#776,
    #807,#838,#864,#904,#935,#966,#997,#1063,#1089,#1120,#1144,#1168,
    #1185,#1211,#1236,#1261));
#109 = ADVANCED_FACE('',(#110),#144,.T.);
#110 = FACE_BOUND('',#111,.T.);
#111 = EDGE_LOOP('',(#112,#122,#130,#138));
#112 = ORIENTED_EDGE('',*,*,#113,.F.);
#113 = EDGE_CURVE('',#114,#116,#118,.T.);
#114 = VERTEX_POINT('',#115);
#115 = CARTESIAN_POINT('',(-6.37,-5.6,6.8));
#116 = VERTEX_POINT('',#117);
#117 = CARTESIAN_POINT('',(6.37,-5.6,6.8));
#118 = LINE('',#119,#120);
#119 = CARTESIAN_POINT('',(-6.37,-5.6,6.8));
#120 = VECTOR('',#121,1.);
#121 = DIRECTION('',(1.,0.,-8.714466441328E-17));
#122 = ORIENTED_EDGE('',*,*,#123,.F.);
#123 = EDGE_CURVE('',#124,#114,#126,.T.);
#124 = VERTEX_POINT('',#125);
#125 = CARTESIAN_POINT('',(-6.37,-5.6,-6.8));
#126 = LINE('',#127,#128);
#127 = CARTESIAN_POINT('',(-6.37,-5.6,-6.8));
#128 = VECTOR('',#129,1.);
#129 = DIRECTION('',(0.,0.,1.));
#130 = ORIENTED_EDGE('',*,*,#131,.F.);
#131 = EDGE_CURVE('',#132,#124,#134,.T.);
#132 = VERTEX_POINT('',#133);
#133 = CARTESIAN_POINT('',(6.37,-5.6,-6.8));
#134 = LINE('',#135,#136);
#135 = CARTESIAN_POINT('',(6.37,-5.6,-6.8));
#136 = VECTOR('',#137,1.);
#137 = DIRECTION('',(-1.,0.,1.742893288266E-16));
#138 = ORIENTED_EDGE('',*,*,#139,.F.);
#139 = EDGE_CURVE('',#116,#132,#140,.T.);
#140 = LINE('',#141,#142);
#141 = CARTESIAN_POINT('',(6.37,-5.6,6.8));
#142 = VECTOR('',#143,1.);
#143 = DIRECTION('',(0.,0.,-1.));
#144 = PLANE('',#145);
#145 = AXIS2_PLACEMENT_3D('',#146,#147,#148);
#146 = CARTESIAN_POINT('',(3.330669073875E-15,-5.6,0.));
#147 = DIRECTION('',(0.,-1.,0.));
#148 = DIRECTION('',(0.,0.,-1.));
#149 = ADVANCED_FACE('',(#150),#184,.F.);
#150 = FACE_BOUND('',#151,.T.);
#151 = EDGE_LOOP('',(#152,#162,#170,#178));
#152 = ORIENTED_EDGE('',*,*,#153,.T.);
#153 = EDGE_CURVE('',#154,#156,#158,.T.);
#154 = VERTEX_POINT('',#155);
#155 = CARTESIAN_POINT('',(0.91,-0.87,8.165));
#156 = VERTEX_POINT('',#157);
#157 = CARTESIAN_POINT('',(0.91,-0.87,6.99));
#158 = LINE('',#159,#160);
#159 = CARTESIAN_POINT('',(0.91,-0.87,8.165));
#160 = VECTOR('',#161,1.);
#161 = DIRECTION('',(0.,-1.181088324069E-16,-1.));
#162 = ORIENTED_EDGE('',*,*,#163,.F.);
#163 = EDGE_CURVE('',#164,#156,#166,.T.);
#164 = VERTEX_POINT('',#165);
#165 = CARTESIAN_POINT('',(0.91,-5.E-02,6.99));
#166 = LINE('',#167,#168);
#167 = CARTESIAN_POINT('',(0.91,-5.E-02,6.99));
#168 = VECTOR('',#169,1.);
#169 = DIRECTION('',(0.,-1.,0.));
#170 = ORIENTED_EDGE('',*,*,#171,.F.);
#171 = EDGE_CURVE('',#172,#164,#174,.T.);
#172 = VERTEX_POINT('',#173);
#173 = CARTESIAN_POINT('',(0.91,-5.E-02,8.165));
#174 = LINE('',#175,#176);
#175 = CARTESIAN_POINT('',(0.91,-5.E-02,8.165));
#176 = VECTOR('',#177,1.);
#177 = DIRECTION('',(0.,-6.64362182289E-17,-1.));
#178 = ORIENTED_EDGE('',*,*,#179,.T.);
#179 = EDGE_CURVE('',#172,#154,#180,.T.);
#180 = LINE('',#181,#182);
#181 = CARTESIAN_POINT('',(0.91,-5.E-02,8.165));
#182 = VECTOR('',#183,1.);
#183 = DIRECTION('',(0.,-1.,0.));
#184 = PLANE('',#185);
#185 = AXIS2_PLACEMENT_3D('',#186,#187,#188);
#186 = CARTESIAN_POINT('',(0.91,-5.E-02,8.165));
#187 = DIRECTION('',(-1.,0.,0.));
#188 = DIRECTION('',(0.,0.,1.));
#189 = ADVANCED_FACE('',(#190),#215,.F.);
#190 = FACE_BOUND('',#191,.T.);
#191 = EDGE_LOOP('',(#192,#200,#201,#209));
#192 = ORIENTED_EDGE('',*,*,#193,.T.);
#193 = EDGE_CURVE('',#194,#154,#196,.T.);
#194 = VERTEX_POINT('',#195);
#195 = CARTESIAN_POINT('',(-0.91,-0.87,8.165));
#196 = LINE('',#197,#198);
#197 = CARTESIAN_POINT('',(-0.91,-0.87,8.165));
#198 = VECTOR('',#199,1.);
#199 = DIRECTION('',(1.,0.,0.));
#200 = ORIENTED_EDGE('',*,*,#179,.F.);
#201 = ORIENTED_EDGE('',*,*,#202,.F.);
#202 = EDGE_CURVE('',#203,#172,#205,.T.);
#203 = VERTEX_POINT('',#204);
#204 = CARTESIAN_POINT('',(-0.91,-5.E-02,8.165));
#205 = LINE('',#206,#207);
#206 = CARTESIAN_POINT('',(-0.91,-5.E-02,8.165));
#207 = VECTOR('',#208,1.);
#208 = DIRECTION('',(1.,3.812579068081E-17,0.));
#209 = ORIENTED_EDGE('',*,*,#210,.T.);
#210 = EDGE_CURVE('',#203,#194,#211,.T.);
#211 = LINE('',#212,#213);
#212 = CARTESIAN_POINT('',(-0.91,-5.E-02,8.165));
#213 = VECTOR('',#214,1.);
#214 = DIRECTION('',(0.,-1.,0.));
#215 = PLANE('',#216);
#216 = AXIS2_PLACEMENT_3D('',#217,#218,#219);
#217 = CARTESIAN_POINT('',(-0.91,-5.E-02,8.165));
#218 = DIRECTION('',(0.,0.,-1.));
#219 = DIRECTION('',(-1.,0.,0.));
#220 = ADVANCED_FACE('',(#221),#246,.F.);
#221 = FACE_BOUND('',#222,.T.);
#222 = EDGE_LOOP('',(#223,#231,#232,#240));
#223 = ORIENTED_EDGE('',*,*,#224,.T.);
#224 = EDGE_CURVE('',#225,#194,#227,.T.);
#225 = VERTEX_POINT('',#226);
#226 = CARTESIAN_POINT('',(-0.91,-0.87,6.99));
#227 = LINE('',#228,#229);
#228 = CARTESIAN_POINT('',(-0.91,-0.87,6.99));
#229 = VECTOR('',#230,1.);
#230 = DIRECTION('',(0.,-3.543264972208E-16,1.));
#231 = ORIENTED_EDGE('',*,*,#210,.F.);
#232 = ORIENTED_EDGE('',*,*,#233,.F.);
#233 = EDGE_CURVE('',#234,#203,#236,.T.);
#234 = VERTEX_POINT('',#235);
#235 = CARTESIAN_POINT('',(-0.91,-5.E-02,6.99));
#236 = LINE('',#237,#238);
#237 = CARTESIAN_POINT('',(-0.91,-5.E-02,6.99));
#238 = VECTOR('',#239,1.);
#239 = DIRECTION('',(0.,-4.059991113988E-16,1.));
#240 = ORIENTED_EDGE('',*,*,#241,.T.);
#241 = EDGE_CURVE('',#234,#225,#242,.T.);
#242 = LINE('',#243,#244);
#243 = CARTESIAN_POINT('',(-0.91,-5.E-02,6.99));
#244 = VECTOR('',#245,1.);
#245 = DIRECTION('',(0.,-1.,0.));
#246 = PLANE('',#247);
#247 = AXIS2_PLACEMENT_3D('',#248,#249,#250);
#248 = CARTESIAN_POINT('',(-0.91,-5.E-02,6.99));
#249 = DIRECTION('',(1.,0.,0.));
#250 = DIRECTION('',(0.,0.,-1.));
#251 = ADVANCED_FACE('',(#252),#263,.T.);
#252 = FACE_BOUND('',#253,.T.);
#253 = EDGE_LOOP('',(#254,#255,#261,#262));
#254 = ORIENTED_EDGE('',*,*,#224,.F.);
#255 = ORIENTED_EDGE('',*,*,#256,.T.);
#256 = EDGE_CURVE('',#225,#156,#257,.T.);
#257 = LINE('',#258,#259);
#258 = CARTESIAN_POINT('',(-0.91,-0.87,6.99));
#259 = VECTOR('',#260,1.);
#260 = DIRECTION('',(1.,-2.287547440849E-16,0.));
#261 = ORIENTED_EDGE('',*,*,#153,.F.);
#262 = ORIENTED_EDGE('',*,*,#193,.F.);
#263 = PLANE('',#264);
#264 = AXIS2_PLACEMENT_3D('',#265,#266,#267);
#265 = CARTESIAN_POINT('',(0.,-0.87,0.));
#266 = DIRECTION('',(0.,-1.,0.));
#267 = DIRECTION('',(0.,0.,-1.));
#268 = ADVANCED_FACE('',(#269),#303,.F.);
#269 = FACE_BOUND('',#270,.T.);
#270 = EDGE_LOOP('',(#271,#281,#289,#297));
#271 = ORIENTED_EDGE('',*,*,#272,.T.);
#272 = EDGE_CURVE('',#273,#275,#277,.T.);
#273 = VERTEX_POINT('',#274);
#274 = CARTESIAN_POINT('',(-7.82,-0.87,5.82));
#275 = VERTEX_POINT('',#276);
#276 = CARTESIAN_POINT('',(-7.82,-0.87,7.82));
#277 = LINE('',#278,#279);
#278 = CARTESIAN_POINT('',(-7.82,-0.87,5.82));
#279 = VECTOR('',#280,1.);
#280 = DIRECTION('',(0.,1.387778780781E-16,1.));
#281 = ORIENTED_EDGE('',*,*,#282,.F.);
#282 = EDGE_CURVE('',#283,#275,#285,.T.);
#283 = VERTEX_POINT('',#284);
#284 = CARTESIAN_POINT('',(-7.82,-5.E-02,7.82));
#285 = LINE('',#286,#287);
#286 = CARTESIAN_POINT('',(-7.82,-5.E-02,7.82));
#287 = VECTOR('',#288,1.);
#288 = DIRECTION('',(0.,-1.,0.));
#289 = ORIENTED_EDGE('',*,*,#290,.F.);
#290 = EDGE_CURVE('',#291,#283,#293,.T.);
#291 = VERTEX_POINT('',#292);
#292 = CARTESIAN_POINT('',(-7.82,-5.E-02,5.82));
#293 = LINE('',#294,#295);
#294 = CARTESIAN_POINT('',(-7.82,-5.E-02,5.82));
#295 = VECTOR('',#296,1.);
#296 = DIRECTION('',(0.,1.127570259385E-16,1.));
#297 = ORIENTED_EDGE('',*,*,#298,.T.);
#298 = EDGE_CURVE('',#291,#273,#299,.T.);
#299 = LINE('',#300,#301);
#300 = CARTESIAN_POINT('',(-7.82,-5.E-02,5.82));
#301 = VECTOR('',#302,1.);
#302 = DIRECTION('',(0.,-1.,0.));
#303 = PLANE('',#304);
#304 = AXIS2_PLACEMENT_3D('',#305,#306,#307);
#305 = CARTESIAN_POINT('',(-7.82,-5.E-02,5.82));
#306 = DIRECTION('',(1.,0.,0.));
#307 = DIRECTION('',(0.,0.,-1.));
#308 = ADVANCED_FACE('',(#309),#334,.F.);
#309 = FACE_BOUND('',#310,.T.);
#310 = EDGE_LOOP('',(#311,#319,#327,#333));
#311 = ORIENTED_EDGE('',*,*,#312,.T.);
#312 = EDGE_CURVE('',#275,#313,#315,.T.);
#313 = VERTEX_POINT('',#314);
#314 = CARTESIAN_POINT('',(-2.82,-0.87,7.82));
#315 = LINE('',#316,#317);
#316 = CARTESIAN_POINT('',(-7.82,-0.87,7.82));
#317 = VECTOR('',#318,1.);
#318 = DIRECTION('',(1.,-1.387778780781E-16,0.));
#319 = ORIENTED_EDGE('',*,*,#320,.F.);
#320 = EDGE_CURVE('',#321,#313,#323,.T.);
#321 = VERTEX_POINT('',#322);
#322 = CARTESIAN_POINT('',(-2.82,-5.E-02,7.82));
#323 = LINE('',#324,#325);
#324 = CARTESIAN_POINT('',(-2.82,-5.E-02,7.82));
#325 = VECTOR('',#326,1.);
#326 = DIRECTION('',(0.,-1.,0.));
#327 = ORIENTED_EDGE('',*,*,#328,.F.);
#328 = EDGE_CURVE('',#283,#321,#329,.T.);
#329 = LINE('',#330,#331);
#330 = CARTESIAN_POINT('',(-7.82,-5.E-02,7.82));
#331 = VECTOR('',#332,1.);
#332 = DIRECTION('',(1.,-1.231653667944E-16,0.));
#333 = ORIENTED_EDGE('',*,*,#282,.T.);
#334 = PLANE('',#335);
#335 = AXIS2_PLACEMENT_3D('',#336,#337,#338);
#336 = CARTESIAN_POINT('',(-7.82,-5.E-02,7.82));
#337 = DIRECTION('',(0.,0.,-1.));
#338 = DIRECTION('',(-1.,0.,0.));
#339 = ADVANCED_FACE('',(#340),#365,.F.);
#340 = FACE_BOUND('',#341,.T.);
#341 = EDGE_LOOP('',(#342,#350,#358,#364));
#342 = ORIENTED_EDGE('',*,*,#343,.T.);
#343 = EDGE_CURVE('',#313,#344,#346,.T.);
#344 = VERTEX_POINT('',#345);
#345 = CARTESIAN_POINT('',(-2.82,-0.87,6.99));
#346 = LINE('',#347,#348);
#347 = CARTESIAN_POINT('',(-2.82,-0.87,7.82));
#348 = VECTOR('',#349,1.);
#349 = DIRECTION('',(0.,8.360113137238E-16,-1.));
#350 = ORIENTED_EDGE('',*,*,#351,.F.);
#351 = EDGE_CURVE('',#352,#344,#354,.T.);
#352 = VERTEX_POINT('',#353);
#353 = CARTESIAN_POINT('',(-2.82,-5.E-02,6.99));
#354 = LINE('',#355,#356);
#355 = CARTESIAN_POINT('',(-2.82,-5.E-02,6.99));
#356 = VECTOR('',#357,1.);
#357 = DIRECTION('',(0.,-1.,0.));
#358 = ORIENTED_EDGE('',*,*,#359,.F.);
#359 = EDGE_CURVE('',#321,#352,#360,.T.);
#360 = LINE('',#361,#362);
#361 = CARTESIAN_POINT('',(-2.82,-5.E-02,7.82));
#362 = VECTOR('',#363,1.);
#363 = DIRECTION('',(0.,9.300625865177E-16,-1.));
#364 = ORIENTED_EDGE('',*,*,#320,.T.);
#365 = PLANE('',#366);
#366 = AXIS2_PLACEMENT_3D('',#367,#368,#369);
#367 = CARTESIAN_POINT('',(-2.82,-5.E-02,7.82));
#368 = DIRECTION('',(-1.,0.,0.));
#369 = DIRECTION('',(0.,0.,1.));
#370 = ADVANCED_FACE('',(#371),#396,.F.);
#371 = FACE_BOUND('',#372,.T.);
#372 = EDGE_LOOP('',(#373,#381,#382,#390));
#373 = ORIENTED_EDGE('',*,*,#374,.T.);
#374 = EDGE_CURVE('',#375,#273,#377,.T.);
#375 = VERTEX_POINT('',#376);
#376 = CARTESIAN_POINT('',(-6.99,-0.87,5.82));
#377 = LINE('',#378,#379);
#378 = CARTESIAN_POINT('',(-6.99,-0.87,5.82));
#379 = VECTOR('',#380,1.);
#380 = DIRECTION('',(-1.,0.,0.));
#381 = ORIENTED_EDGE('',*,*,#298,.F.);
#382 = ORIENTED_EDGE('',*,*,#383,.F.);
#383 = EDGE_CURVE('',#384,#291,#386,.T.);
#384 = VERTEX_POINT('',#385);
#385 = CARTESIAN_POINT('',(-6.99,-5.E-02,5.82));
#386 = LINE('',#387,#388);
#387 = CARTESIAN_POINT('',(-6.99,-5.E-02,5.82));
#388 = VECTOR('',#389,1.);
#389 = DIRECTION('',(-1.,0.,0.));
#390 = ORIENTED_EDGE('',*,*,#391,.T.);
#391 = EDGE_CURVE('',#384,#375,#392,.T.);
#392 = LINE('',#393,#394);
#393 = CARTESIAN_POINT('',(-6.99,-5.E-02,5.82));
#394 = VECTOR('',#395,1.);
#395 = DIRECTION('',(0.,-1.,0.));
#396 = PLANE('',#397);
#397 = AXIS2_PLACEMENT_3D('',#398,#399,#400);
#398 = CARTESIAN_POINT('',(-6.99,-5.E-02,5.82));
#399 = DIRECTION('',(0.,0.,1.));
#400 = DIRECTION('',(1.,0.,-0.));
#401 = ADVANCED_FACE('',(#402),#422,.F.);
#402 = FACE_BOUND('',#403,.T.);
#403 = EDGE_LOOP('',(#404,#405,#413,#419,#420,#421));
#404 = ORIENTED_EDGE('',*,*,#374,.F.);
#405 = ORIENTED_EDGE('',*,*,#406,.F.);
#406 = EDGE_CURVE('',#407,#375,#409,.T.);
#407 = VERTEX_POINT('',#408);
#408 = CARTESIAN_POINT('',(-6.99,-0.87,6.99));
#409 = LINE('',#410,#411);
#410 = CARTESIAN_POINT('',(-6.99,-0.87,6.99));
#411 = VECTOR('',#412,1.);
#412 = DIRECTION('',(0.,1.18613571007E-16,-1.));
#413 = ORIENTED_EDGE('',*,*,#414,.F.);
#414 = EDGE_CURVE('',#344,#407,#415,.T.);
#415 = LINE('',#416,#417);
#416 = CARTESIAN_POINT('',(-2.82,-0.87,6.99));
#417 = VECTOR('',#418,1.);
#418 = DIRECTION('',(-1.,-1.331202667416E-16,-2.662405334833E-16));
#419 = ORIENTED_EDGE('',*,*,#343,.F.);
#420 = ORIENTED_EDGE('',*,*,#312,.F.);
#421 = ORIENTED_EDGE('',*,*,#272,.F.);
#422 = PLANE('',#423);
#423 = AXIS2_PLACEMENT_3D('',#424,#425,#426);
#424 = CARTESIAN_POINT('',(0.,-0.87,0.));
#425 = DIRECTION('',(0.,1.,0.));
#426 = DIRECTION('',(0.,-0.,1.));
#427 = ADVANCED_FACE('',(#428),#462,.T.);
#428 = FACE_BOUND('',#429,.T.);
#429 = EDGE_LOOP('',(#430,#440,#448,#456));
#430 = ORIENTED_EDGE('',*,*,#431,.F.);
#431 = EDGE_CURVE('',#432,#434,#436,.T.);
#432 = VERTEX_POINT('',#433);
#433 = CARTESIAN_POINT('',(-7.82,-0.87,-5.82));
#434 = VERTEX_POINT('',#435);
#435 = CARTESIAN_POINT('',(-7.82,-0.87,-7.82));
#436 = LINE('',#437,#438);
#437 = CARTESIAN_POINT('',(-7.82,-0.87,-5.82));
#438 = VECTOR('',#439,1.);
#439 = DIRECTION('',(0.,1.387778780781E-16,-1.));
#440 = ORIENTED_EDGE('',*,*,#441,.F.);
#441 = EDGE_CURVE('',#442,#432,#444,.T.);
#442 = VERTEX_POINT('',#443);
#443 = CARTESIAN_POINT('',(-7.82,-5.E-02,-5.82));
#444 = LINE('',#445,#446);
#445 = CARTESIAN_POINT('',(-7.82,-5.E-02,-5.82));
#446 = VECTOR('',#447,1.);
#447 = DIRECTION('',(0.,-1.,0.));
#448 = ORIENTED_EDGE('',*,*,#449,.T.);
#449 = EDGE_CURVE('',#442,#450,#452,.T.);
#450 = VERTEX_POINT('',#451);
#451 = CARTESIAN_POINT('',(-7.82,-5.E-02,-7.82));
#452 = LINE('',#453,#454);
#453 = CARTESIAN_POINT('',(-7.82,-5.E-02,-5.82));
#454 = VECTOR('',#455,1.);
#455 = DIRECTION('',(0.,1.127570259385E-16,-1.));
#456 = ORIENTED_EDGE('',*,*,#457,.T.);
#457 = EDGE_CURVE('',#450,#434,#458,.T.);
#458 = LINE('',#459,#460);
#459 = CARTESIAN_POINT('',(-7.82,-5.E-02,-7.82));
#460 = VECTOR('',#461,1.);
#461 = DIRECTION('',(0.,-1.,0.));
#462 = PLANE('',#463);
#463 = AXIS2_PLACEMENT_3D('',#464,#465,#466);
#464 = CARTESIAN_POINT('',(-7.82,-5.E-02,-5.82));
#465 = DIRECTION('',(-1.,0.,0.));
#466 = DIRECTION('',(0.,0.,1.));
#467 = ADVANCED_FACE('',(#468),#493,.T.);
#468 = FACE_BOUND('',#469,.T.);
#469 = EDGE_LOOP('',(#470,#478,#479,#487));
#470 = ORIENTED_EDGE('',*,*,#471,.F.);
#471 = EDGE_CURVE('',#434,#472,#474,.T.);
#472 = VERTEX_POINT('',#473);
#473 = CARTESIAN_POINT('',(-2.82,-0.87,-7.82));
#474 = LINE('',#475,#476);
#475 = CARTESIAN_POINT('',(-7.82,-0.87,-7.82));
#476 = VECTOR('',#477,1.);
#477 = DIRECTION('',(1.,-1.387778780781E-16,0.));
#478 = ORIENTED_EDGE('',*,*,#457,.F.);
#479 = ORIENTED_EDGE('',*,*,#480,.T.);
#480 = EDGE_CURVE('',#450,#481,#483,.T.);
#481 = VERTEX_POINT('',#482);
#482 = CARTESIAN_POINT('',(-2.82,-5.E-02,-7.82));
#483 = LINE('',#484,#485);
#484 = CARTESIAN_POINT('',(-7.82,-5.E-02,-7.82));
#485 = VECTOR('',#486,1.);
#486 = DIRECTION('',(1.,-1.231653667944E-16,0.));
#487 = ORIENTED_EDGE('',*,*,#488,.T.);
#488 = EDGE_CURVE('',#481,#472,#489,.T.);
#489 = LINE('',#490,#491);
#490 = CARTESIAN_POINT('',(-2.82,-5.E-02,-7.82));
#491 = VECTOR('',#492,1.);
#492 = DIRECTION('',(0.,-1.,0.));
#493 = PLANE('',#494);
#494 = AXIS2_PLACEMENT_3D('',#495,#496,#497);
#495 = CARTESIAN_POINT('',(-7.82,-5.E-02,-7.82));
#496 = DIRECTION('',(0.,0.,-1.));
#497 = DIRECTION('',(-1.,0.,0.));
#498 = ADVANCED_FACE('',(#499),#524,.T.);
#499 = FACE_BOUND('',#500,.T.);
#500 = EDGE_LOOP('',(#501,#509,#510,#518));
#501 = ORIENTED_EDGE('',*,*,#502,.F.);
#502 = EDGE_CURVE('',#472,#503,#505,.T.);
#503 = VERTEX_POINT('',#504);
#504 = CARTESIAN_POINT('',(-2.82,-0.87,-6.99));
#505 = LINE('',#506,#507);
#506 = CARTESIAN_POINT('',(-2.82,-0.87,-7.82));
#507 = VECTOR('',#508,1.);
#508 = DIRECTION('',(0.,8.360113137238E-16,1.));
#509 = ORIENTED_EDGE('',*,*,#488,.F.);
#510 = ORIENTED_EDGE('',*,*,#511,.T.);
#511 = EDGE_CURVE('',#481,#512,#514,.T.);
#512 = VERTEX_POINT('',#513);
#513 = CARTESIAN_POINT('',(-2.82,-5.E-02,-6.99));
#514 = LINE('',#515,#516);
#515 = CARTESIAN_POINT('',(-2.82,-5.E-02,-7.82));
#516 = VECTOR('',#517,1.);
#517 = DIRECTION('',(0.,9.300625865177E-16,1.));
#518 = ORIENTED_EDGE('',*,*,#519,.T.);
#519 = EDGE_CURVE('',#512,#503,#520,.T.);
#520 = LINE('',#521,#522);
#521 = CARTESIAN_POINT('',(-2.82,-5.E-02,-6.99));
#522 = VECTOR('',#523,1.);
#523 = DIRECTION('',(0.,-1.,0.));
#524 = PLANE('',#525);
#525 = AXIS2_PLACEMENT_3D('',#526,#527,#528);
#526 = CARTESIAN_POINT('',(-2.82,-5.E-02,-7.82));
#527 = DIRECTION('',(1.,0.,0.));
#528 = DIRECTION('',(0.,0.,-1.));
#529 = ADVANCED_FACE('',(#530),#555,.T.);
#530 = FACE_BOUND('',#531,.T.);
#531 = EDGE_LOOP('',(#532,#540,#548,#554));
#532 = ORIENTED_EDGE('',*,*,#533,.F.);
#533 = EDGE_CURVE('',#534,#432,#536,.T.);
#534 = VERTEX_POINT('',#535);
#535 = CARTESIAN_POINT('',(-6.99,-0.87,-5.82));
#536 = LINE('',#537,#538);
#537 = CARTESIAN_POINT('',(-6.99,-0.87,-5.82));
#538 = VECTOR('',#539,1.);
#539 = DIRECTION('',(-1.,0.,0.));
#540 = ORIENTED_EDGE('',*,*,#541,.F.);
#541 = EDGE_CURVE('',#542,#534,#544,.T.);
#542 = VERTEX_POINT('',#543);
#543 = CARTESIAN_POINT('',(-6.99,-5.E-02,-5.82));
#544 = LINE('',#545,#546);
#545 = CARTESIAN_POINT('',(-6.99,-5.E-02,-5.82));
#546 = VECTOR('',#547,1.);
#547 = DIRECTION('',(0.,-1.,0.));
#548 = ORIENTED_EDGE('',*,*,#549,.T.);
#549 = EDGE_CURVE('',#542,#442,#550,.T.);
#550 = LINE('',#551,#552);
#551 = CARTESIAN_POINT('',(-6.99,-5.E-02,-5.82));
#552 = VECTOR('',#553,1.);
#553 = DIRECTION('',(-1.,0.,0.));
#554 = ORIENTED_EDGE('',*,*,#441,.T.);
#555 = PLANE('',#556);
#556 = AXIS2_PLACEMENT_3D('',#557,#558,#559);
#557 = CARTESIAN_POINT('',(-6.99,-5.E-02,-5.82));
#558 = DIRECTION('',(0.,0.,1.));
#559 = DIRECTION('',(1.,0.,-0.));
#560 = ADVANCED_FACE('',(#561),#581,.F.);
#561 = FACE_BOUND('',#562,.T.);
#562 = EDGE_LOOP('',(#563,#564,#565,#566,#574,#580));
#563 = ORIENTED_EDGE('',*,*,#431,.T.);
#564 = ORIENTED_EDGE('',*,*,#471,.T.);
#565 = ORIENTED_EDGE('',*,*,#502,.T.);
#566 = ORIENTED_EDGE('',*,*,#567,.T.);
#567 = EDGE_CURVE('',#503,#568,#570,.T.);
#568 = VERTEX_POINT('',#569);
#569 = CARTESIAN_POINT('',(-6.99,-0.87,-6.99));
#570 = LINE('',#571,#572);
#571 = CARTESIAN_POINT('',(-2.82,-0.87,-6.99));
#572 = VECTOR('',#573,1.);
#573 = DIRECTION('',(-1.,-1.331202667416E-16,2.662405334833E-16));
#574 = ORIENTED_EDGE('',*,*,#575,.T.);
#575 = EDGE_CURVE('',#568,#534,#576,.T.);
#576 = LINE('',#577,#578);
#577 = CARTESIAN_POINT('',(-6.99,-0.87,-6.99));
#578 = VECTOR('',#579,1.);
#579 = DIRECTION('',(0.,1.18613571007E-16,1.));
#580 = ORIENTED_EDGE('',*,*,#533,.T.);
#581 = PLANE('',#582);
#582 = AXIS2_PLACEMENT_3D('',#583,#584,#585);
#583 = CARTESIAN_POINT('',(0.,-0.87,0.));
#584 = DIRECTION('',(0.,1.,0.));
#585 = DIRECTION('',(0.,-0.,1.));
#586 = ADVANCED_FACE('',(#587),#621,.T.);
#587 = FACE_BOUND('',#588,.T.);
#588 = EDGE_LOOP('',(#589,#599,#607,#615));
#589 = ORIENTED_EDGE('',*,*,#590,.F.);
#590 = EDGE_CURVE('',#591,#593,#595,.T.);
#591 = VERTEX_POINT('',#592);
#592 = CARTESIAN_POINT('',(0.91,-0.87,-8.165));
#593 = VERTEX_POINT('',#594);
#594 = CARTESIAN_POINT('',(0.91,-0.87,-6.99));
#595 = LINE('',#596,#597);
#596 = CARTESIAN_POINT('',(0.91,-0.87,-8.165));
#597 = VECTOR('',#598,1.);
#598 = DIRECTION('',(0.,-1.181088324069E-16,1.));
#599 = ORIENTED_EDGE('',*,*,#600,.F.);
#600 = EDGE_CURVE('',#601,#591,#603,.T.);
#601 = VERTEX_POINT('',#602);
#602 = CARTESIAN_POINT('',(0.91,-5.E-02,-8.165));
#603 = LINE('',#604,#605);
#604 = CARTESIAN_POINT('',(0.91,-5.E-02,-8.165));
#605 = VECTOR('',#606,1.);
#606 = DIRECTION('',(0.,-1.,0.));
#607 = ORIENTED_EDGE('',*,*,#608,.T.);
#608 = EDGE_CURVE('',#601,#609,#611,.T.);
#609 = VERTEX_POINT('',#610);
#610 = CARTESIAN_POINT('',(0.91,-5.E-02,-6.99));
#611 = LINE('',#612,#613);
#612 = CARTESIAN_POINT('',(0.91,-5.E-02,-8.165));
#613 = VECTOR('',#614,1.);
#614 = DIRECTION('',(0.,-6.64362182289E-17,1.));
#615 = ORIENTED_EDGE('',*,*,#616,.T.);
#616 = EDGE_CURVE('',#609,#593,#617,.T.);
#617 = LINE('',#618,#619);
#618 = CARTESIAN_POINT('',(0.91,-5.E-02,-6.99));
#619 = VECTOR('',#620,1.);
#620 = DIRECTION('',(0.,-1.,0.));
#621 = PLANE('',#622);
#622 = AXIS2_PLACEMENT_3D('',#623,#624,#625);
#623 = CARTESIAN_POINT('',(0.91,-5.E-02,-8.165));
#624 = DIRECTION('',(1.,0.,0.));
#625 = DIRECTION('',(0.,0.,-1.));
#626 = ADVANCED_FACE('',(#627),#652,.T.);
#627 = FACE_BOUND('',#628,.T.);
#628 = EDGE_LOOP('',(#629,#637,#645,#651));
#629 = ORIENTED_EDGE('',*,*,#630,.F.);
#630 = EDGE_CURVE('',#631,#591,#633,.T.);
#631 = VERTEX_POINT('',#632);
#632 = CARTESIAN_POINT('',(-0.91,-0.87,-8.165));
#633 = LINE('',#634,#635);
#634 = CARTESIAN_POINT('',(-0.91,-0.87,-8.165));
#635 = VECTOR('',#636,1.);
#636 = DIRECTION('',(1.,0.,0.));
#637 = ORIENTED_EDGE('',*,*,#638,.F.);
#638 = EDGE_CURVE('',#639,#631,#641,.T.);
#639 = VERTEX_POINT('',#640);
#640 = CARTESIAN_POINT('',(-0.91,-5.E-02,-8.165));
#641 = LINE('',#642,#643);
#642 = CARTESIAN_POINT('',(-0.91,-5.E-02,-8.165));
#643 = VECTOR('',#644,1.);
#644 = DIRECTION('',(0.,-1.,0.));
#645 = ORIENTED_EDGE('',*,*,#646,.T.);
#646 = EDGE_CURVE('',#639,#601,#647,.T.);
#647 = LINE('',#648,#649);
#648 = CARTESIAN_POINT('',(-0.91,-5.E-02,-8.165));
#649 = VECTOR('',#650,1.);
#650 = DIRECTION('',(1.,3.812579068081E-17,0.));
#651 = ORIENTED_EDGE('',*,*,#600,.T.);
#652 = PLANE('',#653);
#653 = AXIS2_PLACEMENT_3D('',#654,#655,#656);
#654 = CARTESIAN_POINT('',(-0.91,-5.E-02,-8.165));
#655 = DIRECTION('',(0.,0.,-1.));
#656 = DIRECTION('',(-1.,0.,0.));
#657 = ADVANCED_FACE('',(#658),#683,.T.);
#658 = FACE_BOUND('',#659,.T.);
#659 = EDGE_LOOP('',(#660,#668,#676,#682));
#660 = ORIENTED_EDGE('',*,*,#661,.F.);
#661 = EDGE_CURVE('',#662,#631,#664,.T.);
#662 = VERTEX_POINT('',#663);
#663 = CARTESIAN_POINT('',(-0.91,-0.87,-6.99));
#664 = LINE('',#665,#666);
#665 = CARTESIAN_POINT('',(-0.91,-0.87,-6.99));
#666 = VECTOR('',#667,1.);
#667 = DIRECTION('',(0.,-3.543264972208E-16,-1.));
#668 = ORIENTED_EDGE('',*,*,#669,.F.);
#669 = EDGE_CURVE('',#670,#662,#672,.T.);
#670 = VERTEX_POINT('',#671);
#671 = CARTESIAN_POINT('',(-0.91,-5.E-02,-6.99));
#672 = LINE('',#673,#674);
#673 = CARTESIAN_POINT('',(-0.91,-5.E-02,-6.99));
#674 = VECTOR('',#675,1.);
#675 = DIRECTION('',(0.,-1.,0.));
#676 = ORIENTED_EDGE('',*,*,#677,.T.);
#677 = EDGE_CURVE('',#670,#639,#678,.T.);
#678 = LINE('',#679,#680);
#679 = CARTESIAN_POINT('',(-0.91,-5.E-02,-6.99));
#680 = VECTOR('',#681,1.);
#681 = DIRECTION('',(0.,-4.059991113988E-16,-1.));
#682 = ORIENTED_EDGE('',*,*,#638,.T.);
#683 = PLANE('',#684);
#684 = AXIS2_PLACEMENT_3D('',#685,#686,#687);
#685 = CARTESIAN_POINT('',(-0.91,-5.E-02,-6.99));
#686 = DIRECTION('',(-1.,0.,0.));
#687 = DIRECTION('',(0.,0.,1.));
#688 = ADVANCED_FACE('',(#689),#700,.T.);
#689 = FACE_BOUND('',#690,.T.);
#690 = EDGE_LOOP('',(#691,#697,#698,#699));
#691 = ORIENTED_EDGE('',*,*,#692,.F.);
#692 = EDGE_CURVE('',#662,#593,#693,.T.);
#693 = LINE('',#694,#695);
#694 = CARTESIAN_POINT('',(-0.91,-0.87,-6.99));
#695 = VECTOR('',#696,1.);
#696 = DIRECTION('',(1.,-2.287547440849E-16,0.));
#697 = ORIENTED_EDGE('',*,*,#661,.T.);
#698 = ORIENTED_EDGE('',*,*,#630,.T.);
#699 = ORIENTED_EDGE('',*,*,#590,.T.);
#700 = PLANE('',#701);
#701 = AXIS2_PLACEMENT_3D('',#702,#703,#704);
#702 = CARTESIAN_POINT('',(0.,-0.87,0.));
#703 = DIRECTION('',(0.,-1.,0.));
#704 = DIRECTION('',(0.,0.,-1.));
#705 = ADVANCED_FACE('',(#706),#740,.F.);
#706 = FACE_BOUND('',#707,.T.);
#707 = EDGE_LOOP('',(#708,#718,#726,#734));
#708 = ORIENTED_EDGE('',*,*,#709,.T.);
#709 = EDGE_CURVE('',#710,#712,#714,.T.);
#710 = VERTEX_POINT('',#711);
#711 = CARTESIAN_POINT('',(7.82,-0.87,-5.82));
#712 = VERTEX_POINT('',#713);
#713 = CARTESIAN_POINT('',(7.82,-0.87,-7.82));
#714 = LINE('',#715,#716);
#715 = CARTESIAN_POINT('',(7.82,-0.87,-5.82));
#716 = VECTOR('',#717,1.);
#717 = DIRECTION('',(0.,1.387778780781E-16,-1.));
#718 = ORIENTED_EDGE('',*,*,#719,.F.);
#719 = EDGE_CURVE('',#720,#712,#722,.T.);
#720 = VERTEX_POINT('',#721);
#721 = CARTESIAN_POINT('',(7.82,-5.E-02,-7.82));
#722 = LINE('',#723,#724);
#723 = CARTESIAN_POINT('',(7.82,-5.E-02,-7.82));
#724 = VECTOR('',#725,1.);
#725 = DIRECTION('',(0.,-1.,0.));
#726 = ORIENTED_EDGE('',*,*,#727,.F.);
#727 = EDGE_CURVE('',#728,#720,#730,.T.);
#728 = VERTEX_POINT('',#729);
#729 = CARTESIAN_POINT('',(7.82,-5.E-02,-5.82));
#730 = LINE('',#731,#732);
#731 = CARTESIAN_POINT('',(7.82,-5.E-02,-5.82));
#732 = VECTOR('',#733,1.);
#733 = DIRECTION('',(0.,1.127570259385E-16,-1.));
#734 = ORIENTED_EDGE('',*,*,#735,.T.);
#735 = EDGE_CURVE('',#728,#710,#736,.T.);
#736 = LINE('',#737,#738);
#737 = CARTESIAN_POINT('',(7.82,-5.E-02,-5.82));
#738 = VECTOR('',#739,1.);
#739 = DIRECTION('',(0.,-1.,0.));
#740 = PLANE('',#741);
#741 = AXIS2_PLACEMENT_3D('',#742,#743,#744);
#742 = CARTESIAN_POINT('',(7.82,-5.E-02,-5.82));
#743 = DIRECTION('',(-1.,0.,0.));
#744 = DIRECTION('',(0.,0.,1.));
#745 = ADVANCED_FACE('',(#746),#771,.F.);
#746 = FACE_BOUND('',#747,.T.);
#747 = EDGE_LOOP('',(#748,#756,#764,#770));
#748 = ORIENTED_EDGE('',*,*,#749,.T.);
#749 = EDGE_CURVE('',#712,#750,#752,.T.);
#750 = VERTEX_POINT('',#751);
#751 = CARTESIAN_POINT('',(2.82,-0.87,-7.82));
#752 = LINE('',#753,#754);
#753 = CARTESIAN_POINT('',(7.82,-0.87,-7.82));
#754 = VECTOR('',#755,1.);
#755 = DIRECTION('',(-1.,-1.387778780781E-16,0.));
#756 = ORIENTED_EDGE('',*,*,#757,.F.);
#757 = EDGE_CURVE('',#758,#750,#760,.T.);
#758 = VERTEX_POINT('',#759);
#759 = CARTESIAN_POINT('',(2.82,-5.E-02,-7.82));
#760 = LINE('',#761,#762);
#761 = CARTESIAN_POINT('',(2.82,-5.E-02,-7.82));
#762 = VECTOR('',#763,1.);
#763 = DIRECTION('',(0.,-1.,0.));
#764 = ORIENTED_EDGE('',*,*,#765,.F.);
#765 = EDGE_CURVE('',#720,#758,#766,.T.);
#766 = LINE('',#767,#768);
#767 = CARTESIAN_POINT('',(7.82,-5.E-02,-7.82));
#768 = VECTOR('',#769,1.);
#769 = DIRECTION('',(-1.,-1.231653667944E-16,0.));
#770 = ORIENTED_EDGE('',*,*,#719,.T.);
#771 = PLANE('',#772);
#772 = AXIS2_PLACEMENT_3D('',#773,#774,#775);
#773 = CARTESIAN_POINT('',(7.82,-5.E-02,-7.82));
#774 = DIRECTION('',(0.,0.,1.));
#775 = DIRECTION('',(1.,0.,-0.));
#776 = ADVANCED_FACE('',(#777),#802,.F.);
#777 = FACE_BOUND('',#778,.T.);
#778 = EDGE_LOOP('',(#779,#787,#795,#801));
#779 = ORIENTED_EDGE('',*,*,#780,.T.);
#780 = EDGE_CURVE('',#750,#781,#783,.T.);
#781 = VERTEX_POINT('',#782);
#782 = CARTESIAN_POINT('',(2.82,-0.87,-6.99));
#783 = LINE('',#784,#785);
#784 = CARTESIAN_POINT('',(2.82,-0.87,-7.82));
#785 = VECTOR('',#786,1.);
#786 = DIRECTION('',(0.,8.360113137238E-16,1.));
#787 = ORIENTED_EDGE('',*,*,#788,.F.);
#788 = EDGE_CURVE('',#789,#781,#791,.T.);
#789 = VERTEX_POINT('',#790);
#790 = CARTESIAN_POINT('',(2.82,-5.E-02,-6.99));
#791 = LINE('',#792,#793);
#792 = CARTESIAN_POINT('',(2.82,-5.E-02,-6.99));
#793 = VECTOR('',#794,1.);
#794 = DIRECTION('',(0.,-1.,0.));
#795 = ORIENTED_EDGE('',*,*,#796,.F.);
#796 = EDGE_CURVE('',#758,#789,#797,.T.);
#797 = LINE('',#798,#799);
#798 = CARTESIAN_POINT('',(2.82,-5.E-02,-7.82));
#799 = VECTOR('',#800,1.);
#800 = DIRECTION('',(0.,9.300625865177E-16,1.));
#801 = ORIENTED_EDGE('',*,*,#757,.T.);
#802 = PLANE('',#803);
#803 = AXIS2_PLACEMENT_3D('',#804,#805,#806);
#804 = CARTESIAN_POINT('',(2.82,-5.E-02,-7.82));
#805 = DIRECTION('',(1.,0.,0.));
#806 = DIRECTION('',(0.,0.,-1.));
#807 = ADVANCED_FACE('',(#808),#833,.F.);
#808 = FACE_BOUND('',#809,.T.);
#809 = EDGE_LOOP('',(#810,#818,#819,#827));
#810 = ORIENTED_EDGE('',*,*,#811,.T.);
#811 = EDGE_CURVE('',#812,#710,#814,.T.);
#812 = VERTEX_POINT('',#813);
#813 = CARTESIAN_POINT('',(6.99,-0.87,-5.82));
#814 = LINE('',#815,#816);
#815 = CARTESIAN_POINT('',(6.99,-0.87,-5.82));
#816 = VECTOR('',#817,1.);
#817 = DIRECTION('',(1.,0.,0.));
#818 = ORIENTED_EDGE('',*,*,#735,.F.);
#819 = ORIENTED_EDGE('',*,*,#820,.F.);
#820 = EDGE_CURVE('',#821,#728,#823,.T.);
#821 = VERTEX_POINT('',#822);
#822 = CARTESIAN_POINT('',(6.99,-5.E-02,-5.82));
#823 = LINE('',#824,#825);
#824 = CARTESIAN_POINT('',(6.99,-5.E-02,-5.82));
#825 = VECTOR('',#826,1.);
#826 = DIRECTION('',(1.,0.,0.));
#827 = ORIENTED_EDGE('',*,*,#828,.T.);
#828 = EDGE_CURVE('',#821,#812,#829,.T.);
#829 = LINE('',#830,#831);
#830 = CARTESIAN_POINT('',(6.99,-5.E-02,-5.82));
#831 = VECTOR('',#832,1.);
#832 = DIRECTION('',(0.,-1.,0.));
#833 = PLANE('',#834);
#834 = AXIS2_PLACEMENT_3D('',#835,#836,#837);
#835 = CARTESIAN_POINT('',(6.99,-5.E-02,-5.82));
#836 = DIRECTION('',(0.,0.,-1.));
#837 = DIRECTION('',(-1.,0.,0.));
#838 = ADVANCED_FACE('',(#839),#859,.F.);
#839 = FACE_BOUND('',#840,.T.);
#840 = EDGE_LOOP('',(#841,#842,#850,#856,#857,#858));
#841 = ORIENTED_EDGE('',*,*,#811,.F.);
#842 = ORIENTED_EDGE('',*,*,#843,.F.);
#843 = EDGE_CURVE('',#844,#812,#846,.T.);
#844 = VERTEX_POINT('',#845);
#845 = CARTESIAN_POINT('',(6.99,-0.87,-6.99));
#846 = LINE('',#847,#848);
#847 = CARTESIAN_POINT('',(6.99,-0.87,-6.99));
#848 = VECTOR('',#849,1.);
#849 = DIRECTION('',(0.,1.18613571007E-16,1.));
#850 = ORIENTED_EDGE('',*,*,#851,.F.);
#851 = EDGE_CURVE('',#781,#844,#852,.T.);
#852 = LINE('',#853,#854);
#853 = CARTESIAN_POINT('',(2.82,-0.87,-6.99));
#854 = VECTOR('',#855,1.);
#855 = DIRECTION('',(1.,-1.331202667416E-16,2.662405334833E-16));
#856 = ORIENTED_EDGE('',*,*,#780,.F.);
#857 = ORIENTED_EDGE('',*,*,#749,.F.);
#858 = ORIENTED_EDGE('',*,*,#709,.F.);
#859 = PLANE('',#860);
#860 = AXIS2_PLACEMENT_3D('',#861,#862,#863);
#861 = CARTESIAN_POINT('',(0.,-0.87,0.));
#862 = DIRECTION('',(0.,1.,0.));
#863 = DIRECTION('',(0.,-0.,1.));
#864 = ADVANCED_FACE('',(#865),#899,.T.);
#865 = FACE_BOUND('',#866,.T.);
#866 = EDGE_LOOP('',(#867,#877,#885,#893));
#867 = ORIENTED_EDGE('',*,*,#868,.F.);
#868 = EDGE_CURVE('',#869,#871,#873,.T.);
#869 = VERTEX_POINT('',#870);
#870 = CARTESIAN_POINT('',(7.82,-0.87,5.82));
#871 = VERTEX_POINT('',#872);
#872 = CARTESIAN_POINT('',(7.82,-0.87,7.82));
#873 = LINE('',#874,#875);
#874 = CARTESIAN_POINT('',(7.82,-0.87,5.82));
#875 = VECTOR('',#876,1.);
#876 = DIRECTION('',(0.,1.387778780781E-16,1.));
#877 = ORIENTED_EDGE('',*,*,#878,.F.);
#878 = EDGE_CURVE('',#879,#869,#881,.T.);
#879 = VERTEX_POINT('',#880);
#880 = CARTESIAN_POINT('',(7.82,-5.E-02,5.82));
#881 = LINE('',#882,#883);
#882 = CARTESIAN_POINT('',(7.82,-5.E-02,5.82));
#883 = VECTOR('',#884,1.);
#884 = DIRECTION('',(0.,-1.,0.));
#885 = ORIENTED_EDGE('',*,*,#886,.T.);
#886 = EDGE_CURVE('',#879,#887,#889,.T.);
#887 = VERTEX_POINT('',#888);
#888 = CARTESIAN_POINT('',(7.82,-5.E-02,7.82));
#889 = LINE('',#890,#891);
#890 = CARTESIAN_POINT('',(7.82,-5.E-02,5.82));
#891 = VECTOR('',#892,1.);
#892 = DIRECTION('',(0.,1.127570259385E-16,1.));
#893 = ORIENTED_EDGE('',*,*,#894,.T.);
#894 = EDGE_CURVE('',#887,#871,#895,.T.);
#895 = LINE('',#896,#897);
#896 = CARTESIAN_POINT('',(7.82,-5.E-02,7.82));
#897 = VECTOR('',#898,1.);
#898 = DIRECTION('',(0.,-1.,0.));
#899 = PLANE('',#900);
#900 = AXIS2_PLACEMENT_3D('',#901,#902,#903);
#901 = CARTESIAN_POINT('',(7.82,-5.E-02,5.82));
#902 = DIRECTION('',(1.,0.,0.));
#903 = DIRECTION('',(0.,0.,-1.));
#904 = ADVANCED_FACE('',(#905),#930,.T.);
#905 = FACE_BOUND('',#906,.T.);
#906 = EDGE_LOOP('',(#907,#915,#916,#924));
#907 = ORIENTED_EDGE('',*,*,#908,.F.);
#908 = EDGE_CURVE('',#871,#909,#911,.T.);
#909 = VERTEX_POINT('',#910);
#910 = CARTESIAN_POINT('',(2.82,-0.87,7.82));
#911 = LINE('',#912,#913);
#912 = CARTESIAN_POINT('',(7.82,-0.87,7.82));
#913 = VECTOR('',#914,1.);
#914 = DIRECTION('',(-1.,-1.387778780781E-16,0.));
#915 = ORIENTED_EDGE('',*,*,#894,.F.);
#916 = ORIENTED_EDGE('',*,*,#917,.T.);
#917 = EDGE_CURVE('',#887,#918,#920,.T.);
#918 = VERTEX_POINT('',#919);
#919 = CARTESIAN_POINT('',(2.82,-5.E-02,7.82));
#920 = LINE('',#921,#922);
#921 = CARTESIAN_POINT('',(7.82,-5.E-02,7.82));
#922 = VECTOR('',#923,1.);
#923 = DIRECTION('',(-1.,-1.231653667944E-16,0.));
#924 = ORIENTED_EDGE('',*,*,#925,.T.);
#925 = EDGE_CURVE('',#918,#909,#926,.T.);
#926 = LINE('',#927,#928);
#927 = CARTESIAN_POINT('',(2.82,-5.E-02,7.82));
#928 = VECTOR('',#929,1.);
#929 = DIRECTION('',(0.,-1.,0.));
#930 = PLANE('',#931);
#931 = AXIS2_PLACEMENT_3D('',#932,#933,#934);
#932 = CARTESIAN_POINT('',(7.82,-5.E-02,7.82));
#933 = DIRECTION('',(0.,0.,1.));
#934 = DIRECTION('',(1.,0.,-0.));
#935 = ADVANCED_FACE('',(#936),#961,.T.);
#936 = FACE_BOUND('',#937,.T.);
#937 = EDGE_LOOP('',(#938,#946,#947,#955));
#938 = ORIENTED_EDGE('',*,*,#939,.F.);
#939 = EDGE_CURVE('',#909,#940,#942,.T.);
#940 = VERTEX_POINT('',#941);
#941 = CARTESIAN_POINT('',(2.82,-0.87,6.99));
#942 = LINE('',#943,#944);
#943 = CARTESIAN_POINT('',(2.82,-0.87,7.82));
#944 = VECTOR('',#945,1.);
#945 = DIRECTION('',(0.,8.360113137238E-16,-1.));
#946 = ORIENTED_EDGE('',*,*,#925,.F.);
#947 = ORIENTED_EDGE('',*,*,#948,.T.);
#948 = EDGE_CURVE('',#918,#949,#951,.T.);
#949 = VERTEX_POINT('',#950);
#950 = CARTESIAN_POINT('',(2.82,-5.E-02,6.99));
#951 = LINE('',#952,#953);
#952 = CARTESIAN_POINT('',(2.82,-5.E-02,7.82));
#953 = VECTOR('',#954,1.);
#954 = DIRECTION('',(0.,9.300625865177E-16,-1.));
#955 = ORIENTED_EDGE('',*,*,#956,.T.);
#956 = EDGE_CURVE('',#949,#940,#957,.T.);
#957 = LINE('',#958,#959);
#958 = CARTESIAN_POINT('',(2.82,-5.E-02,6.99));
#959 = VECTOR('',#960,1.);
#960 = DIRECTION('',(0.,-1.,0.));
#961 = PLANE('',#962);
#962 = AXIS2_PLACEMENT_3D('',#963,#964,#965);
#963 = CARTESIAN_POINT('',(2.82,-5.E-02,7.82));
#964 = DIRECTION('',(-1.,0.,0.));
#965 = DIRECTION('',(0.,0.,1.));
#966 = ADVANCED_FACE('',(#967),#992,.T.);
#967 = FACE_BOUND('',#968,.T.);
#968 = EDGE_LOOP('',(#969,#977,#985,#991));
#969 = ORIENTED_EDGE('',*,*,#970,.F.);
#970 = EDGE_CURVE('',#971,#869,#973,.T.);
#971 = VERTEX_POINT('',#972);
#972 = CARTESIAN_POINT('',(6.99,-0.87,5.82));
#973 = LINE('',#974,#975);
#974 = CARTESIAN_POINT('',(6.99,-0.87,5.82));
#975 = VECTOR('',#976,1.);
#976 = DIRECTION('',(1.,0.,0.));
#977 = ORIENTED_EDGE('',*,*,#978,.F.);
#978 = EDGE_CURVE('',#979,#971,#981,.T.);
#979 = VERTEX_POINT('',#980);
#980 = CARTESIAN_POINT('',(6.99,-5.E-02,5.82));
#981 = LINE('',#982,#983);
#982 = CARTESIAN_POINT('',(6.99,-5.E-02,5.82));
#983 = VECTOR('',#984,1.);
#984 = DIRECTION('',(0.,-1.,0.));
#985 = ORIENTED_EDGE('',*,*,#986,.T.);
#986 = EDGE_CURVE('',#979,#879,#987,.T.);
#987 = LINE('',#988,#989);
#988 = CARTESIAN_POINT('',(6.99,-5.E-02,5.82));
#989 = VECTOR('',#990,1.);
#990 = DIRECTION('',(1.,0.,0.));
#991 = ORIENTED_EDGE('',*,*,#878,.T.);
#992 = PLANE('',#993);
#993 = AXIS2_PLACEMENT_3D('',#994,#995,#996);
#994 = CARTESIAN_POINT('',(6.99,-5.E-02,5.82));
#995 = DIRECTION('',(0.,0.,-1.));
#996 = DIRECTION('',(-1.,0.,0.));
#997 = ADVANCED_FACE('',(#998),#1058,.T.);
#998 = FACE_BOUND('',#999,.T.);
#999 = EDGE_LOOP('',(#1000,#1001,#1002,#1008,#1009,#1010,#1011,#1012,
    #1018,#1019,#1020,#1021,#1027,#1028,#1029,#1030,#1031,#1037,#1038,
    #1039,#1040,#1041,#1047,#1048,#1049,#1050,#1056,#1057));
#1000 = ORIENTED_EDGE('',*,*,#886,.F.);
#1001 = ORIENTED_EDGE('',*,*,#986,.F.);
#1002 = ORIENTED_EDGE('',*,*,#1003,.T.);
#1003 = EDGE_CURVE('',#979,#821,#1004,.T.);
#1004 = LINE('',#1005,#1006);
#1005 = CARTESIAN_POINT('',(6.99,-5.E-02,-3.495));
#1006 = VECTOR('',#1007,1.);
#1007 = DIRECTION('',(-1.861291283237E-16,0.,-1.));
#1008 = ORIENTED_EDGE('',*,*,#820,.T.);
#1009 = ORIENTED_EDGE('',*,*,#727,.T.);
#1010 = ORIENTED_EDGE('',*,*,#765,.T.);
#1011 = ORIENTED_EDGE('',*,*,#796,.T.);
#1012 = ORIENTED_EDGE('',*,*,#1013,.T.);
#1013 = EDGE_CURVE('',#789,#609,#1014,.T.);
#1014 = LINE('',#1015,#1016);
#1015 = CARTESIAN_POINT('',(3.495,-5.E-02,-6.99));
#1016 = VECTOR('',#1017,1.);
#1017 = DIRECTION('',(-1.,0.,1.861291283237E-16));
#1018 = ORIENTED_EDGE('',*,*,#608,.F.);
#1019 = ORIENTED_EDGE('',*,*,#646,.F.);
#1020 = ORIENTED_EDGE('',*,*,#677,.F.);
#1021 = ORIENTED_EDGE('',*,*,#1022,.T.);
#1022 = EDGE_CURVE('',#670,#512,#1023,.T.);
#1023 = LINE('',#1024,#1025);
#1024 = CARTESIAN_POINT('',(3.495,-5.E-02,-6.99));
#1025 = VECTOR('',#1026,1.);
#1026 = DIRECTION('',(-1.,0.,1.861291283237E-16));
#1027 = ORIENTED_EDGE('',*,*,#511,.F.);
#1028 = ORIENTED_EDGE('',*,*,#480,.F.);
#1029 = ORIENTED_EDGE('',*,*,#449,.F.);
#1030 = ORIENTED_EDGE('',*,*,#549,.F.);
#1031 = ORIENTED_EDGE('',*,*,#1032,.T.);
#1032 = EDGE_CURVE('',#542,#384,#1033,.T.);
#1033 = LINE('',#1034,#1035);
#1034 = CARTESIAN_POINT('',(-6.99,-5.E-02,-3.495));
#1035 = VECTOR('',#1036,1.);
#1036 = DIRECTION('',(1.240860855491E-16,0.,1.));
#1037 = ORIENTED_EDGE('',*,*,#383,.T.);
#1038 = ORIENTED_EDGE('',*,*,#290,.T.);
#1039 = ORIENTED_EDGE('',*,*,#328,.T.);
#1040 = ORIENTED_EDGE('',*,*,#359,.T.);
#1041 = ORIENTED_EDGE('',*,*,#1042,.T.);
#1042 = EDGE_CURVE('',#352,#234,#1043,.T.);
#1043 = LINE('',#1044,#1045);
#1044 = CARTESIAN_POINT('',(3.495,-5.E-02,6.99));
#1045 = VECTOR('',#1046,1.);
#1046 = DIRECTION('',(1.,0.,-1.240860855491E-16));
#1047 = ORIENTED_EDGE('',*,*,#233,.T.);
#1048 = ORIENTED_EDGE('',*,*,#202,.T.);
#1049 = ORIENTED_EDGE('',*,*,#171,.T.);
#1050 = ORIENTED_EDGE('',*,*,#1051,.T.);
#1051 = EDGE_CURVE('',#164,#949,#1052,.T.);
#1052 = LINE('',#1053,#1054);
#1053 = CARTESIAN_POINT('',(3.495,-5.E-02,6.99));
#1054 = VECTOR('',#1055,1.);
#1055 = DIRECTION('',(1.,0.,-1.240860855491E-16));
#1056 = ORIENTED_EDGE('',*,*,#948,.F.);
#1057 = ORIENTED_EDGE('',*,*,#917,.F.);
#1058 = PLANE('',#1059);
#1059 = AXIS2_PLACEMENT_3D('',#1060,#1061,#1062);
#1060 = CARTESIAN_POINT('',(0.,-5.E-02,0.));
#1061 = DIRECTION('',(0.,1.,0.));
#1062 = DIRECTION('',(0.,-0.,1.));
#1063 = ADVANCED_FACE('',(#1064),#1084,.F.);
#1064 = FACE_BOUND('',#1065,.T.);
#1065 = EDGE_LOOP('',(#1066,#1067,#1068,#1069,#1077,#1083));
#1066 = ORIENTED_EDGE('',*,*,#868,.T.);
#1067 = ORIENTED_EDGE('',*,*,#908,.T.);
#1068 = ORIENTED_EDGE('',*,*,#939,.T.);
#1069 = ORIENTED_EDGE('',*,*,#1070,.T.);
#1070 = EDGE_CURVE('',#940,#1071,#1073,.T.);
#1071 = VERTEX_POINT('',#1072);
#1072 = CARTESIAN_POINT('',(6.99,-0.87,6.99));
#1073 = LINE('',#1074,#1075);
#1074 = CARTESIAN_POINT('',(2.82,-0.87,6.99));
#1075 = VECTOR('',#1076,1.);
#1076 = DIRECTION('',(1.,-1.331202667416E-16,-2.662405334833E-16));
#1077 = ORIENTED_EDGE('',*,*,#1078,.T.);
#1078 = EDGE_CURVE('',#1071,#971,#1079,.T.);
#1079 = LINE('',#1080,#1081);
#1080 = CARTESIAN_POINT('',(6.99,-0.87,6.99));
#1081 = VECTOR('',#1082,1.);
#1082 = DIRECTION('',(0.,1.18613571007E-16,-1.));
#1083 = ORIENTED_EDGE('',*,*,#970,.T.);
#1084 = PLANE('',#1085);
#1085 = AXIS2_PLACEMENT_3D('',#1086,#1087,#1088);
#1086 = CARTESIAN_POINT('',(0.,-0.87,0.));
#1087 = DIRECTION('',(0.,1.,0.));
#1088 = DIRECTION('',(0.,-0.,1.));
#1089 = ADVANCED_FACE('',(#1090),#1115,.T.);
#1090 = FACE_BOUND('',#1091,.T.);
#1091 = EDGE_LOOP('',(#1092,#1100,#1101,#1109));
#1092 = ORIENTED_EDGE('',*,*,#1093,.T.);
#1093 = EDGE_CURVE('',#1094,#124,#1096,.T.);
#1094 = VERTEX_POINT('',#1095);
#1095 = CARTESIAN_POINT('',(-6.99,-2.3,-6.99));
#1096 = LINE('',#1097,#1098);
#1097 = CARTESIAN_POINT('',(-6.99,-2.3,-6.99));
#1098 = VECTOR('',#1099,1.);
#1099 = DIRECTION('',(0.184353245409,-0.981235015887,5.649534939957E-02)
  );
#1100 = ORIENTED_EDGE('',*,*,#123,.T.);
#1101 = ORIENTED_EDGE('',*,*,#1102,.F.);
#1102 = EDGE_CURVE('',#1103,#114,#1105,.T.);
#1103 = VERTEX_POINT('',#1104);
#1104 = CARTESIAN_POINT('',(-6.99,-2.3,6.99));
#1105 = LINE('',#1106,#1107);
#1106 = CARTESIAN_POINT('',(-6.99,-2.3,6.99));
#1107 = VECTOR('',#1108,1.);
#1108 = DIRECTION('',(0.184353245409,-0.981235015887,-5.649534939957E-02
    ));
#1109 = ORIENTED_EDGE('',*,*,#1110,.F.);
#1110 = EDGE_CURVE('',#1094,#1103,#1111,.T.);
#1111 = LINE('',#1112,#1113);
#1112 = CARTESIAN_POINT('',(-6.99,-2.3,-6.99));
#1113 = VECTOR('',#1114,1.);
#1114 = DIRECTION('',(7.941509475144E-17,-5.956132106358E-17,1.));
#1115 = PLANE('',#1116);
#1116 = AXIS2_PLACEMENT_3D('',#1117,#1118,#1119);
#1117 = CARTESIAN_POINT('',(-7.169064429149,-1.346915135173,0.));
#1118 = DIRECTION('',(-0.982804690287,-0.184648153933,0.));
#1119 = DIRECTION('',(0.,0.,1.));
#1120 = ADVANCED_FACE('',(#1121),#1139,.T.);
#1121 = FACE_BOUND('',#1122,.T.);
#1122 = EDGE_LOOP('',(#1123,#1124,#1125,#1133));
#1123 = ORIENTED_EDGE('',*,*,#1102,.T.);
#1124 = ORIENTED_EDGE('',*,*,#113,.T.);
#1125 = ORIENTED_EDGE('',*,*,#1126,.F.);
#1126 = EDGE_CURVE('',#1127,#116,#1129,.T.);
#1127 = VERTEX_POINT('',#1128);
#1128 = CARTESIAN_POINT('',(6.99,-2.3,6.99));
#1129 = LINE('',#1130,#1131);
#1130 = CARTESIAN_POINT('',(6.99,-2.3,6.99));
#1131 = VECTOR('',#1132,1.);
#1132 = DIRECTION('',(-0.184353245409,-0.981235015887,
    -5.649534939957E-02));
#1133 = ORIENTED_EDGE('',*,*,#1134,.F.);
#1134 = EDGE_CURVE('',#1103,#1127,#1135,.T.);
#1135 = LINE('',#1136,#1137);
#1136 = CARTESIAN_POINT('',(-6.99,-2.3,6.99));
#1137 = VECTOR('',#1138,1.);
#1138 = DIRECTION('',(1.,-5.956132106358E-17,4.764905685087E-16));
#1139 = PLANE('',#1140);
#1140 = AXIS2_PLACEMENT_3D('',#1141,#1142,#1143);
#1141 = CARTESIAN_POINT('',(4.833051016331E-16,-0.408724064396,
    7.098891644777));
#1142 = DIRECTION('',(6.796920441867E-17,-5.748056329203E-02,
    0.998346625598));
#1143 = DIRECTION('',(1.,1.54074395551E-33,-6.808176907287E-17));
#1144 = ADVANCED_FACE('',(#1145),#1163,.T.);
#1145 = FACE_BOUND('',#1146,.T.);
#1146 = EDGE_LOOP('',(#1147,#1155,#1156,#1157));
#1147 = ORIENTED_EDGE('',*,*,#1148,.T.);
#1148 = EDGE_CURVE('',#1149,#132,#1151,.T.);
#1149 = VERTEX_POINT('',#1150);
#1150 = CARTESIAN_POINT('',(6.99,-2.3,-6.99));
#1151 = LINE('',#1152,#1153);
#1152 = CARTESIAN_POINT('',(6.99,-2.3,-6.99));
#1153 = VECTOR('',#1154,1.);
#1154 = DIRECTION('',(-0.184353245409,-0.981235015887,5.649534939957E-02
    ));
#1155 = ORIENTED_EDGE('',*,*,#131,.T.);
#1156 = ORIENTED_EDGE('',*,*,#1093,.F.);
#1157 = ORIENTED_EDGE('',*,*,#1158,.F.);
#1158 = EDGE_CURVE('',#1149,#1094,#1159,.T.);
#1159 = LINE('',#1160,#1161);
#1160 = CARTESIAN_POINT('',(6.99,-2.3,-6.99));
#1161 = VECTOR('',#1162,1.);
#1162 = DIRECTION('',(-1.,5.956132106358E-17,-3.970754737572E-16));
#1163 = PLANE('',#1164);
#1164 = AXIS2_PLACEMENT_3D('',#1165,#1166,#1167);
#1165 = CARTESIAN_POINT('',(-9.666102032661E-16,-0.408724064396,
    -7.098891644777));
#1166 = DIRECTION('',(-1.359384088373E-16,-5.748056329203E-02,
    -0.998346625598));
#1167 = DIRECTION('',(-1.,-6.162975822039E-33,1.361635381457E-16));
#1168 = ADVANCED_FACE('',(#1169),#1180,.T.);
#1169 = FACE_BOUND('',#1170,.T.);
#1170 = EDGE_LOOP('',(#1171,#1172,#1173,#1174));
#1171 = ORIENTED_EDGE('',*,*,#1126,.T.);
#1172 = ORIENTED_EDGE('',*,*,#139,.T.);
#1173 = ORIENTED_EDGE('',*,*,#1148,.F.);
#1174 = ORIENTED_EDGE('',*,*,#1175,.F.);
#1175 = EDGE_CURVE('',#1127,#1149,#1176,.T.);
#1176 = LINE('',#1177,#1178);
#1177 = CARTESIAN_POINT('',(6.99,-2.3,6.99));
#1178 = VECTOR('',#1179,1.);
#1179 = DIRECTION('',(-1.588301895029E-16,5.956132106358E-17,-1.));
#1180 = PLANE('',#1181);
#1181 = AXIS2_PLACEMENT_3D('',#1182,#1183,#1184);
#1182 = CARTESIAN_POINT('',(7.169064429149,-1.346915135173,0.));
#1183 = DIRECTION('',(0.982804690287,-0.184648153933,0.));
#1184 = DIRECTION('',(0.,0.,-1.));
#1185 = ADVANCED_FACE('',(#1186),#1206,.F.);
#1186 = FACE_BOUND('',#1187,.T.);
#1187 = EDGE_LOOP('',(#1188,#1189,#1190,#1191,#1197,#1198,#1204,#1205));
#1188 = ORIENTED_EDGE('',*,*,#1003,.F.);
#1189 = ORIENTED_EDGE('',*,*,#978,.T.);
#1190 = ORIENTED_EDGE('',*,*,#1078,.F.);
#1191 = ORIENTED_EDGE('',*,*,#1192,.T.);
#1192 = EDGE_CURVE('',#1071,#1127,#1193,.T.);
#1193 = LINE('',#1194,#1195);
#1194 = CARTESIAN_POINT('',(6.99,-0.87,6.99));
#1195 = VECTOR('',#1196,1.);
#1196 = DIRECTION('',(0.,-1.,0.));
#1197 = ORIENTED_EDGE('',*,*,#1175,.T.);
#1198 = ORIENTED_EDGE('',*,*,#1199,.F.);
#1199 = EDGE_CURVE('',#844,#1149,#1200,.T.);
#1200 = LINE('',#1201,#1202);
#1201 = CARTESIAN_POINT('',(6.99,-0.87,-6.99));
#1202 = VECTOR('',#1203,1.);
#1203 = DIRECTION('',(0.,-1.,0.));
#1204 = ORIENTED_EDGE('',*,*,#843,.T.);
#1205 = ORIENTED_EDGE('',*,*,#828,.F.);
#1206 = PLANE('',#1207);
#1207 = AXIS2_PLACEMENT_3D('',#1208,#1209,#1210);
#1208 = CARTESIAN_POINT('',(6.99,0.,-6.99));
#1209 = DIRECTION('',(-1.,0.,1.861291283237E-16));
#1210 = DIRECTION('',(1.861291283237E-16,0.,1.));
#1211 = ADVANCED_FACE('',(#1212),#1231,.F.);
#1212 = FACE_BOUND('',#1213,.T.);
#1213 = EDGE_LOOP('',(#1214,#1215,#1216,#1217,#1223,#1224,#1225,#1226,
    #1227,#1228,#1229,#1230));
#1214 = ORIENTED_EDGE('',*,*,#1042,.F.);
#1215 = ORIENTED_EDGE('',*,*,#351,.T.);
#1216 = ORIENTED_EDGE('',*,*,#414,.T.);
#1217 = ORIENTED_EDGE('',*,*,#1218,.T.);
#1218 = EDGE_CURVE('',#407,#1103,#1219,.T.);
#1219 = LINE('',#1220,#1221);
#1220 = CARTESIAN_POINT('',(-6.99,-0.87,6.99));
#1221 = VECTOR('',#1222,1.);
#1222 = DIRECTION('',(0.,-1.,0.));
#1223 = ORIENTED_EDGE('',*,*,#1134,.T.);
#1224 = ORIENTED_EDGE('',*,*,#1192,.F.);
#1225 = ORIENTED_EDGE('',*,*,#1070,.F.);
#1226 = ORIENTED_EDGE('',*,*,#956,.F.);
#1227 = ORIENTED_EDGE('',*,*,#1051,.F.);
#1228 = ORIENTED_EDGE('',*,*,#163,.T.);
#1229 = ORIENTED_EDGE('',*,*,#256,.F.);
#1230 = ORIENTED_EDGE('',*,*,#241,.F.);
#1231 = PLANE('',#1232);
#1232 = AXIS2_PLACEMENT_3D('',#1233,#1234,#1235);
#1233 = CARTESIAN_POINT('',(6.99,0.,6.99));
#1234 = DIRECTION('',(-1.240860855491E-16,0.,-1.));
#1235 = DIRECTION('',(-1.,0.,1.240860855491E-16));
#1236 = ADVANCED_FACE('',(#1237),#1256,.F.);
#1237 = FACE_BOUND('',#1238,.T.);
#1238 = EDGE_LOOP('',(#1239,#1240,#1241,#1242,#1243,#1244,#1245,#1246,
    #1247,#1248,#1254,#1255));
#1239 = ORIENTED_EDGE('',*,*,#1022,.F.);
#1240 = ORIENTED_EDGE('',*,*,#669,.T.);
#1241 = ORIENTED_EDGE('',*,*,#692,.T.);
#1242 = ORIENTED_EDGE('',*,*,#616,.F.);
#1243 = ORIENTED_EDGE('',*,*,#1013,.F.);
#1244 = ORIENTED_EDGE('',*,*,#788,.T.);
#1245 = ORIENTED_EDGE('',*,*,#851,.T.);
#1246 = ORIENTED_EDGE('',*,*,#1199,.T.);
#1247 = ORIENTED_EDGE('',*,*,#1158,.T.);
#1248 = ORIENTED_EDGE('',*,*,#1249,.F.);
#1249 = EDGE_CURVE('',#568,#1094,#1250,.T.);
#1250 = LINE('',#1251,#1252);
#1251 = CARTESIAN_POINT('',(-6.99,-0.87,-6.99));
#1252 = VECTOR('',#1253,1.);
#1253 = DIRECTION('',(0.,-1.,0.));
#1254 = ORIENTED_EDGE('',*,*,#567,.F.);
#1255 = ORIENTED_EDGE('',*,*,#519,.F.);
#1256 = PLANE('',#1257);
#1257 = AXIS2_PLACEMENT_3D('',#1258,#1259,#1260);
#1258 = CARTESIAN_POINT('',(6.99,0.,-6.99));
#1259 = DIRECTION('',(1.861291283237E-16,0.,1.));
#1260 = DIRECTION('',(1.,0.,-1.861291283237E-16));
#1261 = ADVANCED_FACE('',(#1262),#1272,.F.);
#1262 = FACE_BOUND('',#1263,.T.);
#1263 = EDGE_LOOP('',(#1264,#1265,#1266,#1267,#1268,#1269,#1270,#1271));
#1264 = ORIENTED_EDGE('',*,*,#1032,.F.);
#1265 = ORIENTED_EDGE('',*,*,#541,.T.);
#1266 = ORIENTED_EDGE('',*,*,#575,.F.);
#1267 = ORIENTED_EDGE('',*,*,#1249,.T.);
#1268 = ORIENTED_EDGE('',*,*,#1110,.T.);
#1269 = ORIENTED_EDGE('',*,*,#1218,.F.);
#1270 = ORIENTED_EDGE('',*,*,#406,.T.);
#1271 = ORIENTED_EDGE('',*,*,#391,.F.);
#1272 = PLANE('',#1273);
#1273 = AXIS2_PLACEMENT_3D('',#1274,#1275,#1276);
#1274 = CARTESIAN_POINT('',(-6.99,0.,-6.99));
#1275 = DIRECTION('',(1.,0.,-1.240860855491E-16));
#1276 = DIRECTION('',(-1.240860855491E-16,0.,-1.));
#1277 = MANIFOLD_SOLID_BREP('',#1278);
#1278 = CLOSED_SHELL('',(#1279,#1296,#1328,#1344));
#1279 = ADVANCED_FACE('',(#1280),#1291,.F.);
#1280 = FACE_BOUND('',#1281,.T.);
#1281 = EDGE_LOOP('',(#1282));
#1282 = ORIENTED_EDGE('',*,*,#1283,.T.);
#1283 = EDGE_CURVE('',#1284,#1284,#1286,.T.);
#1284 = VERTEX_POINT('',#1285);
#1285 = CARTESIAN_POINT('',(5.08,-5.6,0.8));
#1286 = CIRCLE('',#1287,0.8);
#1287 = AXIS2_PLACEMENT_3D('',#1288,#1289,#1290);
#1288 = CARTESIAN_POINT('',(5.08,-5.6,-6.828762922874E-16));
#1289 = DIRECTION('',(0.,1.,0.));
#1290 = DIRECTION('',(0.,-0.,1.));
#1291 = PLANE('',#1292);
#1292 = AXIS2_PLACEMENT_3D('',#1293,#1294,#1295);
#1293 = CARTESIAN_POINT('',(0.13,-5.6,0.));
#1294 = DIRECTION('',(0.,-1.,0.));
#1295 = DIRECTION('',(0.,0.,-1.));
#1296 = ADVANCED_FACE('',(#1297),#1323,.T.);
#1297 = FACE_BOUND('',#1298,.T.);
#1298 = EDGE_LOOP('',(#1299,#1308,#1315,#1322));
#1299 = ORIENTED_EDGE('',*,*,#1300,.T.);
#1300 = EDGE_CURVE('',#1301,#1301,#1303,.T.);
#1301 = VERTEX_POINT('',#1302);
#1302 = CARTESIAN_POINT('',(5.08,-8.55,0.4));
#1303 = CIRCLE('',#1304,0.4);
#1304 = AXIS2_PLACEMENT_3D('',#1305,#1306,#1307);
#1305 = CARTESIAN_POINT('',(5.08,-8.55,-6.828762922874E-16));
#1306 = DIRECTION('',(0.,1.,5.656953280977E-17));
#1307 = DIRECTION('',(0.,-5.656953280977E-17,1.));
#1308 = ORIENTED_EDGE('',*,*,#1309,.T.);
#1309 = EDGE_CURVE('',#1301,#1310,#1312,.T.);
#1310 = VERTEX_POINT('',#1311);
#1311 = CARTESIAN_POINT('',(5.08,-7.857179676972,0.8));
#1312 = B_SPLINE_CURVE_WITH_KNOTS('',1,(#1313,#1314),.UNSPECIFIED.,.F.,
  .F.,(2,2),(-0.8,0.),.PIECEWISE_BEZIER_KNOTS.);
#1313 = CARTESIAN_POINT('',(5.08,-8.55,0.4));
#1314 = CARTESIAN_POINT('',(5.08,-7.857179676972,0.8));
#1315 = ORIENTED_EDGE('',*,*,#1316,.F.);
#1316 = EDGE_CURVE('',#1310,#1310,#1317,.T.);
#1317 = CIRCLE('',#1318,0.8);
#1318 = AXIS2_PLACEMENT_3D('',#1319,#1320,#1321);
#1319 = CARTESIAN_POINT('',(5.08,-7.857179676972,-6.828762922874E-16));
#1320 = DIRECTION('',(0.,1.,0.));
#1321 = DIRECTION('',(0.,-0.,1.));
#1322 = ORIENTED_EDGE('',*,*,#1309,.F.);
#1323 = CONICAL_SURFACE('',#1324,0.8,0.523598775598);
#1324 = AXIS2_PLACEMENT_3D('',#1325,#1326,#1327);
#1325 = CARTESIAN_POINT('',(5.08,-7.857179676972,-6.828762922874E-16));
#1326 = DIRECTION('',(0.,1.,0.));
#1327 = DIRECTION('',(0.,-0.,1.));
#1328 = ADVANCED_FACE('',(#1329),#1339,.T.);
#1329 = FACE_BOUND('',#1330,.T.);
#1330 = EDGE_LOOP('',(#1331,#1332,#1337,#1338));
#1331 = ORIENTED_EDGE('',*,*,#1316,.T.);
#1332 = ORIENTED_EDGE('',*,*,#1333,.F.);
#1333 = EDGE_CURVE('',#1284,#1310,#1334,.T.);
#1334 = B_SPLINE_CURVE_WITH_KNOTS('',1,(#1335,#1336),.UNSPECIFIED.,.F.,
  .F.,(2,2),(-3.996802888651E-14,2.257179676972),
  .PIECEWISE_BEZIER_KNOTS.);
#1335 = CARTESIAN_POINT('',(5.08,-5.6,0.8));
#1336 = CARTESIAN_POINT('',(5.08,-7.857179676972,0.8));
#1337 = ORIENTED_EDGE('',*,*,#1283,.F.);
#1338 = ORIENTED_EDGE('',*,*,#1333,.T.);
#1339 = CYLINDRICAL_SURFACE('',#1340,0.8);
#1340 = AXIS2_PLACEMENT_3D('',#1341,#1342,#1343);
#1341 = CARTESIAN_POINT('',(5.08,-5.6,-6.828762922874E-16));
#1342 = DIRECTION('',(0.,-1.,0.));
#1343 = DIRECTION('',(0.,0.,-1.));
#1344 = ADVANCED_FACE('',(#1345),#1348,.F.);
#1345 = FACE_BOUND('',#1346,.T.);
#1346 = EDGE_LOOP('',(#1347));
#1347 = ORIENTED_EDGE('',*,*,#1300,.F.);
#1348 = PLANE('',#1349);
#1349 = AXIS2_PLACEMENT_3D('',#1350,#1351,#1352);
#1350 = CARTESIAN_POINT('',(5.08,-8.55,-6.828762922874E-16));
#1351 = DIRECTION('',(0.,1.,5.656953280977E-17));
#1352 = DIRECTION('',(0.,-5.656953280977E-17,1.));
#1353 = MANIFOLD_SOLID_BREP('',#1354);
#1354 = CLOSED_SHELL('',(#1355,#1395,#1426,#1450,#1474,#1491));
#1355 = ADVANCED_FACE('',(#1356),#1390,.F.);
#1356 = FACE_BOUND('',#1357,.T.);
#1357 = EDGE_LOOP('',(#1358,#1368,#1376,#1384));
#1358 = ORIENTED_EDGE('',*,*,#1359,.F.);
#1359 = EDGE_CURVE('',#1360,#1362,#1364,.T.);
#1360 = VERTEX_POINT('',#1361);
#1361 = CARTESIAN_POINT('',(-4.21,-8.55,-2.45));
#1362 = VERTEX_POINT('',#1363);
#1363 = CARTESIAN_POINT('',(-3.35,-8.55,-2.45));
#1364 = LINE('',#1365,#1366);
#1365 = CARTESIAN_POINT('',(-4.21,-8.55,-2.45));
#1366 = VECTOR('',#1367,1.);
#1367 = DIRECTION('',(1.,-2.805171842547E-31,-2.908625236301E-61));
#1368 = ORIENTED_EDGE('',*,*,#1369,.F.);
#1369 = EDGE_CURVE('',#1370,#1360,#1372,.T.);
#1370 = VERTEX_POINT('',#1371);
#1371 = CARTESIAN_POINT('',(-4.21,-8.55,-2.65));
#1372 = LINE('',#1373,#1374);
#1373 = CARTESIAN_POINT('',(-4.21,-8.55,-2.65));
#1374 = VECTOR('',#1375,1.);
#1375 = DIRECTION('',(1.425122375364E-62,-9.860761315263E-31,1.));
#1376 = ORIENTED_EDGE('',*,*,#1377,.F.);
#1377 = EDGE_CURVE('',#1378,#1370,#1380,.T.);
#1378 = VERTEX_POINT('',#1379);
#1379 = CARTESIAN_POINT('',(-3.35,-8.55,-2.65));
#1380 = LINE('',#1381,#1382);
#1381 = CARTESIAN_POINT('',(-3.35,-8.55,-2.65));
#1382 = VECTOR('',#1383,1.);
#1383 = DIRECTION('',(-1.,2.805171842547E-31,-6.45478502689E-16));
#1384 = ORIENTED_EDGE('',*,*,#1385,.F.);
#1385 = EDGE_CURVE('',#1362,#1378,#1386,.T.);
#1386 = LINE('',#1387,#1388);
#1387 = CARTESIAN_POINT('',(-3.35,-8.55,-2.45));
#1388 = VECTOR('',#1389,1.);
#1389 = DIRECTION('',(-1.425122375364E-62,9.860761315263E-31,-1.));
#1390 = PLANE('',#1391);
#1391 = AXIS2_PLACEMENT_3D('',#1392,#1393,#1394);
#1392 = CARTESIAN_POINT('',(-7.55,-8.55,-5.25));
#1393 = DIRECTION('',(2.805171842547E-31,1.,9.860761315263E-31));
#1394 = DIRECTION('',(1.425122375364E-62,-9.860761315263E-31,1.));
#1395 = ADVANCED_FACE('',(#1396),#1421,.F.);
#1396 = FACE_BOUND('',#1397,.T.);
#1397 = EDGE_LOOP('',(#1398,#1399,#1407,#1415));
#1398 = ORIENTED_EDGE('',*,*,#1377,.T.);
#1399 = ORIENTED_EDGE('',*,*,#1400,.F.);
#1400 = EDGE_CURVE('',#1401,#1370,#1403,.T.);
#1401 = VERTEX_POINT('',#1402);
#1402 = CARTESIAN_POINT('',(-4.21,-5.6,-2.65));
#1403 = LINE('',#1404,#1405);
#1404 = CARTESIAN_POINT('',(-4.21,-5.6,-2.65));
#1405 = VECTOR('',#1406,1.);
#1406 = DIRECTION('',(-2.805171842547E-31,-1.,-9.860761315263E-31));
#1407 = ORIENTED_EDGE('',*,*,#1408,.F.);
#1408 = EDGE_CURVE('',#1409,#1401,#1411,.T.);
#1409 = VERTEX_POINT('',#1410);
#1410 = CARTESIAN_POINT('',(-3.35,-5.6,-2.65));
#1411 = LINE('',#1412,#1413);
#1412 = CARTESIAN_POINT('',(-3.35,-5.6,-2.65));
#1413 = VECTOR('',#1414,1.);
#1414 = DIRECTION('',(-1.,2.805171842547E-31,-6.45478502689E-16));
#1415 = ORIENTED_EDGE('',*,*,#1416,.T.);
#1416 = EDGE_CURVE('',#1409,#1378,#1417,.T.);
#1417 = LINE('',#1418,#1419);
#1418 = CARTESIAN_POINT('',(-3.35,-5.6,-2.65));
#1419 = VECTOR('',#1420,1.);
#1420 = DIRECTION('',(-2.805171842547E-31,-1.,-9.860761315263E-31));
#1421 = PLANE('',#1422);
#1422 = AXIS2_PLACEMENT_3D('',#1423,#1424,#1425);
#1423 = CARTESIAN_POINT('',(-3.35,-5.6,-2.65));
#1424 = DIRECTION('',(-5.042800802258E-16,-9.860761315263E-31,1.));
#1425 = DIRECTION('',(1.,-2.805171842547E-31,5.042800802258E-16));
#1426 = ADVANCED_FACE('',(#1427),#1445,.F.);
#1427 = FACE_BOUND('',#1428,.T.);
#1428 = EDGE_LOOP('',(#1429,#1430,#1431,#1439));
#1429 = ORIENTED_EDGE('',*,*,#1385,.T.);
#1430 = ORIENTED_EDGE('',*,*,#1416,.F.);
#1431 = ORIENTED_EDGE('',*,*,#1432,.F.);
#1432 = EDGE_CURVE('',#1433,#1409,#1435,.T.);
#1433 = VERTEX_POINT('',#1434);
#1434 = CARTESIAN_POINT('',(-3.35,-5.6,-2.45));
#1435 = LINE('',#1436,#1437);
#1436 = CARTESIAN_POINT('',(-3.35,-5.6,-2.45));
#1437 = VECTOR('',#1438,1.);
#1438 = DIRECTION('',(-1.425122375364E-62,9.860761315263E-31,-1.));
#1439 = ORIENTED_EDGE('',*,*,#1440,.T.);
#1440 = EDGE_CURVE('',#1433,#1362,#1441,.T.);
#1441 = LINE('',#1442,#1443);
#1442 = CARTESIAN_POINT('',(-3.35,-5.6,-2.45));
#1443 = VECTOR('',#1444,1.);
#1444 = DIRECTION('',(-2.805171842547E-31,-1.,-9.860761315263E-31));
#1445 = PLANE('',#1446);
#1446 = AXIS2_PLACEMENT_3D('',#1447,#1448,#1449);
#1447 = CARTESIAN_POINT('',(-3.35,-5.6,-2.65));
#1448 = DIRECTION('',(-1.,2.805171842547E-31,2.908625236301E-61));
#1449 = DIRECTION('',(1.425122375364E-62,-9.860761315263E-31,1.));
#1450 = ADVANCED_FACE('',(#1451),#1469,.F.);
#1451 = FACE_BOUND('',#1452,.T.);
#1452 = EDGE_LOOP('',(#1453,#1454,#1455,#1463));
#1453 = ORIENTED_EDGE('',*,*,#1359,.T.);
#1454 = ORIENTED_EDGE('',*,*,#1440,.F.);
#1455 = ORIENTED_EDGE('',*,*,#1456,.F.);
#1456 = EDGE_CURVE('',#1457,#1433,#1459,.T.);
#1457 = VERTEX_POINT('',#1458);
#1458 = CARTESIAN_POINT('',(-4.21,-5.6,-2.45));
#1459 = LINE('',#1460,#1461);
#1460 = CARTESIAN_POINT('',(-4.21,-5.6,-2.45));
#1461 = VECTOR('',#1462,1.);
#1462 = DIRECTION('',(1.,-2.805171842547E-31,-2.908625236301E-61));
#1463 = ORIENTED_EDGE('',*,*,#1464,.T.);
#1464 = EDGE_CURVE('',#1457,#1360,#1465,.T.);
#1465 = LINE('',#1466,#1467);
#1466 = CARTESIAN_POINT('',(-4.21,-5.6,-2.45));
#1467 = VECTOR('',#1468,1.);
#1468 = DIRECTION('',(-2.805171842547E-31,-1.,-9.860761315263E-31));
#1469 = PLANE('',#1470);
#1470 = AXIS2_PLACEMENT_3D('',#1471,#1472,#1473);
#1471 = CARTESIAN_POINT('',(-3.35,-5.6,-2.45));
#1472 = DIRECTION('',(-1.425122375364E-62,9.860761315263E-31,-1.));
#1473 = DIRECTION('',(-1.,2.805171842547E-31,2.908625236301E-61));
#1474 = ADVANCED_FACE('',(#1475),#1486,.F.);
#1475 = FACE_BOUND('',#1476,.T.);
#1476 = EDGE_LOOP('',(#1477,#1478,#1479,#1485));
#1477 = ORIENTED_EDGE('',*,*,#1369,.T.);
#1478 = ORIENTED_EDGE('',*,*,#1464,.F.);
#1479 = ORIENTED_EDGE('',*,*,#1480,.F.);
#1480 = EDGE_CURVE('',#1401,#1457,#1481,.T.);
#1481 = LINE('',#1482,#1483);
#1482 = CARTESIAN_POINT('',(-4.21,-5.6,-2.65));
#1483 = VECTOR('',#1484,1.);
#1484 = DIRECTION('',(1.425122375364E-62,-9.860761315263E-31,1.));
#1485 = ORIENTED_EDGE('',*,*,#1400,.T.);
#1486 = PLANE('',#1487);
#1487 = AXIS2_PLACEMENT_3D('',#1488,#1489,#1490);
#1488 = CARTESIAN_POINT('',(-4.21,-5.6,-2.65));
#1489 = DIRECTION('',(1.,-2.805171842547E-31,-2.908625236301E-61));
#1490 = DIRECTION('',(-1.425122375364E-62,9.860761315263E-31,-1.));
#1491 = ADVANCED_FACE('',(#1492),#1498,.F.);
#1492 = FACE_BOUND('',#1493,.T.);
#1493 = EDGE_LOOP('',(#1494,#1495,#1496,#1497));
#1494 = ORIENTED_EDGE('',*,*,#1480,.T.);
#1495 = ORIENTED_EDGE('',*,*,#1456,.T.);
#1496 = ORIENTED_EDGE('',*,*,#1432,.T.);
#1497 = ORIENTED_EDGE('',*,*,#1408,.T.);
#1498 = PLANE('',#1499);
#1499 = AXIS2_PLACEMENT_3D('',#1500,#1501,#1502);
#1500 = CARTESIAN_POINT('',(-7.55,-5.6,-5.25));
#1501 = DIRECTION('',(-2.805171842547E-31,-1.,-9.860761315263E-31));
#1502 = DIRECTION('',(-1.425122375364E-62,9.860761315263E-31,-1.));
#1503 = MANIFOLD_SOLID_BREP('',#1504);
#1504 = CLOSED_SHELL('',(#1505,#1522,#1554,#1570));
#1505 = ADVANCED_FACE('',(#1506),#1517,.F.);
#1506 = FACE_BOUND('',#1507,.T.);
#1507 = EDGE_LOOP('',(#1508));
#1508 = ORIENTED_EDGE('',*,*,#1509,.T.);
#1509 = EDGE_CURVE('',#1510,#1510,#1512,.T.);
#1510 = VERTEX_POINT('',#1511);
#1511 = CARTESIAN_POINT('',(3.835680304721E-17,-5.6,1.925));
#1512 = CIRCLE('',#1513,1.925);
#1513 = AXIS2_PLACEMENT_3D('',#1514,#1515,#1516);
#1514 = CARTESIAN_POINT('',(3.835680304721E-17,-5.6,3.429011037631E-16)
  );
#1515 = DIRECTION('',(0.,1.,0.));
#1516 = DIRECTION('',(0.,-0.,1.));
#1517 = PLANE('',#1518);
#1518 = AXIS2_PLACEMENT_3D('',#1519,#1520,#1521);
#1519 = CARTESIAN_POINT('',(3.330669073875E-15,-5.6,0.));
#1520 = DIRECTION('',(0.,-1.,0.));
#1521 = DIRECTION('',(0.,0.,-1.));
#1522 = ADVANCED_FACE('',(#1523),#1549,.T.);
#1523 = FACE_BOUND('',#1524,.T.);
#1524 = EDGE_LOOP('',(#1525,#1534,#1541,#1548));
#1525 = ORIENTED_EDGE('',*,*,#1526,.T.);
#1526 = EDGE_CURVE('',#1527,#1527,#1529,.T.);
#1527 = VERTEX_POINT('',#1528);
#1528 = CARTESIAN_POINT('',(3.835680304721E-17,-8.55,1.525));
#1529 = CIRCLE('',#1530,1.525);
#1530 = AXIS2_PLACEMENT_3D('',#1531,#1532,#1533);
#1531 = CARTESIAN_POINT('',(3.835680304721E-17,-8.55,3.429011037631E-16)
  );
#1532 = DIRECTION('',(1.773578488633E-17,1.,5.877849825171E-17));
#1533 = DIRECTION('',(0.,-5.877849825171E-17,1.));
#1534 = ORIENTED_EDGE('',*,*,#1535,.T.);
#1535 = EDGE_CURVE('',#1527,#1536,#1538,.T.);
#1536 = VERTEX_POINT('',#1537);
#1537 = CARTESIAN_POINT('',(3.835680304721E-17,-7.857179676972,1.925));
#1538 = B_SPLINE_CURVE_WITH_KNOTS('',1,(#1539,#1540),.UNSPECIFIED.,.F.,
  .F.,(2,2),(-0.8,0.),.PIECEWISE_BEZIER_KNOTS.);
#1539 = CARTESIAN_POINT('',(3.835680304721E-17,-8.55,1.525));
#1540 = CARTESIAN_POINT('',(3.835680304721E-17,-7.857179676972,1.925));
#1541 = ORIENTED_EDGE('',*,*,#1542,.F.);
#1542 = EDGE_CURVE('',#1536,#1536,#1543,.T.);
#1543 = CIRCLE('',#1544,1.925);
#1544 = AXIS2_PLACEMENT_3D('',#1545,#1546,#1547);
#1545 = CARTESIAN_POINT('',(3.835680304721E-17,-7.857179676972,
    3.429011037631E-16));
#1546 = DIRECTION('',(0.,1.,0.));
#1547 = DIRECTION('',(0.,-0.,1.));
#1548 = ORIENTED_EDGE('',*,*,#1535,.F.);
#1549 = CONICAL_SURFACE('',#1550,1.925,0.523598775598);
#1550 = AXIS2_PLACEMENT_3D('',#1551,#1552,#1553);
#1551 = CARTESIAN_POINT('',(3.835680304721E-17,-7.857179676972,
    3.429011037631E-16));
#1552 = DIRECTION('',(0.,1.,0.));
#1553 = DIRECTION('',(0.,-0.,1.));
#1554 = ADVANCED_FACE('',(#1555),#1565,.T.);
#1555 = FACE_BOUND('',#1556,.T.);
#1556 = EDGE_LOOP('',(#1557,#1558,#1563,#1564));
#1557 = ORIENTED_EDGE('',*,*,#1542,.T.);
#1558 = ORIENTED_EDGE('',*,*,#1559,.F.);
#1559 = EDGE_CURVE('',#1510,#1536,#1560,.T.);
#1560 = B_SPLINE_CURVE_WITH_KNOTS('',1,(#1561,#1562),.UNSPECIFIED.,.F.,
  .F.,(2,2),(-3.996802888651E-14,2.257179676972),
  .PIECEWISE_BEZIER_KNOTS.);
#1561 = CARTESIAN_POINT('',(7.455903295548E-16,-5.6,1.925));
#1562 = CARTESIAN_POINT('',(7.455903295548E-16,-7.857179676972,1.925));
#1563 = ORIENTED_EDGE('',*,*,#1509,.F.);
#1564 = ORIENTED_EDGE('',*,*,#1559,.T.);
#1565 = CYLINDRICAL_SURFACE('',#1566,1.925);
#1566 = AXIS2_PLACEMENT_3D('',#1567,#1568,#1569);
#1567 = CARTESIAN_POINT('',(3.835680304721E-17,-5.6,3.429011037631E-16)
  );
#1568 = DIRECTION('',(0.,-1.,0.));
#1569 = DIRECTION('',(0.,0.,-1.));
#1570 = ADVANCED_FACE('',(#1571),#1574,.F.);
#1571 = FACE_BOUND('',#1572,.T.);
#1572 = EDGE_LOOP('',(#1573));
#1573 = ORIENTED_EDGE('',*,*,#1526,.F.);
#1574 = PLANE('',#1575);
#1575 = AXIS2_PLACEMENT_3D('',#1576,#1577,#1578);
#1576 = CARTESIAN_POINT('',(3.835680304721E-17,-8.55,3.429011037631E-16)
  );
#1577 = DIRECTION('',(1.773578488633E-17,1.,5.877849825171E-17));
#1578 = DIRECTION('',(0.,-5.877849825171E-17,1.));
#1579 = MANIFOLD_SOLID_BREP('',#1580);
#1580 = CLOSED_SHELL('',(#1581,#1598,#1630,#1646));
#1581 = ADVANCED_FACE('',(#1582),#1593,.F.);
#1582 = FACE_BOUND('',#1583,.T.);
#1583 = EDGE_LOOP('',(#1584));
#1584 = ORIENTED_EDGE('',*,*,#1585,.F.);
#1585 = EDGE_CURVE('',#1586,#1586,#1588,.T.);
#1586 = VERTEX_POINT('',#1587);
#1587 = CARTESIAN_POINT('',(-5.08,-8.55,0.4));
#1588 = CIRCLE('',#1589,0.4);
#1589 = AXIS2_PLACEMENT_3D('',#1590,#1591,#1592);
#1590 = CARTESIAN_POINT('',(-5.08,-8.55,-6.828762922874E-16));
#1591 = DIRECTION('',(0.,1.,5.656953280977E-17));
#1592 = DIRECTION('',(0.,-5.656953280977E-17,1.));
#1593 = PLANE('',#1594);
#1594 = AXIS2_PLACEMENT_3D('',#1595,#1596,#1597);
#1595 = CARTESIAN_POINT('',(-5.08,-8.55,-6.828762922874E-16));
#1596 = DIRECTION('',(0.,1.,5.656953280977E-17));
#1597 = DIRECTION('',(0.,-5.656953280977E-17,1.));
#1598 = ADVANCED_FACE('',(#1599),#1625,.T.);
#1599 = FACE_BOUND('',#1600,.T.);
#1600 = EDGE_LOOP('',(#1601,#1610,#1617,#1624));
#1601 = ORIENTED_EDGE('',*,*,#1602,.T.);
#1602 = EDGE_CURVE('',#1603,#1603,#1605,.T.);
#1603 = VERTEX_POINT('',#1604);
#1604 = CARTESIAN_POINT('',(-5.08,-7.857179676972,0.8));
#1605 = CIRCLE('',#1606,0.8);
#1606 = AXIS2_PLACEMENT_3D('',#1607,#1608,#1609);
#1607 = CARTESIAN_POINT('',(-5.08,-7.857179676972,-6.828762922874E-16));
#1608 = DIRECTION('',(0.,1.,0.));
#1609 = DIRECTION('',(0.,-0.,1.));
#1610 = ORIENTED_EDGE('',*,*,#1611,.F.);
#1611 = EDGE_CURVE('',#1612,#1603,#1614,.T.);
#1612 = VERTEX_POINT('',#1613);
#1613 = CARTESIAN_POINT('',(-5.08,-5.6,0.8));
#1614 = B_SPLINE_CURVE_WITH_KNOTS('',1,(#1615,#1616),.UNSPECIFIED.,.F.,
  .F.,(2,2),(-3.996802888651E-14,2.257179676972),
  .PIECEWISE_BEZIER_KNOTS.);
#1615 = CARTESIAN_POINT('',(-5.08,-5.6,0.8));
#1616 = CARTESIAN_POINT('',(-5.08,-7.857179676972,0.8));
#1617 = ORIENTED_EDGE('',*,*,#1618,.F.);
#1618 = EDGE_CURVE('',#1612,#1612,#1619,.T.);
#1619 = CIRCLE('',#1620,0.8);
#1620 = AXIS2_PLACEMENT_3D('',#1621,#1622,#1623);
#1621 = CARTESIAN_POINT('',(-5.08,-5.6,-6.828762922874E-16));
#1622 = DIRECTION('',(0.,1.,0.));
#1623 = DIRECTION('',(0.,-0.,1.));
#1624 = ORIENTED_EDGE('',*,*,#1611,.T.);
#1625 = CYLINDRICAL_SURFACE('',#1626,0.8);
#1626 = AXIS2_PLACEMENT_3D('',#1627,#1628,#1629);
#1627 = CARTESIAN_POINT('',(-5.08,-5.6,-6.828762922874E-16));
#1628 = DIRECTION('',(0.,-1.,0.));
#1629 = DIRECTION('',(0.,0.,-1.));
#1630 = ADVANCED_FACE('',(#1631),#1641,.T.);
#1631 = FACE_BOUND('',#1632,.T.);
#1632 = EDGE_LOOP('',(#1633,#1634,#1639,#1640));
#1633 = ORIENTED_EDGE('',*,*,#1585,.T.);
#1634 = ORIENTED_EDGE('',*,*,#1635,.T.);
#1635 = EDGE_CURVE('',#1586,#1603,#1636,.T.);
#1636 = B_SPLINE_CURVE_WITH_KNOTS('',1,(#1637,#1638),.UNSPECIFIED.,.F.,
  .F.,(2,2),(-0.8,0.),.PIECEWISE_BEZIER_KNOTS.);
#1637 = CARTESIAN_POINT('',(-5.08,-8.55,0.4));
#1638 = CARTESIAN_POINT('',(-5.08,-7.857179676972,0.8));
#1639 = ORIENTED_EDGE('',*,*,#1602,.F.);
#1640 = ORIENTED_EDGE('',*,*,#1635,.F.);
#1641 = CONICAL_SURFACE('',#1642,0.8,0.523598775598);
#1642 = AXIS2_PLACEMENT_3D('',#1643,#1644,#1645);
#1643 = CARTESIAN_POINT('',(-5.08,-7.857179676972,-6.828762922874E-16));
#1644 = DIRECTION('',(0.,1.,0.));
#1645 = DIRECTION('',(0.,-0.,1.));
#1646 = ADVANCED_FACE('',(#1647),#1650,.F.);
#1647 = FACE_BOUND('',#1648,.T.);
#1648 = EDGE_LOOP('',(#1649));
#1649 = ORIENTED_EDGE('',*,*,#1618,.T.);
#1650 = PLANE('',#1651);
#1651 = AXIS2_PLACEMENT_3D('',#1652,#1653,#1654);
#1652 = CARTESIAN_POINT('',(-0.13,-5.6,0.));
#1653 = DIRECTION('',(0.,-1.,0.));
#1654 = DIRECTION('',(0.,0.,-1.));
#1655 = MANIFOLD_SOLID_BREP('',#1656);
#1656 = CLOSED_SHELL('',(#1657,#1697,#1728,#1752,#1776,#1793));
#1657 = ADVANCED_FACE('',(#1658),#1692,.F.);
#1658 = FACE_BOUND('',#1659,.T.);
#1659 = EDGE_LOOP('',(#1660,#1670,#1678,#1686));
#1660 = ORIENTED_EDGE('',*,*,#1661,.T.);
#1661 = EDGE_CURVE('',#1662,#1664,#1666,.T.);
#1662 = VERTEX_POINT('',#1663);
#1663 = CARTESIAN_POINT('',(2.09,-5.6,-5.2));
#1664 = VERTEX_POINT('',#1665);
#1665 = CARTESIAN_POINT('',(2.09,-5.6,-5.));
#1666 = LINE('',#1667,#1668);
#1667 = CARTESIAN_POINT('',(2.09,-5.6,-5.2));
#1668 = VECTOR('',#1669,1.);
#1669 = DIRECTION('',(-2.408174338658E-62,-1.577721810442E-30,1.));
#1670 = ORIENTED_EDGE('',*,*,#1671,.T.);
#1671 = EDGE_CURVE('',#1664,#1672,#1674,.T.);
#1672 = VERTEX_POINT('',#1673);
#1673 = CARTESIAN_POINT('',(2.95,-5.6,-5.));
#1674 = LINE('',#1675,#1676);
#1675 = CARTESIAN_POINT('',(2.09,-5.6,-5.));
#1676 = VECTOR('',#1677,1.);
#1677 = DIRECTION('',(1.,-3.082845035711E-31,2.581914010756E-15));
#1678 = ORIENTED_EDGE('',*,*,#1679,.T.);
#1679 = EDGE_CURVE('',#1672,#1680,#1682,.T.);
#1680 = VERTEX_POINT('',#1681);
#1681 = CARTESIAN_POINT('',(2.95,-5.6,-5.2));
#1682 = LINE('',#1683,#1684);
#1683 = CARTESIAN_POINT('',(2.95,-5.6,-5.));
#1684 = VECTOR('',#1685,1.);
#1685 = DIRECTION('',(2.408174338658E-62,1.577721810442E-30,-1.));
#1686 = ORIENTED_EDGE('',*,*,#1687,.T.);
#1687 = EDGE_CURVE('',#1680,#1662,#1688,.T.);
#1688 = LINE('',#1689,#1690);
#1689 = CARTESIAN_POINT('',(2.95,-5.6,-5.2));
#1690 = VECTOR('',#1691,1.);
#1691 = DIRECTION('',(-1.,3.082845035711E-31,4.623054417189E-61));
#1692 = PLANE('',#1693);
#1693 = AXIS2_PLACEMENT_3D('',#1694,#1695,#1696);
#1694 = CARTESIAN_POINT('',(5.55,-5.6,-10.3));
#1695 = DIRECTION('',(-3.082845035711E-31,-1.,-1.577721810442E-30));
#1696 = DIRECTION('',(2.408174338658E-62,1.577721810442E-30,-1.));
#1697 = ADVANCED_FACE('',(#1698),#1723,.F.);
#1698 = FACE_BOUND('',#1699,.T.);
#1699 = EDGE_LOOP('',(#1700,#1710,#1716,#1717));
#1700 = ORIENTED_EDGE('',*,*,#1701,.T.);
#1701 = EDGE_CURVE('',#1702,#1704,#1706,.T.);
#1702 = VERTEX_POINT('',#1703);
#1703 = CARTESIAN_POINT('',(2.09,-8.55,-5.2));
#1704 = VERTEX_POINT('',#1705);
#1705 = CARTESIAN_POINT('',(2.09,-8.55,-5.));
#1706 = LINE('',#1707,#1708);
#1707 = CARTESIAN_POINT('',(2.09,-8.55,-5.2));
#1708 = VECTOR('',#1709,1.);
#1709 = DIRECTION('',(-2.408174338658E-62,-1.577721810442E-30,1.));
#1710 = ORIENTED_EDGE('',*,*,#1711,.F.);
#1711 = EDGE_CURVE('',#1664,#1704,#1712,.T.);
#1712 = LINE('',#1713,#1714);
#1713 = CARTESIAN_POINT('',(2.09,-5.6,-5.));
#1714 = VECTOR('',#1715,1.);
#1715 = DIRECTION('',(-3.082845035711E-31,-1.,-1.577721810442E-30));
#1716 = ORIENTED_EDGE('',*,*,#1661,.F.);
#1717 = ORIENTED_EDGE('',*,*,#1718,.T.);
#1718 = EDGE_CURVE('',#1662,#1702,#1719,.T.);
#1719 = LINE('',#1720,#1721);
#1720 = CARTESIAN_POINT('',(2.09,-5.6,-5.2));
#1721 = VECTOR('',#1722,1.);
#1722 = DIRECTION('',(-3.082845035711E-31,-1.,-1.577721810442E-30));
#1723 = PLANE('',#1724);
#1724 = AXIS2_PLACEMENT_3D('',#1725,#1726,#1727);
#1725 = CARTESIAN_POINT('',(2.09,-5.6,-5.2));
#1726 = DIRECTION('',(1.,-3.082845035711E-31,-4.623054417189E-61));
#1727 = DIRECTION('',(2.408174338658E-62,1.577721810442E-30,-1.));
#1728 = ADVANCED_FACE('',(#1729),#1747,.F.);
#1729 = FACE_BOUND('',#1730,.T.);
#1730 = EDGE_LOOP('',(#1731,#1739,#1745,#1746));
#1731 = ORIENTED_EDGE('',*,*,#1732,.T.);
#1732 = EDGE_CURVE('',#1704,#1733,#1735,.T.);
#1733 = VERTEX_POINT('',#1734);
#1734 = CARTESIAN_POINT('',(2.95,-8.55,-5.));
#1735 = LINE('',#1736,#1737);
#1736 = CARTESIAN_POINT('',(2.09,-8.55,-5.));
#1737 = VECTOR('',#1738,1.);
#1738 = DIRECTION('',(1.,-3.082845035711E-31,2.581914010756E-15));
#1739 = ORIENTED_EDGE('',*,*,#1740,.F.);
#1740 = EDGE_CURVE('',#1672,#1733,#1741,.T.);
#1741 = LINE('',#1742,#1743);
#1742 = CARTESIAN_POINT('',(2.95,-5.6,-5.));
#1743 = VECTOR('',#1744,1.);
#1744 = DIRECTION('',(-3.082845035711E-31,-1.,-1.577721810442E-30));
#1745 = ORIENTED_EDGE('',*,*,#1671,.F.);
#1746 = ORIENTED_EDGE('',*,*,#1711,.T.);
#1747 = PLANE('',#1748);
#1748 = AXIS2_PLACEMENT_3D('',#1749,#1750,#1751);
#1749 = CARTESIAN_POINT('',(2.95,-5.6,-5.));
#1750 = DIRECTION('',(2.017120320903E-15,1.577721810442E-30,-1.));
#1751 = DIRECTION('',(-1.,3.082845035711E-31,-2.017120320903E-15));
#1752 = ADVANCED_FACE('',(#1753),#1771,.F.);
#1753 = FACE_BOUND('',#1754,.T.);
#1754 = EDGE_LOOP('',(#1755,#1763,#1769,#1770));
#1755 = ORIENTED_EDGE('',*,*,#1756,.T.);
#1756 = EDGE_CURVE('',#1733,#1757,#1759,.T.);
#1757 = VERTEX_POINT('',#1758);
#1758 = CARTESIAN_POINT('',(2.95,-8.55,-5.2));
#1759 = LINE('',#1760,#1761);
#1760 = CARTESIAN_POINT('',(2.95,-8.55,-5.));
#1761 = VECTOR('',#1762,1.);
#1762 = DIRECTION('',(2.408174338658E-62,1.577721810442E-30,-1.));
#1763 = ORIENTED_EDGE('',*,*,#1764,.F.);
#1764 = EDGE_CURVE('',#1680,#1757,#1765,.T.);
#1765 = LINE('',#1766,#1767);
#1766 = CARTESIAN_POINT('',(2.95,-5.6,-5.2));
#1767 = VECTOR('',#1768,1.);
#1768 = DIRECTION('',(-3.082845035711E-31,-1.,-1.577721810442E-30));
#1769 = ORIENTED_EDGE('',*,*,#1679,.F.);
#1770 = ORIENTED_EDGE('',*,*,#1740,.T.);
#1771 = PLANE('',#1772);
#1772 = AXIS2_PLACEMENT_3D('',#1773,#1774,#1775);
#1773 = CARTESIAN_POINT('',(2.95,-5.6,-5.2));
#1774 = DIRECTION('',(-1.,3.082845035711E-31,4.623054417189E-61));
#1775 = DIRECTION('',(-2.408174338658E-62,-1.577721810442E-30,1.));
#1776 = ADVANCED_FACE('',(#1777),#1788,.F.);
#1777 = FACE_BOUND('',#1778,.T.);
#1778 = EDGE_LOOP('',(#1779,#1785,#1786,#1787));
#1779 = ORIENTED_EDGE('',*,*,#1780,.T.);
#1780 = EDGE_CURVE('',#1757,#1702,#1781,.T.);
#1781 = LINE('',#1782,#1783);
#1782 = CARTESIAN_POINT('',(2.95,-8.55,-5.2));
#1783 = VECTOR('',#1784,1.);
#1784 = DIRECTION('',(-1.,3.082845035711E-31,4.623054417189E-61));
#1785 = ORIENTED_EDGE('',*,*,#1718,.F.);
#1786 = ORIENTED_EDGE('',*,*,#1687,.F.);
#1787 = ORIENTED_EDGE('',*,*,#1764,.T.);
#1788 = PLANE('',#1789);
#1789 = AXIS2_PLACEMENT_3D('',#1790,#1791,#1792);
#1790 = CARTESIAN_POINT('',(2.95,-5.6,-5.2));
#1791 = DIRECTION('',(-2.408174338658E-62,-1.577721810442E-30,1.));
#1792 = DIRECTION('',(1.,-3.082845035711E-31,-4.623054417189E-61));
#1793 = ADVANCED_FACE('',(#1794),#1800,.F.);
#1794 = FACE_BOUND('',#1795,.T.);
#1795 = EDGE_LOOP('',(#1796,#1797,#1798,#1799));
#1796 = ORIENTED_EDGE('',*,*,#1732,.F.);
#1797 = ORIENTED_EDGE('',*,*,#1701,.F.);
#1798 = ORIENTED_EDGE('',*,*,#1780,.F.);
#1799 = ORIENTED_EDGE('',*,*,#1756,.F.);
#1800 = PLANE('',#1801);
#1801 = AXIS2_PLACEMENT_3D('',#1802,#1803,#1804);
#1802 = CARTESIAN_POINT('',(5.55,-8.55,-10.3));
#1803 = DIRECTION('',(3.082845035711E-31,1.,1.577721810442E-30));
#1804 = DIRECTION('',(-2.408174338658E-62,-1.577721810442E-30,1.));
#1805 = MANIFOLD_SOLID_BREP('',#1806);
#1806 = CLOSED_SHELL('',(#1807,#1915,#1930,#2125,#2156,#2187,#2211,#2235
    ,#2253,#2271,#2313,#2376,#2408,#2441,#2464,#2506,#2545,#2646,#2679,
    #2742,#2767,#2791,#2816,#2840,#2858,#2883,#2900,#2917,#2942,#2959,
    #2976,#2995,#3013,#3032,#3051,#3074,#3093,#3112,#3131,#3143,#3164,
    #3176,#3188,#3219,#3243,#3267,#3284,#3296));
#1807 = ADVANCED_FACE('',(#1808),#1910,.F.);
#1808 = FACE_BOUND('',#1809,.F.);
#1809 = EDGE_LOOP('',(#1810,#1821,#1836,#1844,#1853,#1861,#1876,#1885,
    #1894,#1903));
#1810 = ORIENTED_EDGE('',*,*,#1811,.T.);
#1811 = EDGE_CURVE('',#1812,#1814,#1816,.T.);
#1812 = VERTEX_POINT('',#1813);
#1813 = CARTESIAN_POINT('',(-1.182342195687,1.656789049301,
    6.226315411903));
#1814 = VERTEX_POINT('',#1815);
#1815 = CARTESIAN_POINT('',(-1.622285514544,1.656789049301,4.28));
#1816 = CIRCLE('',#1817,1.75);
#1817 = AXIS2_PLACEMENT_3D('',#1818,#1819,#1820);
#1818 = CARTESIAN_POINT('',(3.98676206817E-05,1.656789049301,
    4.936170979536));
#1819 = DIRECTION('',(-7.771561172376E-16,-1.,1.672022627448E-16));
#1820 = DIRECTION('',(-1.,7.771561172376E-16,-1.006139616067E-16));
#1821 = ORIENTED_EDGE('',*,*,#1822,.T.);
#1822 = EDGE_CURVE('',#1814,#1823,#1825,.T.);
#1823 = VERTEX_POINT('',#1824);
#1824 = CARTESIAN_POINT('',(-1.313645279619,2.156789049301,3.78));
#1825 = B_SPLINE_CURVE_WITH_KNOTS('',3,(#1826,#1827,#1828,#1829,#1830,
    #1831,#1832,#1833,#1834,#1835),.UNSPECIFIED.,.F.,.F.,(4,2,2,2,4),(
    7.68119216657E-02,9.853268598981E-02,0.120253450314,0.139422076335,
    0.158590702356),.UNSPECIFIED.);
#1826 = CARTESIAN_POINT('',(-1.622285514544,1.656789049301,4.28));
#1827 = CARTESIAN_POINT('',(-1.595137828443,1.656789049301,
    4.212879719461));
#1828 = CARTESIAN_POINT('',(-1.561730388551,1.670955560499,
    4.143342497189));
#1829 = CARTESIAN_POINT('',(-1.491183224218,1.725740317756,
    4.017499646805));
#1830 = CARTESIAN_POINT('',(-1.454166234365,1.766261688571,
    3.961083113094));
#1831 = CARTESIAN_POINT('',(-1.393969451362,1.85516672888,3.877122544045
    ));
#1832 = CARTESIAN_POINT('',(-1.365708394445,1.908063783352,
    3.841533948972));
#1833 = CARTESIAN_POINT('',(-1.32529855739,2.026829941716,3.792940176057
    ));
#1834 = CARTESIAN_POINT('',(-1.313645279619,2.09289362923,3.78));
#1835 = CARTESIAN_POINT('',(-1.313645279619,2.156789049301,3.78));
#1836 = ORIENTED_EDGE('',*,*,#1837,.T.);
#1837 = EDGE_CURVE('',#1823,#1838,#1840,.T.);
#1838 = VERTEX_POINT('',#1839);
#1839 = CARTESIAN_POINT('',(-1.313645279619,5.515,3.78));
#1840 = LINE('',#1841,#1842);
#1841 = CARTESIAN_POINT('',(-1.313645279619,1.656789049301,3.78));
#1842 = VECTOR('',#1843,1.);
#1843 = DIRECTION('',(1.595945597899E-15,1.,-1.387778780781E-16));
#1844 = ORIENTED_EDGE('',*,*,#1845,.T.);
#1845 = EDGE_CURVE('',#1838,#1846,#1848,.T.);
#1846 = VERTEX_POINT('',#1847);
#1847 = CARTESIAN_POINT('',(1.313725014861,5.515,3.78));
#1848 = CIRCLE('',#1849,1.75);
#1849 = AXIS2_PLACEMENT_3D('',#1850,#1851,#1852);
#1850 = CARTESIAN_POINT('',(3.986762068786E-05,5.515,4.936170979536));
#1851 = DIRECTION('',(-5.761344271099E-32,-1.,3.944304526105E-31));
#1852 = DIRECTION('',(-1.,5.761344271099E-32,-1.006139616067E-16));
#1853 = ORIENTED_EDGE('',*,*,#1854,.T.);
#1854 = EDGE_CURVE('',#1846,#1855,#1857,.T.);
#1855 = VERTEX_POINT('',#1856);
#1856 = CARTESIAN_POINT('',(1.313725014861,2.156789049301,3.78));
#1857 = LINE('',#1858,#1859);
#1858 = CARTESIAN_POINT('',(1.313725014861,1.656789049301,3.78));
#1859 = VECTOR('',#1860,1.);
#1860 = DIRECTION('',(-1.595945597899E-15,-1.,1.387778780781E-16));
#1861 = ORIENTED_EDGE('',*,*,#1862,.T.);
#1862 = EDGE_CURVE('',#1855,#1863,#1865,.T.);
#1863 = VERTEX_POINT('',#1864);
#1864 = CARTESIAN_POINT('',(1.622365249785,1.656789049301,4.28));
#1865 = B_SPLINE_CURVE_WITH_KNOTS('',3,(#1866,#1867,#1868,#1869,#1870,
    #1871,#1872,#1873,#1874,#1875),.UNSPECIFIED.,.F.,.F.,(4,2,2,2,4),(
    0.158590702356,0.177759328378,0.196927954399,0.218648718723,
    0.240369483047),.UNSPECIFIED.);
#1866 = CARTESIAN_POINT('',(1.313725014861,2.156789049301,3.78));
#1867 = CARTESIAN_POINT('',(1.313725014861,2.09289362923,3.78));
#1868 = CARTESIAN_POINT('',(1.325378292632,2.026829941716,3.792940176057
    ));
#1869 = CARTESIAN_POINT('',(1.365788129686,1.908063783352,3.841533948972
    ));
#1870 = CARTESIAN_POINT('',(1.394049186603,1.85516672888,3.877122544045)
  );
#1871 = CARTESIAN_POINT('',(1.454245969606,1.766261688571,3.961083113094
    ));
#1872 = CARTESIAN_POINT('',(1.491262959459,1.725740317756,4.017499646805
    ));
#1873 = CARTESIAN_POINT('',(1.561810123792,1.670955560499,4.143342497189
    ));
#1874 = CARTESIAN_POINT('',(1.595217563685,1.656789049301,4.212879719461
    ));
#1875 = CARTESIAN_POINT('',(1.622365249785,1.656789049301,4.28));
#1876 = ORIENTED_EDGE('',*,*,#1877,.T.);
#1877 = EDGE_CURVE('',#1863,#1878,#1880,.T.);
#1878 = VERTEX_POINT('',#1879);
#1879 = CARTESIAN_POINT('',(1.182421930928,1.656789049301,6.226315411903
    ));
#1880 = CIRCLE('',#1881,1.75);
#1881 = AXIS2_PLACEMENT_3D('',#1882,#1883,#1884);
#1882 = CARTESIAN_POINT('',(3.98676206817E-05,1.656789049301,
    4.936170979536));
#1883 = DIRECTION('',(-7.771561172376E-16,-1.,1.672022627448E-16));
#1884 = DIRECTION('',(-1.,7.771561172376E-16,-1.006139616067E-16));
#1885 = ORIENTED_EDGE('',*,*,#1886,.T.);
#1886 = EDGE_CURVE('',#1878,#1887,#1889,.T.);
#1887 = VERTEX_POINT('',#1888);
#1888 = CARTESIAN_POINT('',(0.208132607721,0.656789049301,6.673754765003
    ));
#1889 = ELLIPSE('',#1890,4.28480476947,1.75);
#1890 = AXIS2_PLACEMENT_3D('',#1891,#1892,#1893);
#1891 = CARTESIAN_POINT('',(3.98676206863E-05,4.540184136098,
    4.936170979536));
#1892 = DIRECTION('',(-2.174688934393E-16,-0.408420008414,
    -0.912794115191));
#1893 = DIRECTION('',(-1.497862504973E-15,-0.912794115191,0.408420008414
    ));
#1894 = ORIENTED_EDGE('',*,*,#1895,.F.);
#1895 = EDGE_CURVE('',#1896,#1887,#1898,.T.);
#1896 = VERTEX_POINT('',#1897);
#1897 = CARTESIAN_POINT('',(-0.20805287248,0.656789049301,6.673754765003
    ));
#1898 = CIRCLE('',#1899,1.75);
#1899 = AXIS2_PLACEMENT_3D('',#1900,#1901,#1902);
#1900 = CARTESIAN_POINT('',(3.986762068003E-05,0.656789049301,
    4.936170979536));
#1901 = DIRECTION('',(-1.582067810091E-15,-1.,1.672022627448E-16));
#1902 = DIRECTION('',(-1.,1.582067810091E-15,-1.006139616067E-16));
#1903 = ORIENTED_EDGE('',*,*,#1904,.T.);
#1904 = EDGE_CURVE('',#1896,#1812,#1905,.T.);
#1905 = ELLIPSE('',#1906,4.28480476947,1.75);
#1906 = AXIS2_PLACEMENT_3D('',#1907,#1908,#1909);
#1907 = CARTESIAN_POINT('',(3.98676206863E-05,4.540184136098,
    4.936170979536));
#1908 = DIRECTION('',(-2.174688934393E-16,-0.408420008414,
    -0.912794115191));
#1909 = DIRECTION('',(-1.497862504973E-15,-0.912794115191,0.408420008414
    ));
#1910 = CYLINDRICAL_SURFACE('',#1911,1.75);
#1911 = AXIS2_PLACEMENT_3D('',#1912,#1913,#1914);
#1912 = CARTESIAN_POINT('',(3.98676206817E-05,1.656789049301,
    4.936170979536));
#1913 = DIRECTION('',(1.595945597899E-15,1.,-1.387778780781E-16));
#1914 = DIRECTION('',(-1.,1.595945597899E-15,-1.006139616067E-16));
#1915 = ADVANCED_FACE('',(#1916),#1925,.T.);
#1916 = FACE_BOUND('',#1917,.T.);
#1917 = EDGE_LOOP('',(#1918,#1924));
#1918 = ORIENTED_EDGE('',*,*,#1919,.F.);
#1919 = EDGE_CURVE('',#1887,#1896,#1920,.T.);
#1920 = LINE('',#1921,#1922);
#1921 = CARTESIAN_POINT('',(3.49501993381,0.656789049301,6.673754765003)
  );
#1922 = VECTOR('',#1923,1.);
#1923 = DIRECTION('',(-1.,1.582067810091E-15,-4.696341132526E-16));
#1924 = ORIENTED_EDGE('',*,*,#1895,.F.);
#1925 = PLANE('',#1926);
#1926 = AXIS2_PLACEMENT_3D('',#1927,#1928,#1929);
#1927 = CARTESIAN_POINT('',(3.986762068003E-05,0.656789049301,
    4.936170979536));
#1928 = DIRECTION('',(1.582067810091E-15,1.,-1.672022627448E-16));
#1929 = DIRECTION('',(-1.,1.582067810091E-15,-1.006139616067E-16));
#1930 = ADVANCED_FACE('',(#1931,#2086),#2120,.T.);
#1931 = FACE_BOUND('',#1932,.T.);
#1932 = EDGE_LOOP('',(#1933,#1934,#1942,#1951,#1959,#1967,#1975,#1983,
    #1991,#1999,#2007,#2015,#2023,#2031,#2039,#2047,#2055,#2063,#2071,
    #2080));
#1933 = ORIENTED_EDGE('',*,*,#1845,.T.);
#1934 = ORIENTED_EDGE('',*,*,#1935,.T.);
#1935 = EDGE_CURVE('',#1846,#1936,#1938,.T.);
#1936 = VERTEX_POINT('',#1937);
#1937 = CARTESIAN_POINT('',(3.643,5.515,3.78));
#1938 = LINE('',#1939,#1940);
#1939 = CARTESIAN_POINT('',(2.0715,5.515,3.78));
#1940 = VECTOR('',#1941,1.);
#1941 = DIRECTION('',(1.,-5.761344271099E-32,1.006139616067E-16));
#1942 = ORIENTED_EDGE('',*,*,#1943,.F.);
#1943 = EDGE_CURVE('',#1944,#1936,#1946,.T.);
#1944 = VERTEX_POINT('',#1945);
#1945 = CARTESIAN_POINT('',(4.143,5.515,4.28));
#1946 = CIRCLE('',#1947,0.5);
#1947 = AXIS2_PLACEMENT_3D('',#1948,#1949,#1950);
#1948 = CARTESIAN_POINT('',(3.643,5.515,4.28));
#1949 = DIRECTION('',(5.761344271099E-32,1.,-3.944304526105E-31));
#1950 = DIRECTION('',(0.707106781187,-3.196433037758E-31,-0.707106781187
    ));
#1951 = ORIENTED_EDGE('',*,*,#1952,.T.);
#1952 = EDGE_CURVE('',#1944,#1953,#1955,.T.);
#1953 = VERTEX_POINT('',#1954);
#1954 = CARTESIAN_POINT('',(4.143,5.515,4.305570616065));
#1955 = LINE('',#1956,#1957);
#1956 = CARTESIAN_POINT('',(4.143,5.515,3.535));
#1957 = VECTOR('',#1958,1.);
#1958 = DIRECTION('',(-1.006139616067E-16,3.944304526105E-31,1.));
#1959 = ORIENTED_EDGE('',*,*,#1960,.F.);
#1960 = EDGE_CURVE('',#1961,#1953,#1963,.T.);
#1961 = VERTEX_POINT('',#1962);
#1962 = CARTESIAN_POINT('',(5.143,5.515,4.305570616065));
#1963 = LINE('',#1964,#1965);
#1964 = CARTESIAN_POINT('',(3.495,5.515,4.305570616065));
#1965 = VECTOR('',#1966,1.);
#1966 = DIRECTION('',(-1.,6.552303517486E-32,2.382452842543E-16));
#1967 = ORIENTED_EDGE('',*,*,#1968,.T.);
#1968 = EDGE_CURVE('',#1961,#1969,#1971,.T.);
#1969 = VERTEX_POINT('',#1970);
#1970 = CARTESIAN_POINT('',(5.143,5.515,2.98));
#1971 = LINE('',#1972,#1973);
#1972 = CARTESIAN_POINT('',(5.143,5.515,1.115));
#1973 = VECTOR('',#1974,1.);
#1974 = DIRECTION('',(-2.926915322724E-16,-3.944304526105E-31,-1.));
#1975 = ORIENTED_EDGE('',*,*,#1976,.T.);
#1976 = EDGE_CURVE('',#1969,#1977,#1979,.T.);
#1977 = VERTEX_POINT('',#1978);
#1978 = CARTESIAN_POINT('',(5.297829237994,5.515,2.98));
#1979 = LINE('',#1980,#1981);
#1980 = CARTESIAN_POINT('',(3.6165,5.515,2.98));
#1981 = VECTOR('',#1982,1.);
#1982 = DIRECTION('',(1.,-5.761344271099E-32,1.006139616067E-16));
#1983 = ORIENTED_EDGE('',*,*,#1984,.F.);
#1984 = EDGE_CURVE('',#1985,#1977,#1987,.T.);
#1985 = VERTEX_POINT('',#1986);
#1986 = CARTESIAN_POINT('',(5.297829237994,5.515,-3.2));
#1987 = LINE('',#1988,#1989);
#1988 = CARTESIAN_POINT('',(5.297829237994,5.515,-3.87));
#1989 = VECTOR('',#1990,1.);
#1990 = DIRECTION('',(9.547667357893E-32,3.944304526105E-31,1.));
#1991 = ORIENTED_EDGE('',*,*,#1992,.T.);
#1992 = EDGE_CURVE('',#1985,#1993,#1995,.T.);
#1993 = VERTEX_POINT('',#1994);
#1994 = CARTESIAN_POINT('',(5.143,5.515,-3.2));
#1995 = LINE('',#1996,#1997);
#1996 = CARTESIAN_POINT('',(2.5715,5.515,-3.2));
#1997 = VECTOR('',#1998,1.);
#1998 = DIRECTION('',(-1.,5.761344271099E-32,-1.006139616067E-16));
#1999 = ORIENTED_EDGE('',*,*,#2000,.T.);
#2000 = EDGE_CURVE('',#1993,#2001,#2003,.T.);
#2001 = VERTEX_POINT('',#2002);
#2002 = CARTESIAN_POINT('',(5.143,5.515,-5.162197053853));
#2003 = LINE('',#2004,#2005);
#2004 = CARTESIAN_POINT('',(5.143,5.515,-4.232302262946));
#2005 = VECTOR('',#2006,1.);
#2006 = DIRECTION('',(1.006139616067E-16,-3.944304526105E-31,-1.));
#2007 = ORIENTED_EDGE('',*,*,#2008,.F.);
#2008 = EDGE_CURVE('',#2009,#2001,#2011,.T.);
#2009 = VERTEX_POINT('',#2010);
#2010 = CARTESIAN_POINT('',(-4.657,5.515,-5.162197053853));
#2011 = LINE('',#2012,#2013);
#2012 = CARTESIAN_POINT('',(-3.495,5.515,-5.162197053853));
#2013 = VECTOR('',#2014,1.);
#2014 = DIRECTION('',(1.,-6.552303517486E-32,-9.860761315263E-32));
#2015 = ORIENTED_EDGE('',*,*,#2016,.T.);
#2016 = EDGE_CURVE('',#2009,#2017,#2019,.T.);
#2017 = VERTEX_POINT('',#2018);
#2018 = CARTESIAN_POINT('',(-4.657,5.515,-3.2));
#2019 = LINE('',#2020,#2021);
#2020 = CARTESIAN_POINT('',(-4.657,5.515,-1.975));
#2021 = VECTOR('',#2022,1.);
#2022 = DIRECTION('',(-1.006139616067E-16,3.944304526105E-31,1.));
#2023 = ORIENTED_EDGE('',*,*,#2024,.T.);
#2024 = EDGE_CURVE('',#2017,#2025,#2027,.T.);
#2025 = VERTEX_POINT('',#2026);
#2026 = CARTESIAN_POINT('',(-5.297829237994,5.515,-3.2));
#2027 = LINE('',#2028,#2029);
#2028 = CARTESIAN_POINT('',(-3.3735,5.515,-3.2));
#2029 = VECTOR('',#2030,1.);
#2030 = DIRECTION('',(-1.,5.761344271099E-32,-1.006139616067E-16));
#2031 = ORIENTED_EDGE('',*,*,#2032,.F.);
#2032 = EDGE_CURVE('',#2033,#2025,#2035,.T.);
#2033 = VERTEX_POINT('',#2034);
#2034 = CARTESIAN_POINT('',(-5.297829237994,5.515,2.98));
#2035 = LINE('',#2036,#2037);
#2036 = CARTESIAN_POINT('',(-5.297829237994,5.515,3.12));
#2037 = VECTOR('',#2038,1.);
#2038 = DIRECTION('',(-1.091505655023E-31,-3.944304526105E-31,-1.));
#2039 = ORIENTED_EDGE('',*,*,#2040,.T.);
#2040 = EDGE_CURVE('',#2033,#2041,#2043,.T.);
#2041 = VERTEX_POINT('',#2042);
#2042 = CARTESIAN_POINT('',(-4.657,5.515,2.98));
#2043 = LINE('',#2044,#2045);
#2044 = CARTESIAN_POINT('',(-2.3285,5.515,2.98));
#2045 = VECTOR('',#2046,1.);
#2046 = DIRECTION('',(1.,-5.761344271099E-32,1.006139616067E-16));
#2047 = ORIENTED_EDGE('',*,*,#2048,.T.);
#2048 = EDGE_CURVE('',#2041,#2049,#2051,.T.);
#2049 = VERTEX_POINT('',#2050);
#2050 = CARTESIAN_POINT('',(-4.657,5.515,4.305570616065));
#2051 = LINE('',#2052,#2053);
#2052 = CARTESIAN_POINT('',(-4.657,5.515,3.535));
#2053 = VECTOR('',#2054,1.);
#2054 = DIRECTION('',(-1.006139616067E-16,3.944304526105E-31,1.));
#2055 = ORIENTED_EDGE('',*,*,#2056,.F.);
#2056 = EDGE_CURVE('',#2057,#2049,#2059,.T.);
#2057 = VERTEX_POINT('',#2058);
#2058 = CARTESIAN_POINT('',(-3.657,5.515,4.305570616065));
#2059 = LINE('',#2060,#2061);
#2060 = CARTESIAN_POINT('',(3.495,5.515,4.305570616065));
#2061 = VECTOR('',#2062,1.);
#2062 = DIRECTION('',(-1.,6.552303517486E-32,2.382452842543E-16));
#2063 = ORIENTED_EDGE('',*,*,#2064,.T.);
#2064 = EDGE_CURVE('',#2057,#2065,#2067,.T.);
#2065 = VERTEX_POINT('',#2066);
#2066 = CARTESIAN_POINT('',(-3.657,5.515,4.28));
#2067 = LINE('',#2068,#2069);
#2068 = CARTESIAN_POINT('',(-3.657,5.515,1.515));
#2069 = VECTOR('',#2070,1.);
#2070 = DIRECTION('',(1.006139616067E-16,-3.944304526105E-31,-1.));
#2071 = ORIENTED_EDGE('',*,*,#2072,.F.);
#2072 = EDGE_CURVE('',#2073,#2065,#2075,.T.);
#2073 = VERTEX_POINT('',#2074);
#2074 = CARTESIAN_POINT('',(-3.157,5.515,3.78));
#2075 = CIRCLE('',#2076,0.5);
#2076 = AXIS2_PLACEMENT_3D('',#2077,#2078,#2079);
#2077 = CARTESIAN_POINT('',(-3.157,5.515,4.28));
#2078 = DIRECTION('',(5.761344271099E-32,1.,-3.944304526105E-31));
#2079 = DIRECTION('',(-0.707106781187,-2.381655917189E-31,
    -0.707106781187));
#2080 = ORIENTED_EDGE('',*,*,#2081,.T.);
#2081 = EDGE_CURVE('',#2073,#1838,#2082,.T.);
#2082 = LINE('',#2083,#2084);
#2083 = CARTESIAN_POINT('',(2.0715,5.515,3.78));
#2084 = VECTOR('',#2085,1.);
#2085 = DIRECTION('',(1.,-5.761344271099E-32,1.006139616067E-16));
#2086 = FACE_BOUND('',#2087,.T.);
#2087 = EDGE_LOOP('',(#2088,#2098,#2106,#2114));
#2088 = ORIENTED_EDGE('',*,*,#2089,.T.);
#2089 = EDGE_CURVE('',#2090,#2092,#2094,.T.);
#2090 = VERTEX_POINT('',#2091);
#2091 = CARTESIAN_POINT('',(-3.6,5.515,2.78));
#2092 = VERTEX_POINT('',#2093);
#2093 = CARTESIAN_POINT('',(-3.6,5.515,-2.78));
#2094 = LINE('',#2095,#2096);
#2095 = CARTESIAN_POINT('',(-3.6,5.515,-1.765));
#2096 = VECTOR('',#2097,1.);
#2097 = DIRECTION('',(-9.860761315263E-32,-3.944304526105E-31,-1.));
#2098 = ORIENTED_EDGE('',*,*,#2099,.T.);
#2099 = EDGE_CURVE('',#2092,#2100,#2102,.T.);
#2100 = VERTEX_POINT('',#2101);
#2101 = CARTESIAN_POINT('',(3.6,5.515,-2.78));
#2102 = LINE('',#2103,#2104);
#2103 = CARTESIAN_POINT('',(1.8,5.515,-2.78));
#2104 = VECTOR('',#2105,1.);
#2105 = DIRECTION('',(1.,-6.552303517486E-32,-9.860761315263E-32));
#2106 = ORIENTED_EDGE('',*,*,#2107,.T.);
#2107 = EDGE_CURVE('',#2100,#2108,#2110,.T.);
#2108 = VERTEX_POINT('',#2109);
#2109 = CARTESIAN_POINT('',(3.6,5.515,2.78));
#2110 = LINE('',#2111,#2112);
#2111 = CARTESIAN_POINT('',(3.6,5.515,1.015));
#2112 = VECTOR('',#2113,1.);
#2113 = DIRECTION('',(9.860761315263E-32,3.944304526105E-31,1.));
#2114 = ORIENTED_EDGE('',*,*,#2115,.T.);
#2115 = EDGE_CURVE('',#2108,#2090,#2116,.T.);
#2116 = LINE('',#2117,#2118);
#2117 = CARTESIAN_POINT('',(-1.8,5.515,2.78));
#2118 = VECTOR('',#2119,1.);
#2119 = DIRECTION('',(-1.,6.552303517486E-32,9.860761315263E-32));
#2120 = PLANE('',#2121);
#2121 = AXIS2_PLACEMENT_3D('',#2122,#2123,#2124);
#2122 = CARTESIAN_POINT('',(-1.196496408989E-17,5.515,-0.75));
#2123 = DIRECTION('',(5.761344271099E-32,1.,-3.944304526105E-31));
#2124 = DIRECTION('',(9.860761315263E-32,3.944304526105E-31,1.));
#2125 = ADVANCED_FACE('',(#2126),#2151,.T.);
#2126 = FACE_BOUND('',#2127,.T.);
#2127 = EDGE_LOOP('',(#2128,#2129,#2137,#2145));
#2128 = ORIENTED_EDGE('',*,*,#1877,.T.);
#2129 = ORIENTED_EDGE('',*,*,#2130,.F.);
#2130 = EDGE_CURVE('',#2131,#1878,#2133,.T.);
#2131 = VERTEX_POINT('',#2132);
#2132 = CARTESIAN_POINT('',(3.643,1.656789049301,6.226315411903));
#2133 = LINE('',#2134,#2135);
#2134 = CARTESIAN_POINT('',(3.6165,1.656789049301,6.226315411903));
#2135 = VECTOR('',#2136,1.);
#2136 = DIRECTION('',(-1.,7.771561172376E-16,-1.094849461E-16));
#2137 = ORIENTED_EDGE('',*,*,#2138,.F.);
#2138 = EDGE_CURVE('',#2139,#2131,#2141,.T.);
#2139 = VERTEX_POINT('',#2140);
#2140 = CARTESIAN_POINT('',(3.643,1.656789049301,4.28));
#2141 = LINE('',#2142,#2143);
#2142 = CARTESIAN_POINT('',(3.643,1.656789049301,6.89625));
#2143 = VECTOR('',#2144,1.);
#2144 = DIRECTION('',(-1.006139616067E-16,1.672022627448E-16,1.));
#2145 = ORIENTED_EDGE('',*,*,#2146,.F.);
#2146 = EDGE_CURVE('',#1863,#2139,#2147,.T.);
#2147 = LINE('',#2148,#2149);
#2148 = CARTESIAN_POINT('',(2.193,1.656789049301,4.28));
#2149 = VECTOR('',#2150,1.);
#2150 = DIRECTION('',(1.,-7.771561172376E-16,1.006139616067E-16));
#2151 = PLANE('',#2152);
#2152 = AXIS2_PLACEMENT_3D('',#2153,#2154,#2155);
#2153 = CARTESIAN_POINT('',(0.243,1.656789049301,5.9725));
#2154 = DIRECTION('',(7.771561172376E-16,1.,-1.672022627448E-16));
#2155 = DIRECTION('',(-1.,7.771561172376E-16,-1.006139616067E-16));
#2156 = ADVANCED_FACE('',(#2157),#2182,.T.);
#2157 = FACE_BOUND('',#2158,.T.);
#2158 = EDGE_LOOP('',(#2159,#2160,#2168,#2176));
#2159 = ORIENTED_EDGE('',*,*,#1811,.T.);
#2160 = ORIENTED_EDGE('',*,*,#2161,.F.);
#2161 = EDGE_CURVE('',#2162,#1814,#2164,.T.);
#2162 = VERTEX_POINT('',#2163);
#2163 = CARTESIAN_POINT('',(-3.157,1.656789049301,4.28));
#2164 = LINE('',#2165,#2166);
#2165 = CARTESIAN_POINT('',(2.193,1.656789049301,4.28));
#2166 = VECTOR('',#2167,1.);
#2167 = DIRECTION('',(1.,-7.771561172376E-16,1.006139616067E-16));
#2168 = ORIENTED_EDGE('',*,*,#2169,.F.);
#2169 = EDGE_CURVE('',#2170,#2162,#2172,.T.);
#2170 = VERTEX_POINT('',#2171);
#2171 = CARTESIAN_POINT('',(-3.157,1.656789049301,6.226315411903));
#2172 = LINE('',#2173,#2174);
#2173 = CARTESIAN_POINT('',(-3.157,1.656789049301,4.87625));
#2174 = VECTOR('',#2175,1.);
#2175 = DIRECTION('',(1.006139616067E-16,-1.672022627448E-16,-1.));
#2176 = ORIENTED_EDGE('',*,*,#2177,.F.);
#2177 = EDGE_CURVE('',#1812,#2170,#2178,.T.);
#2178 = LINE('',#2179,#2180);
#2179 = CARTESIAN_POINT('',(3.6165,1.656789049301,6.226315411903));
#2180 = VECTOR('',#2181,1.);
#2181 = DIRECTION('',(-1.,7.771561172376E-16,-1.094849461E-16));
#2182 = PLANE('',#2183);
#2183 = AXIS2_PLACEMENT_3D('',#2184,#2185,#2186);
#2184 = CARTESIAN_POINT('',(0.243,1.656789049301,5.9725));
#2185 = DIRECTION('',(7.771561172376E-16,1.,-1.672022627448E-16));
#2186 = DIRECTION('',(-1.,7.771561172376E-16,-1.006139616067E-16));
#2187 = ADVANCED_FACE('',(#2188),#2206,.F.);
#2188 = FACE_BOUND('',#2189,.T.);
#2189 = EDGE_LOOP('',(#2190,#2191,#2199,#2205));
#2190 = ORIENTED_EDGE('',*,*,#1854,.T.);
#2191 = ORIENTED_EDGE('',*,*,#2192,.F.);
#2192 = EDGE_CURVE('',#2193,#1855,#2195,.T.);
#2193 = VERTEX_POINT('',#2194);
#2194 = CARTESIAN_POINT('',(3.643,2.156789049301,3.78));
#2195 = LINE('',#2196,#2197);
#2196 = CARTESIAN_POINT('',(2.193,2.156789049301,3.78));
#2197 = VECTOR('',#2198,1.);
#2198 = DIRECTION('',(-1.,7.771561172376E-16,-1.006139616067E-16));
#2199 = ORIENTED_EDGE('',*,*,#2200,.F.);
#2200 = EDGE_CURVE('',#1936,#2193,#2201,.T.);
#2201 = LINE('',#2202,#2203);
#2202 = CARTESIAN_POINT('',(3.643,1.656789049301,3.78));
#2203 = VECTOR('',#2204,1.);
#2204 = DIRECTION('',(-8.326672684689E-16,-1.,0.));
#2205 = ORIENTED_EDGE('',*,*,#1935,.F.);
#2206 = PLANE('',#2207);
#2207 = AXIS2_PLACEMENT_3D('',#2208,#2209,#2210);
#2208 = CARTESIAN_POINT('',(4.143,1.656789049301,3.78));
#2209 = DIRECTION('',(1.006139616067E-16,-8.377795258084E-32,-1.));
#2210 = DIRECTION('',(-1.,8.049116928532E-16,-1.006139616067E-16));
#2211 = ADVANCED_FACE('',(#2212),#2230,.F.);
#2212 = FACE_BOUND('',#2213,.T.);
#2213 = EDGE_LOOP('',(#2214,#2215,#2216,#2224));
#2214 = ORIENTED_EDGE('',*,*,#1837,.T.);
#2215 = ORIENTED_EDGE('',*,*,#2081,.F.);
#2216 = ORIENTED_EDGE('',*,*,#2217,.F.);
#2217 = EDGE_CURVE('',#2218,#2073,#2220,.T.);
#2218 = VERTEX_POINT('',#2219);
#2219 = CARTESIAN_POINT('',(-3.157,2.156789049301,3.78));
#2220 = LINE('',#2221,#2222);
#2221 = CARTESIAN_POINT('',(-3.157,1.656789049301,3.78));
#2222 = VECTOR('',#2223,1.);
#2223 = DIRECTION('',(8.326672684689E-16,1.,0.));
#2224 = ORIENTED_EDGE('',*,*,#2225,.F.);
#2225 = EDGE_CURVE('',#1823,#2218,#2226,.T.);
#2226 = LINE('',#2227,#2228);
#2227 = CARTESIAN_POINT('',(2.193,2.156789049301,3.78));
#2228 = VECTOR('',#2229,1.);
#2229 = DIRECTION('',(-1.,7.771561172376E-16,-1.006139616067E-16));
#2230 = PLANE('',#2231);
#2231 = AXIS2_PLACEMENT_3D('',#2232,#2233,#2234);
#2232 = CARTESIAN_POINT('',(4.143,1.656789049301,3.78));
#2233 = DIRECTION('',(1.006139616067E-16,-8.377795258084E-32,-1.));
#2234 = DIRECTION('',(-1.,8.049116928532E-16,-1.006139616067E-16));
#2235 = ADVANCED_FACE('',(#2236),#2248,.F.);
#2236 = FACE_BOUND('',#2237,.F.);
#2237 = EDGE_LOOP('',(#2238,#2239,#2246,#2247));
#2238 = ORIENTED_EDGE('',*,*,#2192,.F.);
#2239 = ORIENTED_EDGE('',*,*,#2240,.T.);
#2240 = EDGE_CURVE('',#2193,#2139,#2241,.T.);
#2241 = CIRCLE('',#2242,0.5);
#2242 = AXIS2_PLACEMENT_3D('',#2243,#2244,#2245);
#2243 = CARTESIAN_POINT('',(3.643,2.156789049301,4.28));
#2244 = DIRECTION('',(-1.,0.,-2.22044604925E-15));
#2245 = DIRECTION('',(0.,-1.,-0.));
#2246 = ORIENTED_EDGE('',*,*,#2146,.F.);
#2247 = ORIENTED_EDGE('',*,*,#1862,.F.);
#2248 = CYLINDRICAL_SURFACE('',#2249,0.5);
#2249 = AXIS2_PLACEMENT_3D('',#2250,#2251,#2252);
#2250 = CARTESIAN_POINT('',(2.193,2.156789049301,4.28));
#2251 = DIRECTION('',(-1.,7.771561172376E-16,-1.006139616067E-16));
#2252 = DIRECTION('',(-4.783875460052E-16,-0.707106781187,
    -0.707106781187));
#2253 = ADVANCED_FACE('',(#2254),#2266,.F.);
#2254 = FACE_BOUND('',#2255,.F.);
#2255 = EDGE_LOOP('',(#2256,#2257,#2264,#2265));
#2256 = ORIENTED_EDGE('',*,*,#2161,.F.);
#2257 = ORIENTED_EDGE('',*,*,#2258,.T.);
#2258 = EDGE_CURVE('',#2162,#2218,#2259,.T.);
#2259 = CIRCLE('',#2260,0.5);
#2260 = AXIS2_PLACEMENT_3D('',#2261,#2262,#2263);
#2261 = CARTESIAN_POINT('',(-3.157,2.156789049301,4.28));
#2262 = DIRECTION('',(1.,-1.110223024625E-15,0.));
#2263 = DIRECTION('',(0.,0.,-1.));
#2264 = ORIENTED_EDGE('',*,*,#2225,.F.);
#2265 = ORIENTED_EDGE('',*,*,#1822,.F.);
#2266 = CYLINDRICAL_SURFACE('',#2267,0.5);
#2267 = AXIS2_PLACEMENT_3D('',#2268,#2269,#2270);
#2268 = CARTESIAN_POINT('',(2.193,2.156789049301,4.28));
#2269 = DIRECTION('',(-1.,7.771561172376E-16,-1.006139616067E-16));
#2270 = DIRECTION('',(-4.783875460052E-16,-0.707106781187,
    -0.707106781187));
#2271 = ADVANCED_FACE('',(#2272),#2308,.T.);
#2272 = FACE_BOUND('',#2273,.T.);
#2273 = EDGE_LOOP('',(#2274,#2285,#2293,#2302));
#2274 = ORIENTED_EDGE('',*,*,#2275,.T.);
#2275 = EDGE_CURVE('',#2276,#2278,#2280,.T.);
#2276 = VERTEX_POINT('',#2277);
#2277 = CARTESIAN_POINT('',(-6.517681017803,1.656789049301,
    -6.492715529455));
#2278 = VERTEX_POINT('',#2279);
#2279 = CARTESIAN_POINT('',(-6.319858051075,1.656789049301,
    -6.686366368588));
#2280 = ELLIPSE('',#2281,0.210544702723,0.2);
#2281 = AXIS2_PLACEMENT_3D('',#2282,#2283,#2284);
#2282 = CARTESIAN_POINT('',(-6.310164343848,1.656789049301,
    -6.483226264534));
#2283 = DIRECTION('',(-7.771561172376E-16,-1.,6.938893903908E-17));
#2284 = DIRECTION('',(-0.841178475377,6.162044022889E-16,-0.540757591314
    ));
#2285 = ORIENTED_EDGE('',*,*,#2286,.T.);
#2286 = EDGE_CURVE('',#2278,#2287,#2289,.T.);
#2287 = VERTEX_POINT('',#2288);
#2288 = CARTESIAN_POINT('',(-6.792177033271,-5.E-02,-6.99));
#2289 = LINE('',#2290,#2291);
#2290 = CARTESIAN_POINT('',(-6.495337800293,1.022669046444,-6.7991747788
    ));
#2291 = VECTOR('',#2292,1.);
#2292 = DIRECTION('',(-0.262870123227,-0.949917036208,-0.168987936361));
#2293 = ORIENTED_EDGE('',*,*,#2294,.T.);
#2294 = EDGE_CURVE('',#2287,#2295,#2297,.T.);
#2295 = VERTEX_POINT('',#2296);
#2296 = CARTESIAN_POINT('',(-6.99,-5.E-02,-6.796349160867));
#2297 = ELLIPSE('',#2298,0.210544702723,0.2);
#2298 = AXIS2_PLACEMENT_3D('',#2299,#2300,#2301);
#2299 = CARTESIAN_POINT('',(-6.782483326045,-5.E-02,-6.786859895946));
#2300 = DIRECTION('',(7.00670992849E-32,1.,-3.944304526105E-31));
#2301 = DIRECTION('',(-0.841178475377,-1.543523257438E-31,
    -0.540757591313));
#2302 = ORIENTED_EDGE('',*,*,#2303,.T.);
#2303 = EDGE_CURVE('',#2295,#2276,#2304,.T.);
#2304 = LINE('',#2305,#2306);
#2305 = CARTESIAN_POINT('',(-6.688093395482,1.040980684507,
    -6.602266343677));
#2306 = VECTOR('',#2307,1.);
#2307 = DIRECTION('',(0.262870123227,0.949917036208,0.168987936361));
#2308 = CYLINDRICAL_SURFACE('',#2309,0.2);
#2309 = AXIS2_PLACEMENT_3D('',#2310,#2311,#2312);
#2310 = CARTESIAN_POINT('',(-6.495337800293,0.987639513511,
    -6.602266343677));
#2311 = DIRECTION('',(0.262870123227,0.949917036208,0.168987936361));
#2312 = DIRECTION('',(-0.666113460815,0.30538628656,-0.680464601064));
#2313 = ADVANCED_FACE('',(#2314),#2371,.F.);
#2314 = FACE_BOUND('',#2315,.T.);
#2315 = EDGE_LOOP('',(#2316,#2317,#2325,#2333,#2341,#2349,#2357,#2365));
#2316 = ORIENTED_EDGE('',*,*,#2286,.F.);
#2317 = ORIENTED_EDGE('',*,*,#2318,.T.);
#2318 = EDGE_CURVE('',#2278,#2319,#2321,.T.);
#2319 = VERTEX_POINT('',#2320);
#2320 = CARTESIAN_POINT('',(-4.657,1.656789049301,-6.686366368588));
#2321 = LINE('',#2322,#2323);
#2322 = CARTESIAN_POINT('',(-6.5535,1.656789049301,-6.686366368588));
#2323 = VECTOR('',#2324,1.);
#2324 = DIRECTION('',(1.,-7.771561172376E-16,-1.382541879722E-16));
#2325 = ORIENTED_EDGE('',*,*,#2326,.T.);
#2326 = EDGE_CURVE('',#2319,#2327,#2329,.T.);
#2327 = VERTEX_POINT('',#2328);
#2328 = CARTESIAN_POINT('',(-4.657,4.690147664664,-6.146739229467));
#2329 = LINE('',#2330,#2331);
#2330 = CARTESIAN_POINT('',(-4.657,1.103989491098,-6.784708068969));
#2331 = VECTOR('',#2332,1.);
#2332 = DIRECTION('',(8.021737436528E-16,0.984542175614,0.175147664664)
  );
#2333 = ORIENTED_EDGE('',*,*,#2334,.F.);
#2334 = EDGE_CURVE('',#2335,#2327,#2337,.T.);
#2335 = VERTEX_POINT('',#2336);
#2336 = CARTESIAN_POINT('',(5.143,4.690147664664,-6.146739229467));
#2337 = LINE('',#2338,#2339);
#2338 = CARTESIAN_POINT('',(-3.495,4.690147664664,-6.146739229467));
#2339 = VECTOR('',#2340,1.);
#2340 = DIRECTION('',(-1.,6.552303517486E-32,9.860761315263E-32));
#2341 = ORIENTED_EDGE('',*,*,#2342,.T.);
#2342 = EDGE_CURVE('',#2335,#2343,#2345,.T.);
#2343 = VERTEX_POINT('',#2344);
#2344 = CARTESIAN_POINT('',(5.143,1.656789049301,-6.686366368588));
#2345 = LINE('',#2346,#2347);
#2346 = CARTESIAN_POINT('',(5.143,0.714739695606,-6.853954663315));
#2347 = VECTOR('',#2348,1.);
#2348 = DIRECTION('',(-7.110852943127E-16,-0.984542175614,
    -0.175147664664));
#2349 = ORIENTED_EDGE('',*,*,#2350,.T.);
#2350 = EDGE_CURVE('',#2343,#2351,#2353,.T.);
#2351 = VERTEX_POINT('',#2352);
#2352 = CARTESIAN_POINT('',(6.319858051075,1.656789049301,
    -6.686366368588));
#2353 = LINE('',#2354,#2355);
#2354 = CARTESIAN_POINT('',(-0.1935,1.656789049301,-6.686366368588));
#2355 = VECTOR('',#2356,1.);
#2356 = DIRECTION('',(1.,-8.049116928532E-16,-1.431918375426E-16));
#2357 = ORIENTED_EDGE('',*,*,#2358,.F.);
#2358 = EDGE_CURVE('',#2359,#2351,#2361,.T.);
#2359 = VERTEX_POINT('',#2360);
#2360 = CARTESIAN_POINT('',(6.792177033271,-5.E-02,-6.99));
#2361 = LINE('',#2362,#2363);
#2362 = CARTESIAN_POINT('',(6.322832834299,1.646039264467,
    -6.688278729232));
#2363 = VECTOR('',#2364,1.);
#2364 = DIRECTION('',(-0.262870123227,0.949917036208,0.168987936361));
#2365 = ORIENTED_EDGE('',*,*,#2366,.F.);
#2366 = EDGE_CURVE('',#2287,#2359,#2367,.T.);
#2367 = LINE('',#2368,#2369);
#2368 = CARTESIAN_POINT('',(-6.99,-5.E-02,-6.99));
#2369 = VECTOR('',#2370,1.);
#2370 = DIRECTION('',(1.,-7.79105060964E-32,-9.860761315263E-32));
#2371 = PLANE('',#2372);
#2372 = AXIS2_PLACEMENT_3D('',#2373,#2374,#2375);
#2373 = CARTESIAN_POINT('',(-6.99,-5.E-02,-6.99));
#2374 = DIRECTION('',(8.628166150855E-32,-0.175147664664,0.984542175614)
  );
#2375 = DIRECTION('',(1.,-7.741235974006E-32,-1.014077994891E-31));
#2376 = ADVANCED_FACE('',(#2377),#2403,.T.);
#2377 = FACE_BOUND('',#2378,.T.);
#2378 = EDGE_LOOP('',(#2379,#2380,#2388,#2396,#2402));
#2379 = ORIENTED_EDGE('',*,*,#2275,.F.);
#2380 = ORIENTED_EDGE('',*,*,#2381,.F.);
#2381 = EDGE_CURVE('',#2382,#2276,#2384,.T.);
#2382 = VERTEX_POINT('',#2383);
#2383 = CARTESIAN_POINT('',(-6.517681017803,1.656789049301,-3.2));
#2384 = LINE('',#2385,#2386);
#2385 = CARTESIAN_POINT('',(-6.517681017803,1.656789049301,0.74));
#2386 = VECTOR('',#2387,1.);
#2387 = DIRECTION('',(-1.92019705517E-17,-6.938893903908E-17,-1.));
#2388 = ORIENTED_EDGE('',*,*,#2389,.F.);
#2389 = EDGE_CURVE('',#2390,#2382,#2392,.T.);
#2390 = VERTEX_POINT('',#2391);
#2391 = CARTESIAN_POINT('',(-4.657,1.656789049301,-3.2));
#2392 = LINE('',#2393,#2394);
#2393 = CARTESIAN_POINT('',(-4.657,1.656789049301,-3.2));
#2394 = VECTOR('',#2395,1.);
#2395 = DIRECTION('',(-1.,8.049116928532E-16,-1.006139616067E-16));
#2396 = ORIENTED_EDGE('',*,*,#2397,.F.);
#2397 = EDGE_CURVE('',#2319,#2390,#2398,.T.);
#2398 = LINE('',#2399,#2400);
#2399 = CARTESIAN_POINT('',(-4.657,1.656789049301,-8.20839696291));
#2400 = VECTOR('',#2401,1.);
#2401 = DIRECTION('',(-1.006139616067E-16,7.691393825905E-30,1.));
#2402 = ORIENTED_EDGE('',*,*,#2318,.F.);
#2403 = PLANE('',#2404);
#2404 = AXIS2_PLACEMENT_3D('',#2405,#2406,#2407);
#2405 = CARTESIAN_POINT('',(-6.117,1.656789049301,-5.51));
#2406 = DIRECTION('',(7.771561172376E-16,1.,-6.938893903908E-17));
#2407 = DIRECTION('',(-1.,7.771561172376E-16,-1.006139616067E-16));
#2408 = ADVANCED_FACE('',(#2409),#2436,.T.);
#2409 = FACE_BOUND('',#2410,.T.);
#2410 = EDGE_LOOP('',(#2411,#2420,#2428,#2435));
#2411 = ORIENTED_EDGE('',*,*,#2412,.T.);
#2412 = EDGE_CURVE('',#2025,#2413,#2415,.T.);
#2413 = VERTEX_POINT('',#2414);
#2414 = CARTESIAN_POINT('',(-5.490584833184,5.368341170996,-3.2));
#2415 = CIRCLE('',#2416,0.2);
#2416 = AXIS2_PLACEMENT_3D('',#2417,#2418,#2419);
#2417 = CARTESIAN_POINT('',(-5.297829237994,5.315,-3.2));
#2418 = DIRECTION('',(-1.006139616067E-16,8.011868568651E-32,1.));
#2419 = DIRECTION('',(-0.605513891261,0.795834736292,-6.092315140767E-17
    ));
#2420 = ORIENTED_EDGE('',*,*,#2421,.T.);
#2421 = EDGE_CURVE('',#2413,#2422,#2424,.T.);
#2422 = VERTEX_POINT('',#2423);
#2423 = CARTESIAN_POINT('',(-5.490584833184,5.368341170996,2.98));
#2424 = LINE('',#2425,#2426);
#2425 = CARTESIAN_POINT('',(-5.490584833184,5.368341170996,3.12));
#2426 = VECTOR('',#2427,1.);
#2427 = DIRECTION('',(1.091505655023E-31,3.944304526105E-31,1.));
#2428 = ORIENTED_EDGE('',*,*,#2429,.T.);
#2429 = EDGE_CURVE('',#2422,#2033,#2430,.T.);
#2430 = CIRCLE('',#2431,0.2);
#2431 = AXIS2_PLACEMENT_3D('',#2432,#2433,#2434);
#2432 = CARTESIAN_POINT('',(-5.297829237994,5.315,2.98));
#2433 = DIRECTION('',(1.006139616067E-16,-8.011868568651E-32,-1.));
#2434 = DIRECTION('',(-0.605513891261,0.795834736292,-6.092315140767E-17
    ));
#2435 = ORIENTED_EDGE('',*,*,#2032,.T.);
#2436 = CYLINDRICAL_SURFACE('',#2437,0.2);
#2437 = AXIS2_PLACEMENT_3D('',#2438,#2439,#2440);
#2438 = CARTESIAN_POINT('',(-5.297829237994,5.315,3.12));
#2439 = DIRECTION('',(-1.091505655023E-31,-3.944304526105E-31,-1.));
#2440 = DIRECTION('',(-0.605513891261,0.795834736292,-2.478092715883E-31
    ));
#2441 = ADVANCED_FACE('',(#2442),#2459,.F.);
#2442 = FACE_BOUND('',#2443,.T.);
#2443 = EDGE_LOOP('',(#2444,#2445,#2446,#2452,#2453));
#2444 = ORIENTED_EDGE('',*,*,#2412,.F.);
#2445 = ORIENTED_EDGE('',*,*,#2024,.F.);
#2446 = ORIENTED_EDGE('',*,*,#2447,.F.);
#2447 = EDGE_CURVE('',#2390,#2017,#2448,.T.);
#2448 = LINE('',#2449,#2450);
#2449 = CARTESIAN_POINT('',(-4.657,1.656789049301,-3.2));
#2450 = VECTOR('',#2451,1.);
#2451 = DIRECTION('',(8.326672684689E-16,1.,0.));
#2452 = ORIENTED_EDGE('',*,*,#2389,.T.);
#2453 = ORIENTED_EDGE('',*,*,#2454,.F.);
#2454 = EDGE_CURVE('',#2413,#2382,#2455,.T.);
#2455 = LINE('',#2456,#2457);
#2456 = CARTESIAN_POINT('',(-6.761996469322,0.773921849495,-3.2));
#2457 = VECTOR('',#2458,1.);
#2458 = DIRECTION('',(-0.266705854979,-0.963777975947,
    -2.683433265312E-17));
#2459 = PLANE('',#2460);
#2460 = AXIS2_PLACEMENT_3D('',#2461,#2462,#2463);
#2461 = CARTESIAN_POINT('',(-6.747,1.656789049301,-3.2));
#2462 = DIRECTION('',(-1.006139616067E-16,8.377795258084E-32,1.));
#2463 = DIRECTION('',(1.,-8.049116928532E-16,1.006139616067E-16));
#2464 = ADVANCED_FACE('',(#2465),#2501,.T.);
#2465 = FACE_BOUND('',#2466,.T.);
#2466 = EDGE_LOOP('',(#2467,#2478,#2486,#2495));
#2467 = ORIENTED_EDGE('',*,*,#2468,.T.);
#2468 = EDGE_CURVE('',#2469,#2471,#2473,.T.);
#2469 = VERTEX_POINT('',#2470);
#2470 = CARTESIAN_POINT('',(-6.332768721672,1.656789049301,
    6.226315411903));
#2471 = VERTEX_POINT('',#2472);
#2472 = CARTESIAN_POINT('',(-6.517681017803,1.656789049301,
    6.031074891037));
#2473 = ELLIPSE('',#2474,0.2259894886,0.2);
#2474 = AXIS2_PLACEMENT_3D('',#2475,#2476,#2477);
#2475 = CARTESIAN_POINT('',(-6.310164343848,1.656789049301,
    6.007207951993));
#2476 = DIRECTION('',(-8.049116928532E-16,-1.,7.642090019329E-30));
#2477 = DIRECTION('',(-0.526001811023,4.233850081545E-16,0.850483447693)
  );
#2478 = ORIENTED_EDGE('',*,*,#2479,.T.);
#2479 = EDGE_CURVE('',#2471,#2480,#2482,.T.);
#2480 = VERTEX_POINT('',#2481);
#2481 = CARTESIAN_POINT('',(-6.99,-5.E-02,6.794759479134));
#2482 = LINE('',#2483,#2484);
#2483 = CARTESIAN_POINT('',(-6.589685270421,1.396591863707,
    6.147497351438));
#2484 = VECTOR('',#2485,1.);
#2485 = DIRECTION('',(-0.244904806381,-0.884996913968,0.395982446681));
#2486 = ORIENTED_EDGE('',*,*,#2487,.T.);
#2487 = EDGE_CURVE('',#2480,#2488,#2490,.T.);
#2488 = VERTEX_POINT('',#2489);
#2489 = CARTESIAN_POINT('',(-6.805087703869,-5.E-02,6.99));
#2490 = ELLIPSE('',#2491,0.2259894886,0.2);
#2491 = AXIS2_PLACEMENT_3D('',#2492,#2493,#2494);
#2492 = CARTESIAN_POINT('',(-6.782483326045,-5.E-02,6.77089254009));
#2493 = DIRECTION('',(7.00670992849E-32,1.,-3.944304526105E-31));
#2494 = DIRECTION('',(-0.526001811023,3.723119923284E-31,0.850483447693)
  );
#2495 = ORIENTED_EDGE('',*,*,#2496,.T.);
#2496 = EDGE_CURVE('',#2488,#2469,#2497,.T.);
#2497 = LINE('',#2498,#2499);
#2498 = CARTESIAN_POINT('',(-6.396929675231,1.424934694394,
    6.330056174476));
#2499 = VECTOR('',#2500,1.);
#2500 = DIRECTION('',(0.244904806381,0.884996913968,-0.395982446681));
#2501 = CYLINDRICAL_SURFACE('',#2502,0.2);
#2502 = AXIS2_PLACEMENT_3D('',#2503,#2504,#2505);
#2503 = CARTESIAN_POINT('',(-6.396929675231,1.343250692711,
    6.147497351438));
#2504 = DIRECTION('',(0.244904806381,0.884996913968,-0.395982446681));
#2505 = DIRECTION('',(-0.647157999249,0.453333769705,0.612923337175));
#2506 = ADVANCED_FACE('',(#2507),#2540,.T.);
#2507 = FACE_BOUND('',#2508,.T.);
#2508 = EDGE_LOOP('',(#2509,#2510,#2518,#2526,#2534));
#2509 = ORIENTED_EDGE('',*,*,#2468,.F.);
#2510 = ORIENTED_EDGE('',*,*,#2511,.F.);
#2511 = EDGE_CURVE('',#2512,#2469,#2514,.T.);
#2512 = VERTEX_POINT('',#2513);
#2513 = CARTESIAN_POINT('',(-4.657,1.656789049301,6.226315411903));
#2514 = LINE('',#2515,#2516);
#2515 = CARTESIAN_POINT('',(0.4365,1.656789049301,6.226315411903));
#2516 = VECTOR('',#2517,1.);
#2517 = DIRECTION('',(-1.,8.049116928532E-16,-1.219038828983E-16));
#2518 = ORIENTED_EDGE('',*,*,#2519,.T.);
#2519 = EDGE_CURVE('',#2512,#2520,#2522,.T.);
#2520 = VERTEX_POINT('',#2521);
#2521 = CARTESIAN_POINT('',(-4.657,1.656789049301,2.98));
#2522 = LINE('',#2523,#2524);
#2523 = CARTESIAN_POINT('',(-4.657,1.656789049301,8.643794725699));
#2524 = VECTOR('',#2525,1.);
#2525 = DIRECTION('',(1.006139616067E-16,-7.691393825905E-30,-1.));
#2526 = ORIENTED_EDGE('',*,*,#2527,.T.);
#2527 = EDGE_CURVE('',#2520,#2528,#2530,.T.);
#2528 = VERTEX_POINT('',#2529);
#2529 = CARTESIAN_POINT('',(-6.517681017803,1.656789049301,2.98));
#2530 = LINE('',#2531,#2532);
#2531 = CARTESIAN_POINT('',(-4.657,1.656789049301,2.98));
#2532 = VECTOR('',#2533,1.);
#2533 = DIRECTION('',(-1.,8.049116928532E-16,-1.006139616067E-16));
#2534 = ORIENTED_EDGE('',*,*,#2535,.F.);
#2535 = EDGE_CURVE('',#2471,#2528,#2536,.T.);
#2536 = LINE('',#2537,#2538);
#2537 = CARTESIAN_POINT('',(-6.517681017803,1.656789049301,6.195));
#2538 = VECTOR('',#2539,1.);
#2539 = DIRECTION('',(-2.128436027294E-30,-7.691393825905E-30,-1.));
#2540 = PLANE('',#2541);
#2541 = AXIS2_PLACEMENT_3D('',#2542,#2543,#2544);
#2542 = CARTESIAN_POINT('',(-6.117,1.656789049301,5.4));
#2543 = DIRECTION('',(8.049116928532E-16,1.,-7.691393825905E-30));
#2544 = DIRECTION('',(-1.,8.049116928532E-16,-1.006139616067E-16));
#2545 = ADVANCED_FACE('',(#2546),#2641,.F.);
#2546 = FACE_BOUND('',#2547,.T.);
#2547 = EDGE_LOOP('',(#2548,#2549,#2550,#2559,#2567,#2575,#2581,#2582,
    #2583,#2591,#2599,#2607,#2615,#2623,#2631,#2638,#2639,#2640));
#2548 = ORIENTED_EDGE('',*,*,#1904,.T.);
#2549 = ORIENTED_EDGE('',*,*,#2177,.T.);
#2550 = ORIENTED_EDGE('',*,*,#2551,.F.);
#2551 = EDGE_CURVE('',#2552,#2170,#2554,.T.);
#2552 = VERTEX_POINT('',#2553);
#2553 = CARTESIAN_POINT('',(-3.657,2.156789049301,6.002595735353));
#2554 = ELLIPSE('',#2555,0.547768649774,0.5);
#2555 = AXIS2_PLACEMENT_3D('',#2556,#2557,#2558);
#2556 = CARTESIAN_POINT('',(-3.157,2.156789049301,6.002595735353));
#2557 = DIRECTION('',(2.174688934393E-16,0.408420008414,0.912794115191)
  );
#2558 = DIRECTION('',(-6.33378152142E-16,-0.912794115191,0.408420008414)
  );
#2559 = ORIENTED_EDGE('',*,*,#2560,.T.);
#2560 = EDGE_CURVE('',#2552,#2561,#2563,.T.);
#2561 = VERTEX_POINT('',#2562);
#2562 = CARTESIAN_POINT('',(-3.657,5.337526002524,4.579408850623));
#2563 = LINE('',#2564,#2565);
#2564 = CARTESIAN_POINT('',(-3.657,1.259391851955,6.404126556807));
#2565 = VECTOR('',#2566,1.);
#2566 = DIRECTION('',(8.011465376163E-16,0.912794115191,-0.408420008414)
  );
#2567 = ORIENTED_EDGE('',*,*,#2568,.F.);
#2568 = EDGE_CURVE('',#2569,#2561,#2571,.T.);
#2569 = VERTEX_POINT('',#2570);
#2570 = CARTESIAN_POINT('',(-4.657,5.337526002524,4.579408850623));
#2571 = LINE('',#2572,#2573);
#2572 = CARTESIAN_POINT('',(3.495,5.337526002524,4.579408850623));
#2573 = VECTOR('',#2574,1.);
#2574 = DIRECTION('',(1.,-7.559136572324E-32,-2.382452842543E-16));
#2575 = ORIENTED_EDGE('',*,*,#2576,.T.);
#2576 = EDGE_CURVE('',#2569,#2512,#2577,.T.);
#2577 = LINE('',#2578,#2579);
#2578 = CARTESIAN_POINT('',(-4.657,0.506329023938,6.741076501419));
#2579 = VECTOR('',#2580,1.);
#2580 = DIRECTION('',(-7.166961173308E-16,-0.912794115191,0.408420008414
    ));
#2581 = ORIENTED_EDGE('',*,*,#2511,.T.);
#2582 = ORIENTED_EDGE('',*,*,#2496,.F.);
#2583 = ORIENTED_EDGE('',*,*,#2584,.F.);
#2584 = EDGE_CURVE('',#2585,#2488,#2587,.T.);
#2585 = VERTEX_POINT('',#2586);
#2586 = CARTESIAN_POINT('',(6.805087703869,-5.E-02,6.99));
#2587 = LINE('',#2588,#2589);
#2588 = CARTESIAN_POINT('',(6.99,-5.E-02,6.99));
#2589 = VECTOR('',#2590,1.);
#2590 = DIRECTION('',(-1.,7.79105060964E-32,2.662405334833E-16));
#2591 = ORIENTED_EDGE('',*,*,#2592,.F.);
#2592 = EDGE_CURVE('',#2593,#2585,#2595,.T.);
#2593 = VERTEX_POINT('',#2594);
#2594 = CARTESIAN_POINT('',(6.332768721672,1.656789049301,6.226315411903
    ));
#2595 = LINE('',#2596,#2597);
#2596 = CARTESIAN_POINT('',(6.138302189911,2.359520379984,5.911885759899
    ));
#2597 = VECTOR('',#2598,1.);
#2598 = DIRECTION('',(0.244904806381,-0.884996913968,0.395982446681));
#2599 = ORIENTED_EDGE('',*,*,#2600,.T.);
#2600 = EDGE_CURVE('',#2593,#2601,#2603,.T.);
#2601 = VERTEX_POINT('',#2602);
#2602 = CARTESIAN_POINT('',(5.143,1.656789049301,6.226315411903));
#2603 = LINE('',#2604,#2605);
#2604 = CARTESIAN_POINT('',(6.7965,1.656789049301,6.226315411903));
#2605 = VECTOR('',#2606,1.);
#2606 = DIRECTION('',(-1.,8.049116928532E-16,-1.219038828983E-16));
#2607 = ORIENTED_EDGE('',*,*,#2608,.T.);
#2608 = EDGE_CURVE('',#2601,#2609,#2611,.T.);
#2609 = VERTEX_POINT('',#2610);
#2610 = CARTESIAN_POINT('',(5.143,5.337526002524,4.579408850623));
#2611 = LINE('',#2612,#2613);
#2612 = CARTESIAN_POINT('',(5.143,1.408513204038,6.337403795498));
#2613 = VECTOR('',#2614,1.);
#2614 = DIRECTION('',(5.560622842113E-16,0.912794115191,-0.408420008414)
  );
#2615 = ORIENTED_EDGE('',*,*,#2616,.F.);
#2616 = EDGE_CURVE('',#2617,#2609,#2619,.T.);
#2617 = VERTEX_POINT('',#2618);
#2618 = CARTESIAN_POINT('',(4.143,5.337526002524,4.579408850623));
#2619 = LINE('',#2620,#2621);
#2620 = CARTESIAN_POINT('',(3.495,5.337526002524,4.579408850623));
#2621 = VECTOR('',#2622,1.);
#2622 = DIRECTION('',(1.,-7.559136572324E-32,-2.382452842543E-16));
#2623 = ORIENTED_EDGE('',*,*,#2624,.T.);
#2624 = EDGE_CURVE('',#2617,#2625,#2627,.T.);
#2625 = VERTEX_POINT('',#2626);
#2626 = CARTESIAN_POINT('',(4.143,2.156789049301,6.002595735353));
#2627 = LINE('',#2628,#2629);
#2628 = CARTESIAN_POINT('',(4.143,0.506329023938,6.741076501419));
#2629 = VECTOR('',#2630,1.);
#2630 = DIRECTION('',(-8.011465376163E-16,-0.912794115191,0.408420008414
    ));
#2631 = ORIENTED_EDGE('',*,*,#2632,.F.);
#2632 = EDGE_CURVE('',#2131,#2625,#2633,.T.);
#2633 = ELLIPSE('',#2634,0.547768649774,0.5);
#2634 = AXIS2_PLACEMENT_3D('',#2635,#2636,#2637);
#2635 = CARTESIAN_POINT('',(3.643,2.156789049301,6.002595735353));
#2636 = DIRECTION('',(2.174688934393E-16,0.408420008414,0.912794115191)
  );
#2637 = DIRECTION('',(-4.433647064994E-16,-0.912794115191,0.408420008414
    ));
#2638 = ORIENTED_EDGE('',*,*,#2130,.T.);
#2639 = ORIENTED_EDGE('',*,*,#1886,.T.);
#2640 = ORIENTED_EDGE('',*,*,#1919,.T.);
#2641 = PLANE('',#2642);
#2642 = AXIS2_PLACEMENT_3D('',#2643,#2644,#2645);
#2643 = CARTESIAN_POINT('',(6.99,-5.E-02,6.99));
#2644 = DIRECTION('',(-2.174688934393E-16,-0.408420008414,
    -0.912794115191));
#2645 = DIRECTION('',(-1.,3.697785493223E-32,2.382452842543E-16));
#2646 = ADVANCED_FACE('',(#2647),#2674,.T.);
#2647 = FACE_BOUND('',#2648,.T.);
#2648 = EDGE_LOOP('',(#2649,#2658,#2666,#2673));
#2649 = ORIENTED_EDGE('',*,*,#2650,.T.);
#2650 = EDGE_CURVE('',#2351,#2651,#2653,.T.);
#2651 = VERTEX_POINT('',#2652);
#2652 = CARTESIAN_POINT('',(6.517681017803,1.656789049301,
    -6.492715529455));
#2653 = ELLIPSE('',#2654,0.210544702723,0.2);
#2654 = AXIS2_PLACEMENT_3D('',#2655,#2656,#2657);
#2655 = CARTESIAN_POINT('',(6.310164343848,1.656789049301,
    -6.483226264534));
#2656 = DIRECTION('',(-8.049116928532E-16,-1.,7.642090019329E-30));
#2657 = DIRECTION('',(0.841178475377,-6.770743906071E-16,-0.540757591313
    ));
#2658 = ORIENTED_EDGE('',*,*,#2659,.T.);
#2659 = EDGE_CURVE('',#2651,#2660,#2662,.T.);
#2660 = VERTEX_POINT('',#2661);
#2661 = CARTESIAN_POINT('',(6.99,-5.E-02,-6.796349160867));
#2662 = LINE('',#2663,#2664);
#2663 = CARTESIAN_POINT('',(6.515588429489,1.66435090253,-6.491370294109
    ));
#2664 = VECTOR('',#2665,1.);
#2665 = DIRECTION('',(0.262870123227,-0.949917036208,-0.168987936361));
#2666 = ORIENTED_EDGE('',*,*,#2667,.T.);
#2667 = EDGE_CURVE('',#2660,#2359,#2668,.T.);
#2668 = ELLIPSE('',#2669,0.210544702723,0.2);
#2669 = AXIS2_PLACEMENT_3D('',#2670,#2671,#2672);
#2670 = CARTESIAN_POINT('',(6.782483326045,-5.E-02,-6.786859895946));
#2671 = DIRECTION('',(7.00670992849E-32,1.,-3.944304526105E-31));
#2672 = DIRECTION('',(0.841178475377,-2.722301972449E-31,-0.540757591313
    ));
#2673 = ORIENTED_EDGE('',*,*,#2358,.T.);
#2674 = CYLINDRICAL_SURFACE('',#2675,0.2);
#2675 = AXIS2_PLACEMENT_3D('',#2676,#2677,#2678);
#2676 = CARTESIAN_POINT('',(6.322832834299,1.611009731534,
    -6.491370294109));
#2677 = DIRECTION('',(-0.262870123227,0.949917036208,0.168987936361));
#2678 = DIRECTION('',(0.666113460815,0.30538628656,-0.680464601064));
#2679 = ADVANCED_FACE('',(#2680),#2737,.F.);
#2680 = FACE_BOUND('',#2681,.T.);
#2681 = EDGE_LOOP('',(#2682,#2683,#2691,#2699,#2707,#2715,#2723,#2731));
#2682 = ORIENTED_EDGE('',*,*,#2659,.F.);
#2683 = ORIENTED_EDGE('',*,*,#2684,.T.);
#2684 = EDGE_CURVE('',#2651,#2685,#2687,.T.);
#2685 = VERTEX_POINT('',#2686);
#2686 = CARTESIAN_POINT('',(6.517681017803,1.656789049301,-3.2));
#2687 = LINE('',#2688,#2689);
#2688 = CARTESIAN_POINT('',(6.517681017803,1.656789049301,
    -6.223651131473));
#2689 = VECTOR('',#2690,1.);
#2690 = DIRECTION('',(-1.923808788213E-30,7.691393825905E-30,1.));
#2691 = ORIENTED_EDGE('',*,*,#2692,.T.);
#2692 = EDGE_CURVE('',#2685,#2693,#2695,.T.);
#2693 = VERTEX_POINT('',#2694);
#2694 = CARTESIAN_POINT('',(5.490584833184,5.368341170996,-3.2));
#2695 = LINE('',#2696,#2697);
#2696 = CARTESIAN_POINT('',(6.704948594832,0.980072123221,-3.2));
#2697 = VECTOR('',#2698,1.);
#2698 = DIRECTION('',(-0.266705854979,0.963777975947,-2.683433265312E-17
    ));
#2699 = ORIENTED_EDGE('',*,*,#2700,.F.);
#2700 = EDGE_CURVE('',#2701,#2693,#2703,.T.);
#2701 = VERTEX_POINT('',#2702);
#2702 = CARTESIAN_POINT('',(5.490584833184,5.368341170996,2.98));
#2703 = LINE('',#2704,#2705);
#2704 = CARTESIAN_POINT('',(5.490584833184,5.368341170996,-3.87));
#2705 = VECTOR('',#2706,1.);
#2706 = DIRECTION('',(-9.547667357893E-32,-3.944304526105E-31,-1.));
#2707 = ORIENTED_EDGE('',*,*,#2708,.T.);
#2708 = EDGE_CURVE('',#2701,#2709,#2711,.T.);
#2709 = VERTEX_POINT('',#2710);
#2710 = CARTESIAN_POINT('',(6.517681017803,1.656789049301,2.98));
#2711 = LINE('',#2712,#2713);
#2712 = CARTESIAN_POINT('',(6.779281548501,0.711459858827,2.98));
#2713 = VECTOR('',#2714,1.);
#2714 = DIRECTION('',(0.266705854979,-0.963777975947,2.683433265312E-17)
  );
#2715 = ORIENTED_EDGE('',*,*,#2716,.T.);
#2716 = EDGE_CURVE('',#2709,#2717,#2719,.T.);
#2717 = VERTEX_POINT('',#2718);
#2718 = CARTESIAN_POINT('',(6.517681017803,1.656789049301,6.031074891037
    ));
#2719 = LINE('',#2720,#2721);
#2720 = CARTESIAN_POINT('',(6.517681017803,1.656789049301,-0.795));
#2721 = VECTOR('',#2722,1.);
#2722 = DIRECTION('',(-1.923808788213E-30,7.691393825905E-30,1.));
#2723 = ORIENTED_EDGE('',*,*,#2724,.F.);
#2724 = EDGE_CURVE('',#2725,#2717,#2727,.T.);
#2725 = VERTEX_POINT('',#2726);
#2726 = CARTESIAN_POINT('',(6.99,-5.E-02,6.794759479134));
#2727 = LINE('',#2728,#2729);
#2728 = CARTESIAN_POINT('',(6.3310577851,2.331177549297,5.729326936861)
  );
#2729 = VECTOR('',#2730,1.);
#2730 = DIRECTION('',(-0.244904806381,0.884996913968,-0.395982446681));
#2731 = ORIENTED_EDGE('',*,*,#2732,.F.);
#2732 = EDGE_CURVE('',#2660,#2725,#2733,.T.);
#2733 = LINE('',#2734,#2735);
#2734 = CARTESIAN_POINT('',(6.99,-5.E-02,-6.99));
#2735 = VECTOR('',#2736,1.);
#2736 = DIRECTION('',(9.860761315263E-32,3.944304526105E-31,1.));
#2737 = PLANE('',#2738);
#2738 = AXIS2_PLACEMENT_3D('',#2739,#2740,#2741);
#2739 = CARTESIAN_POINT('',(6.99,-5.E-02,-6.99));
#2740 = DIRECTION('',(-0.963777975947,-0.266705854979,1.972152263053E-31
    ));
#2741 = DIRECTION('',(9.569938361364E-32,3.936256595305E-31,1.));
#2742 = ADVANCED_FACE('',(#2743),#2762,.T.);
#2743 = FACE_BOUND('',#2744,.T.);
#2744 = EDGE_LOOP('',(#2745,#2746,#2747,#2755,#2761));
#2745 = ORIENTED_EDGE('',*,*,#2650,.F.);
#2746 = ORIENTED_EDGE('',*,*,#2350,.F.);
#2747 = ORIENTED_EDGE('',*,*,#2748,.F.);
#2748 = EDGE_CURVE('',#2749,#2343,#2751,.T.);
#2749 = VERTEX_POINT('',#2750);
#2750 = CARTESIAN_POINT('',(5.143,1.656789049301,-3.2));
#2751 = LINE('',#2752,#2753);
#2752 = CARTESIAN_POINT('',(5.143,1.656789049301,-3.2));
#2753 = VECTOR('',#2754,1.);
#2754 = DIRECTION('',(1.006139616067E-16,-7.691393825905E-30,-1.));
#2755 = ORIENTED_EDGE('',*,*,#2756,.F.);
#2756 = EDGE_CURVE('',#2685,#2749,#2757,.T.);
#2757 = LINE('',#2758,#2759);
#2758 = CARTESIAN_POINT('',(9.452777851139,1.656789049301,-3.2));
#2759 = VECTOR('',#2760,1.);
#2760 = DIRECTION('',(-1.,8.049116928532E-16,-1.006139616067E-16));
#2761 = ORIENTED_EDGE('',*,*,#2684,.F.);
#2762 = PLANE('',#2763);
#2763 = AXIS2_PLACEMENT_3D('',#2764,#2765,#2766);
#2764 = CARTESIAN_POINT('',(6.603,1.656789049301,-5.457302262946));
#2765 = DIRECTION('',(8.049116928532E-16,1.,-7.691393825905E-30));
#2766 = DIRECTION('',(-1.,8.049116928532E-16,-1.006139616067E-16));
#2767 = ADVANCED_FACE('',(#2768),#2786,.T.);
#2768 = FACE_BOUND('',#2769,.T.);
#2769 = EDGE_LOOP('',(#2770,#2777,#2778,#2785));
#2770 = ORIENTED_EDGE('',*,*,#2771,.T.);
#2771 = EDGE_CURVE('',#2717,#2593,#2772,.T.);
#2772 = ELLIPSE('',#2773,0.2259894886,0.2);
#2773 = AXIS2_PLACEMENT_3D('',#2774,#2775,#2776);
#2774 = CARTESIAN_POINT('',(6.310164343848,1.656789049301,6.007207951993
    ));
#2775 = DIRECTION('',(-8.049116928532E-16,-1.,7.642090019329E-30));
#2776 = DIRECTION('',(0.526001811023,-4.233850081545E-16,0.850483447693)
  );
#2777 = ORIENTED_EDGE('',*,*,#2592,.T.);
#2778 = ORIENTED_EDGE('',*,*,#2779,.T.);
#2779 = EDGE_CURVE('',#2585,#2725,#2780,.T.);
#2780 = ELLIPSE('',#2781,0.2259894886,0.2);
#2781 = AXIS2_PLACEMENT_3D('',#2782,#2783,#2784);
#2782 = CARTESIAN_POINT('',(6.782483326045,-5.E-02,6.77089254009));
#2783 = DIRECTION('',(7.00670992849E-32,1.,-3.944304526105E-31));
#2784 = DIRECTION('',(0.526001811023,2.986011500944E-31,0.850483447693)
  );
#2785 = ORIENTED_EDGE('',*,*,#2724,.T.);
#2786 = CYLINDRICAL_SURFACE('',#2787,0.2);
#2787 = AXIS2_PLACEMENT_3D('',#2788,#2789,#2790);
#2788 = CARTESIAN_POINT('',(6.138302189911,2.277836378301,5.729326936861
    ));
#2789 = DIRECTION('',(-0.244904806381,0.884996913968,-0.395982446681));
#2790 = DIRECTION('',(0.647157999249,0.453333769705,0.612923337175));
#2791 = ADVANCED_FACE('',(#2792),#2811,.T.);
#2792 = FACE_BOUND('',#2793,.T.);
#2793 = EDGE_LOOP('',(#2794,#2795,#2796,#2804,#2810));
#2794 = ORIENTED_EDGE('',*,*,#2771,.F.);
#2795 = ORIENTED_EDGE('',*,*,#2716,.F.);
#2796 = ORIENTED_EDGE('',*,*,#2797,.F.);
#2797 = EDGE_CURVE('',#2798,#2709,#2800,.T.);
#2798 = VERTEX_POINT('',#2799);
#2799 = CARTESIAN_POINT('',(5.143,1.656789049301,2.98));
#2800 = LINE('',#2801,#2802);
#2801 = CARTESIAN_POINT('',(5.143,1.656789049301,2.98));
#2802 = VECTOR('',#2803,1.);
#2803 = DIRECTION('',(1.,-8.049116928532E-16,1.006139616067E-16));
#2804 = ORIENTED_EDGE('',*,*,#2805,.F.);
#2805 = EDGE_CURVE('',#2601,#2798,#2806,.T.);
#2806 = LINE('',#2807,#2808);
#2807 = CARTESIAN_POINT('',(5.143,1.656789049301,8.625601406049));
#2808 = VECTOR('',#2809,1.);
#2809 = DIRECTION('',(-2.926915322724E-16,-7.296963373294E-30,-1.));
#2810 = ORIENTED_EDGE('',*,*,#2600,.F.);
#2811 = PLANE('',#2812);
#2812 = AXIS2_PLACEMENT_3D('',#2813,#2814,#2815);
#2813 = CARTESIAN_POINT('',(6.603,1.656789049301,5.4));
#2814 = DIRECTION('',(8.049116928532E-16,1.,-7.691393825905E-30));
#2815 = DIRECTION('',(-1.,8.049116928532E-16,-1.006139616067E-16));
#2816 = ADVANCED_FACE('',(#2817),#2835,.T.);
#2817 = FACE_BOUND('',#2818,.T.);
#2818 = EDGE_LOOP('',(#2819,#2826,#2827,#2834));
#2819 = ORIENTED_EDGE('',*,*,#2820,.T.);
#2820 = EDGE_CURVE('',#1977,#2701,#2821,.T.);
#2821 = CIRCLE('',#2822,0.2);
#2822 = AXIS2_PLACEMENT_3D('',#2823,#2824,#2825);
#2823 = CARTESIAN_POINT('',(5.297829237994,5.315,2.98));
#2824 = DIRECTION('',(1.006139616067E-16,-8.011868568651E-32,-1.));
#2825 = DIRECTION('',(0.605513891261,0.795834736292,6.092315140767E-17)
  );
#2826 = ORIENTED_EDGE('',*,*,#2700,.T.);
#2827 = ORIENTED_EDGE('',*,*,#2828,.T.);
#2828 = EDGE_CURVE('',#2693,#1985,#2829,.T.);
#2829 = CIRCLE('',#2830,0.2);
#2830 = AXIS2_PLACEMENT_3D('',#2831,#2832,#2833);
#2831 = CARTESIAN_POINT('',(5.297829237994,5.315,-3.2));
#2832 = DIRECTION('',(-1.006139616067E-16,8.011868568651E-32,1.));
#2833 = DIRECTION('',(0.605513891261,0.795834736292,6.092315140767E-17)
  );
#2834 = ORIENTED_EDGE('',*,*,#1984,.T.);
#2835 = CYLINDRICAL_SURFACE('',#2836,0.2);
#2836 = AXIS2_PLACEMENT_3D('',#2837,#2838,#2839);
#2837 = CARTESIAN_POINT('',(5.297829237994,5.315,-3.87));
#2838 = DIRECTION('',(9.547667357893E-32,3.944304526105E-31,1.));
#2839 = DIRECTION('',(0.605513891261,0.795834736292,-3.717139073824E-31)
  );
#2840 = ADVANCED_FACE('',(#2841),#2853,.F.);
#2841 = FACE_BOUND('',#2842,.T.);
#2842 = EDGE_LOOP('',(#2843,#2844,#2845,#2846,#2852));
#2843 = ORIENTED_EDGE('',*,*,#2828,.F.);
#2844 = ORIENTED_EDGE('',*,*,#2692,.F.);
#2845 = ORIENTED_EDGE('',*,*,#2756,.T.);
#2846 = ORIENTED_EDGE('',*,*,#2847,.T.);
#2847 = EDGE_CURVE('',#2749,#1993,#2848,.T.);
#2848 = LINE('',#2849,#2850);
#2849 = CARTESIAN_POINT('',(5.143,1.656789049301,-3.2));
#2850 = VECTOR('',#2851,1.);
#2851 = DIRECTION('',(7.401486830834E-16,1.,0.));
#2852 = ORIENTED_EDGE('',*,*,#1992,.F.);
#2853 = PLANE('',#2854);
#2854 = AXIS2_PLACEMENT_3D('',#2855,#2856,#2857);
#2855 = CARTESIAN_POINT('',(5.143,1.656789049301,-3.2));
#2856 = DIRECTION('',(-1.006139616067E-16,7.446929118297E-32,1.));
#2857 = DIRECTION('',(1.,-8.049116928532E-16,1.006139616067E-16));
#2858 = ADVANCED_FACE('',(#2859),#2878,.F.);
#2859 = FACE_BOUND('',#2860,.F.);
#2860 = EDGE_LOOP('',(#2861,#2870,#2877));
#2861 = ORIENTED_EDGE('',*,*,#2862,.F.);
#2862 = EDGE_CURVE('',#2863,#2193,#2865,.T.);
#2863 = VERTEX_POINT('',#2864);
#2864 = CARTESIAN_POINT('',(4.143,2.156789049301,4.28));
#2865 = CIRCLE('',#2866,0.5);
#2866 = AXIS2_PLACEMENT_3D('',#2867,#2868,#2869);
#2867 = CARTESIAN_POINT('',(3.643,2.156789049301,4.28));
#2868 = DIRECTION('',(5.551115123126E-16,1.,0.));
#2869 = DIRECTION('',(0.,0.,-1.));
#2870 = ORIENTED_EDGE('',*,*,#2871,.F.);
#2871 = EDGE_CURVE('',#2139,#2863,#2872,.T.);
#2872 = CIRCLE('',#2873,0.5);
#2873 = AXIS2_PLACEMENT_3D('',#2874,#2875,#2876);
#2874 = CARTESIAN_POINT('',(3.643,2.156789049301,4.28));
#2875 = DIRECTION('',(6.162975822039E-31,1.110223024625E-15,1.));
#2876 = DIRECTION('',(1.,-5.551115123126E-16,1.138555002264E-45));
#2877 = ORIENTED_EDGE('',*,*,#2240,.F.);
#2878 = SPHERICAL_SURFACE('',#2879,0.5);
#2879 = AXIS2_PLACEMENT_3D('',#2880,#2881,#2882);
#2880 = CARTESIAN_POINT('',(3.643,2.156789049301,4.28));
#2881 = DIRECTION('',(-0.408248290464,0.408248290464,-0.816496580928));
#2882 = DIRECTION('',(0.57735026919,-0.57735026919,-0.57735026919));
#2883 = ADVANCED_FACE('',(#2884),#2895,.F.);
#2884 = FACE_BOUND('',#2885,.F.);
#2885 = EDGE_LOOP('',(#2886,#2887,#2888,#2894));
#2886 = ORIENTED_EDGE('',*,*,#2138,.F.);
#2887 = ORIENTED_EDGE('',*,*,#2871,.T.);
#2888 = ORIENTED_EDGE('',*,*,#2889,.F.);
#2889 = EDGE_CURVE('',#2625,#2863,#2890,.T.);
#2890 = LINE('',#2891,#2892);
#2891 = CARTESIAN_POINT('',(4.143,2.156789049301,6.89625));
#2892 = VECTOR('',#2893,1.);
#2893 = DIRECTION('',(1.006139616067E-16,-1.672022627448E-16,-1.));
#2894 = ORIENTED_EDGE('',*,*,#2632,.F.);
#2895 = CYLINDRICAL_SURFACE('',#2896,0.5);
#2896 = AXIS2_PLACEMENT_3D('',#2897,#2898,#2899);
#2897 = CARTESIAN_POINT('',(3.643,2.156789049301,6.89625));
#2898 = DIRECTION('',(1.006139616067E-16,-1.672022627448E-16,-1.));
#2899 = DIRECTION('',(0.707106781187,-0.707106781187,1.893746683507E-16)
  );
#2900 = ADVANCED_FACE('',(#2901),#2912,.F.);
#2901 = FACE_BOUND('',#2902,.F.);
#2902 = EDGE_LOOP('',(#2903,#2909,#2910,#2911));
#2903 = ORIENTED_EDGE('',*,*,#2904,.F.);
#2904 = EDGE_CURVE('',#2863,#1944,#2905,.T.);
#2905 = LINE('',#2906,#2907);
#2906 = CARTESIAN_POINT('',(4.143,1.656789049301,4.28));
#2907 = VECTOR('',#2908,1.);
#2908 = DIRECTION('',(8.326672684689E-16,1.,0.));
#2909 = ORIENTED_EDGE('',*,*,#2862,.T.);
#2910 = ORIENTED_EDGE('',*,*,#2200,.F.);
#2911 = ORIENTED_EDGE('',*,*,#1943,.F.);
#2912 = CYLINDRICAL_SURFACE('',#2913,0.5);
#2913 = AXIS2_PLACEMENT_3D('',#2914,#2915,#2916);
#2914 = CARTESIAN_POINT('',(3.643,1.656789049301,4.28));
#2915 = DIRECTION('',(8.326672684689E-16,1.,0.));
#2916 = DIRECTION('',(0.707106781187,-5.887846720064E-16,-0.707106781187
    ));
#2917 = ADVANCED_FACE('',(#2918),#2937,.F.);
#2918 = FACE_BOUND('',#2919,.F.);
#2919 = EDGE_LOOP('',(#2920,#2921,#2930));
#2920 = ORIENTED_EDGE('',*,*,#2258,.F.);
#2921 = ORIENTED_EDGE('',*,*,#2922,.F.);
#2922 = EDGE_CURVE('',#2923,#2162,#2925,.T.);
#2923 = VERTEX_POINT('',#2924);
#2924 = CARTESIAN_POINT('',(-3.657,2.156789049301,4.28));
#2925 = CIRCLE('',#2926,0.5);
#2926 = AXIS2_PLACEMENT_3D('',#2927,#2928,#2929);
#2927 = CARTESIAN_POINT('',(-3.157,2.156789049301,4.28));
#2928 = DIRECTION('',(0.,0.,1.));
#2929 = DIRECTION('',(-1.110223024625E-15,-1.,0.));
#2930 = ORIENTED_EDGE('',*,*,#2931,.F.);
#2931 = EDGE_CURVE('',#2218,#2923,#2932,.T.);
#2932 = CIRCLE('',#2933,0.5);
#2933 = AXIS2_PLACEMENT_3D('',#2934,#2935,#2936);
#2934 = CARTESIAN_POINT('',(-3.157,2.156789049301,4.28));
#2935 = DIRECTION('',(5.551115123126E-16,1.,-5.551115123126E-16));
#2936 = DIRECTION('',(-1.,5.551115123126E-16,0.));
#2937 = SPHERICAL_SURFACE('',#2938,0.5);
#2938 = AXIS2_PLACEMENT_3D('',#2939,#2940,#2941);
#2939 = CARTESIAN_POINT('',(-3.157,2.156789049301,4.28));
#2940 = DIRECTION('',(0.408248290464,-0.816496580928,0.408248290464));
#2941 = DIRECTION('',(-0.57735026919,-0.57735026919,-0.57735026919));
#2942 = ADVANCED_FACE('',(#2943),#2954,.F.);
#2943 = FACE_BOUND('',#2944,.F.);
#2944 = EDGE_LOOP('',(#2945,#2951,#2952,#2953));
#2945 = ORIENTED_EDGE('',*,*,#2946,.F.);
#2946 = EDGE_CURVE('',#2923,#2552,#2947,.T.);
#2947 = LINE('',#2948,#2949);
#2948 = CARTESIAN_POINT('',(-3.657,2.156789049301,4.87625));
#2949 = VECTOR('',#2950,1.);
#2950 = DIRECTION('',(-1.006139616067E-16,1.672022627448E-16,1.));
#2951 = ORIENTED_EDGE('',*,*,#2922,.T.);
#2952 = ORIENTED_EDGE('',*,*,#2169,.F.);
#2953 = ORIENTED_EDGE('',*,*,#2551,.F.);
#2954 = CYLINDRICAL_SURFACE('',#2955,0.5);
#2955 = AXIS2_PLACEMENT_3D('',#2956,#2957,#2958);
#2956 = CARTESIAN_POINT('',(-3.157,2.156789049301,4.87625));
#2957 = DIRECTION('',(-1.006139616067E-16,1.672022627448E-16,1.));
#2958 = DIRECTION('',(-0.707106781187,-0.707106781187,4.708503928245E-17
    ));
#2959 = ADVANCED_FACE('',(#2960),#2971,.F.);
#2960 = FACE_BOUND('',#2961,.F.);
#2961 = EDGE_LOOP('',(#2962,#2963,#2964,#2970));
#2962 = ORIENTED_EDGE('',*,*,#2217,.F.);
#2963 = ORIENTED_EDGE('',*,*,#2931,.T.);
#2964 = ORIENTED_EDGE('',*,*,#2965,.F.);
#2965 = EDGE_CURVE('',#2065,#2923,#2966,.T.);
#2966 = LINE('',#2967,#2968);
#2967 = CARTESIAN_POINT('',(-3.657,1.656789049301,4.28));
#2968 = VECTOR('',#2969,1.);
#2969 = DIRECTION('',(-8.326672684689E-16,-1.,0.));
#2970 = ORIENTED_EDGE('',*,*,#2072,.F.);
#2971 = CYLINDRICAL_SURFACE('',#2972,0.5);
#2972 = AXIS2_PLACEMENT_3D('',#2973,#2974,#2975);
#2973 = CARTESIAN_POINT('',(-3.157,1.656789049301,4.28));
#2974 = DIRECTION('',(8.326672684689E-16,1.,0.));
#2975 = DIRECTION('',(-0.707106781187,5.887846720064E-16,-0.707106781187
    ));
#2976 = ADVANCED_FACE('',(#2977),#2990,.F.);
#2977 = FACE_BOUND('',#2978,.T.);
#2978 = EDGE_LOOP('',(#2979,#2980,#2981,#2982,#2989));
#2979 = ORIENTED_EDGE('',*,*,#2946,.F.);
#2980 = ORIENTED_EDGE('',*,*,#2965,.F.);
#2981 = ORIENTED_EDGE('',*,*,#2064,.F.);
#2982 = ORIENTED_EDGE('',*,*,#2983,.F.);
#2983 = EDGE_CURVE('',#2561,#2057,#2984,.T.);
#2984 = CIRCLE('',#2985,0.3);
#2985 = AXIS2_PLACEMENT_3D('',#2986,#2987,#2988);
#2986 = CARTESIAN_POINT('',(-3.657,5.215,4.305570616065));
#2987 = DIRECTION('',(-1.,8.326672684689E-16,-1.006139616067E-16));
#2988 = DIRECTION('',(6.440307433838E-16,0.839172213677,0.543865788401)
  );
#2989 = ORIENTED_EDGE('',*,*,#2560,.F.);
#2990 = PLANE('',#2991);
#2991 = AXIS2_PLACEMENT_3D('',#2992,#2993,#2994);
#2992 = CARTESIAN_POINT('',(-3.657,1.656789049301,3.78));
#2993 = DIRECTION('',(-1.,8.326672684689E-16,-1.006139616067E-16));
#2994 = DIRECTION('',(-1.006139616067E-16,7.691393825905E-30,1.));
#2995 = ADVANCED_FACE('',(#2996),#3008,.F.);
#2996 = FACE_BOUND('',#2997,.T.);
#2997 = EDGE_LOOP('',(#2998,#2999,#3000,#3006,#3007));
#2998 = ORIENTED_EDGE('',*,*,#2820,.F.);
#2999 = ORIENTED_EDGE('',*,*,#1976,.F.);
#3000 = ORIENTED_EDGE('',*,*,#3001,.F.);
#3001 = EDGE_CURVE('',#2798,#1969,#3002,.T.);
#3002 = LINE('',#3003,#3004);
#3003 = CARTESIAN_POINT('',(5.143,1.656789049301,2.98));
#3004 = VECTOR('',#3005,1.);
#3005 = DIRECTION('',(7.401486830834E-16,1.,0.));
#3006 = ORIENTED_EDGE('',*,*,#2797,.T.);
#3007 = ORIENTED_EDGE('',*,*,#2708,.F.);
#3008 = PLANE('',#3009);
#3009 = AXIS2_PLACEMENT_3D('',#3010,#3011,#3012);
#3010 = CARTESIAN_POINT('',(7.233,1.656789049301,2.98));
#3011 = DIRECTION('',(1.006139616067E-16,-7.446929118297E-32,-1.));
#3012 = DIRECTION('',(-1.,8.049116928532E-16,-1.006139616067E-16));
#3013 = ADVANCED_FACE('',(#3014),#3027,.F.);
#3014 = FACE_BOUND('',#3015,.T.);
#3015 = EDGE_LOOP('',(#3016,#3017,#3024,#3025,#3026));
#3016 = ORIENTED_EDGE('',*,*,#1968,.F.);
#3017 = ORIENTED_EDGE('',*,*,#3018,.F.);
#3018 = EDGE_CURVE('',#2609,#1961,#3019,.T.);
#3019 = CIRCLE('',#3020,0.3);
#3020 = AXIS2_PLACEMENT_3D('',#3021,#3022,#3023);
#3021 = CARTESIAN_POINT('',(5.143,5.215,4.305570616065));
#3022 = DIRECTION('',(-1.,7.401486830834E-16,2.926915322724E-16));
#3023 = DIRECTION('',(7.802971197906E-16,0.839172213677,0.543865788401)
  );
#3024 = ORIENTED_EDGE('',*,*,#2608,.F.);
#3025 = ORIENTED_EDGE('',*,*,#2805,.T.);
#3026 = ORIENTED_EDGE('',*,*,#3001,.T.);
#3027 = PLANE('',#3028);
#3028 = AXIS2_PLACEMENT_3D('',#3029,#3030,#3031);
#3029 = CARTESIAN_POINT('',(5.143,1.656789049301,2.98));
#3030 = DIRECTION('',(-1.,7.401486830834E-16,2.926915322724E-16));
#3031 = DIRECTION('',(2.926915322724E-16,7.296963373294E-30,1.));
#3032 = ADVANCED_FACE('',(#3033),#3046,.F.);
#3033 = FACE_BOUND('',#3034,.T.);
#3034 = EDGE_LOOP('',(#3035,#3036,#3043,#3044,#3045));
#3035 = ORIENTED_EDGE('',*,*,#2342,.F.);
#3036 = ORIENTED_EDGE('',*,*,#3037,.F.);
#3037 = EDGE_CURVE('',#2001,#2335,#3038,.T.);
#3038 = CIRCLE('',#3039,1.);
#3039 = AXIS2_PLACEMENT_3D('',#3040,#3041,#3042);
#3040 = CARTESIAN_POINT('',(5.143,4.515,-5.162197053853));
#3041 = DIRECTION('',(-1.,7.401486830834E-16,-1.006139616067E-16));
#3042 = DIRECTION('',(6.319635730221E-16,0.766533647228,-0.642204147968)
  );
#3043 = ORIENTED_EDGE('',*,*,#2000,.F.);
#3044 = ORIENTED_EDGE('',*,*,#2847,.F.);
#3045 = ORIENTED_EDGE('',*,*,#2748,.T.);
#3046 = PLANE('',#3047);
#3047 = AXIS2_PLACEMENT_3D('',#3048,#3049,#3050);
#3048 = CARTESIAN_POINT('',(5.143,1.656789049301,-7.714604525892));
#3049 = DIRECTION('',(-1.,7.401486830834E-16,-1.006139616067E-16));
#3050 = DIRECTION('',(-1.006139616067E-16,7.691393825905E-30,1.));
#3051 = ADVANCED_FACE('',(#3052),#3069,.F.);
#3052 = FACE_BOUND('',#3053,.T.);
#3053 = EDGE_LOOP('',(#3054,#3055,#3061,#3062,#3068));
#3054 = ORIENTED_EDGE('',*,*,#2429,.F.);
#3055 = ORIENTED_EDGE('',*,*,#3056,.F.);
#3056 = EDGE_CURVE('',#2528,#2422,#3057,.T.);
#3057 = LINE('',#3058,#3059);
#3058 = CARTESIAN_POINT('',(-6.687663515654,1.042534113888,2.98));
#3059 = VECTOR('',#3060,1.);
#3060 = DIRECTION('',(0.266705854979,0.963777975947,2.683433265312E-17)
  );
#3061 = ORIENTED_EDGE('',*,*,#2527,.F.);
#3062 = ORIENTED_EDGE('',*,*,#3063,.T.);
#3063 = EDGE_CURVE('',#2520,#2041,#3064,.T.);
#3064 = LINE('',#3065,#3066);
#3065 = CARTESIAN_POINT('',(-4.657,1.656789049301,2.98));
#3066 = VECTOR('',#3067,1.);
#3067 = DIRECTION('',(7.401486830834E-16,1.,0.));
#3068 = ORIENTED_EDGE('',*,*,#2040,.F.);
#3069 = PLANE('',#3070);
#3070 = AXIS2_PLACEMENT_3D('',#3071,#3072,#3073);
#3071 = CARTESIAN_POINT('',(-4.657,1.656789049301,2.98));
#3072 = DIRECTION('',(1.006139616067E-16,-7.446929118297E-32,-1.));
#3073 = DIRECTION('',(-1.,8.049116928532E-16,-1.006139616067E-16));
#3074 = ADVANCED_FACE('',(#3075),#3088,.F.);
#3075 = FACE_BOUND('',#3076,.T.);
#3076 = EDGE_LOOP('',(#3077,#3078,#3085,#3086,#3087));
#3077 = ORIENTED_EDGE('',*,*,#2576,.F.);
#3078 = ORIENTED_EDGE('',*,*,#3079,.F.);
#3079 = EDGE_CURVE('',#2049,#2569,#3080,.T.);
#3080 = CIRCLE('',#3081,0.3);
#3081 = AXIS2_PLACEMENT_3D('',#3082,#3083,#3084);
#3082 = CARTESIAN_POINT('',(-4.657,5.215,4.305570616065));
#3083 = DIRECTION('',(1.,-7.401486830834E-16,1.006139616067E-16));
#3084 = DIRECTION('',(5.663917172797E-16,0.839172213677,0.543865788401)
  );
#3085 = ORIENTED_EDGE('',*,*,#2048,.F.);
#3086 = ORIENTED_EDGE('',*,*,#3063,.F.);
#3087 = ORIENTED_EDGE('',*,*,#2519,.F.);
#3088 = PLANE('',#3089);
#3089 = AXIS2_PLACEMENT_3D('',#3090,#3091,#3092);
#3090 = CARTESIAN_POINT('',(-4.657,1.656789049301,7.82));
#3091 = DIRECTION('',(1.,-7.401486830834E-16,1.006139616067E-16));
#3092 = DIRECTION('',(1.006139616067E-16,-7.691393825905E-30,-1.));
#3093 = ADVANCED_FACE('',(#3094),#3107,.F.);
#3094 = FACE_BOUND('',#3095,.T.);
#3095 = EDGE_LOOP('',(#3096,#3097,#3098,#3105,#3106));
#3096 = ORIENTED_EDGE('',*,*,#2889,.F.);
#3097 = ORIENTED_EDGE('',*,*,#2624,.F.);
#3098 = ORIENTED_EDGE('',*,*,#3099,.F.);
#3099 = EDGE_CURVE('',#1953,#2617,#3100,.T.);
#3100 = CIRCLE('',#3101,0.3);
#3101 = AXIS2_PLACEMENT_3D('',#3102,#3103,#3104);
#3102 = CARTESIAN_POINT('',(4.143,5.215,4.305570616065));
#3103 = DIRECTION('',(1.,-8.326672684689E-16,1.006139616067E-16));
#3104 = DIRECTION('',(6.440307433838E-16,0.839172213677,0.543865788401)
  );
#3105 = ORIENTED_EDGE('',*,*,#1952,.F.);
#3106 = ORIENTED_EDGE('',*,*,#2904,.F.);
#3107 = PLANE('',#3108);
#3108 = AXIS2_PLACEMENT_3D('',#3109,#3110,#3111);
#3109 = CARTESIAN_POINT('',(4.143,1.656789049301,7.82));
#3110 = DIRECTION('',(1.,-8.326672684689E-16,1.006139616067E-16));
#3111 = DIRECTION('',(1.006139616067E-16,-7.691393825905E-30,-1.));
#3112 = ADVANCED_FACE('',(#3113),#3126,.F.);
#3113 = FACE_BOUND('',#3114,.T.);
#3114 = EDGE_LOOP('',(#3115,#3116,#3117,#3118,#3119));
#3115 = ORIENTED_EDGE('',*,*,#2326,.F.);
#3116 = ORIENTED_EDGE('',*,*,#2397,.T.);
#3117 = ORIENTED_EDGE('',*,*,#2447,.T.);
#3118 = ORIENTED_EDGE('',*,*,#2016,.F.);
#3119 = ORIENTED_EDGE('',*,*,#3120,.F.);
#3120 = EDGE_CURVE('',#2327,#2009,#3121,.T.);
#3121 = CIRCLE('',#3122,1.);
#3122 = AXIS2_PLACEMENT_3D('',#3123,#3124,#3125);
#3123 = CARTESIAN_POINT('',(-4.657,4.515,-5.162197053853));
#3124 = DIRECTION('',(1.,-8.326672684689E-16,1.006139616067E-16));
#3125 = DIRECTION('',(7.028821817139E-16,0.766533647228,-0.642204147968)
  );
#3126 = PLANE('',#3127);
#3127 = AXIS2_PLACEMENT_3D('',#3128,#3129,#3130);
#3128 = CARTESIAN_POINT('',(-4.657,1.656789049301,-3.2));
#3129 = DIRECTION('',(1.,-8.326672684689E-16,1.006139616067E-16));
#3130 = DIRECTION('',(1.006139616067E-16,-7.691393825905E-30,-1.));
#3131 = ADVANCED_FACE('',(#3132),#3138,.T.);
#3132 = FACE_BOUND('',#3133,.T.);
#3133 = EDGE_LOOP('',(#3134,#3135,#3136,#3137));
#3134 = ORIENTED_EDGE('',*,*,#3079,.T.);
#3135 = ORIENTED_EDGE('',*,*,#2568,.T.);
#3136 = ORIENTED_EDGE('',*,*,#2983,.T.);
#3137 = ORIENTED_EDGE('',*,*,#2056,.T.);
#3138 = CYLINDRICAL_SURFACE('',#3139,0.3);
#3139 = AXIS2_PLACEMENT_3D('',#3140,#3141,#3142);
#3140 = CARTESIAN_POINT('',(3.495,5.215,4.305570616065));
#3141 = DIRECTION('',(-1.,6.552303517486E-32,2.382452842543E-16));
#3142 = DIRECTION('',(1.295734593538E-16,0.839172213677,0.543865788401)
  );
#3143 = ADVANCED_FACE('',(#3144),#3159,.F.);
#3144 = FACE_BOUND('',#3145,.T.);
#3145 = EDGE_LOOP('',(#3146,#3147,#3153,#3154,#3155,#3156,#3157,#3158));
#3146 = ORIENTED_EDGE('',*,*,#2303,.F.);
#3147 = ORIENTED_EDGE('',*,*,#3148,.F.);
#3148 = EDGE_CURVE('',#2480,#2295,#3149,.T.);
#3149 = LINE('',#3150,#3151);
#3150 = CARTESIAN_POINT('',(-6.99,-5.E-02,6.99));
#3151 = VECTOR('',#3152,1.);
#3152 = DIRECTION('',(-9.860761315263E-32,-3.944304526105E-31,-1.));
#3153 = ORIENTED_EDGE('',*,*,#2479,.F.);
#3154 = ORIENTED_EDGE('',*,*,#2535,.T.);
#3155 = ORIENTED_EDGE('',*,*,#3056,.T.);
#3156 = ORIENTED_EDGE('',*,*,#2421,.F.);
#3157 = ORIENTED_EDGE('',*,*,#2454,.T.);
#3158 = ORIENTED_EDGE('',*,*,#2381,.T.);
#3159 = PLANE('',#3160);
#3160 = AXIS2_PLACEMENT_3D('',#3161,#3162,#3163);
#3161 = CARTESIAN_POINT('',(-6.99,-5.E-02,6.99));
#3162 = DIRECTION('',(0.963777975947,-0.266705854979,0.));
#3163 = DIRECTION('',(-1.084006240778E-31,-3.917204370086E-31,-1.));
#3164 = ADVANCED_FACE('',(#3165),#3171,.T.);
#3165 = FACE_BOUND('',#3166,.T.);
#3166 = EDGE_LOOP('',(#3167,#3168,#3169,#3170));
#3167 = ORIENTED_EDGE('',*,*,#3018,.T.);
#3168 = ORIENTED_EDGE('',*,*,#1960,.T.);
#3169 = ORIENTED_EDGE('',*,*,#3099,.T.);
#3170 = ORIENTED_EDGE('',*,*,#2616,.T.);
#3171 = CYLINDRICAL_SURFACE('',#3172,0.3);
#3172 = AXIS2_PLACEMENT_3D('',#3173,#3174,#3175);
#3173 = CARTESIAN_POINT('',(3.495,5.215,4.305570616065));
#3174 = DIRECTION('',(-1.,6.552303517486E-32,2.382452842543E-16));
#3175 = DIRECTION('',(1.295734593538E-16,0.839172213677,0.543865788401)
  );
#3176 = ADVANCED_FACE('',(#3177),#3183,.T.);
#3177 = FACE_BOUND('',#3178,.T.);
#3178 = EDGE_LOOP('',(#3179,#3180,#3181,#3182));
#3179 = ORIENTED_EDGE('',*,*,#3037,.T.);
#3180 = ORIENTED_EDGE('',*,*,#2334,.T.);
#3181 = ORIENTED_EDGE('',*,*,#3120,.T.);
#3182 = ORIENTED_EDGE('',*,*,#2008,.T.);
#3183 = CYLINDRICAL_SURFACE('',#3184,1.);
#3184 = AXIS2_PLACEMENT_3D('',#3185,#3186,#3187);
#3185 = CARTESIAN_POINT('',(-3.495,4.515,-5.162197053853));
#3186 = DIRECTION('',(1.,-6.552303517486E-32,-9.860761315263E-32));
#3187 = DIRECTION('',(-1.310060705786E-32,0.766533647228,-0.642204147968
    ));
#3188 = ADVANCED_FACE('',(#3189),#3214,.F.);
#3189 = FACE_BOUND('',#3190,.T.);
#3190 = EDGE_LOOP('',(#3191,#3192,#3200,#3208));
#3191 = ORIENTED_EDGE('',*,*,#2107,.F.);
#3192 = ORIENTED_EDGE('',*,*,#3193,.F.);
#3193 = EDGE_CURVE('',#3194,#2100,#3196,.T.);
#3194 = VERTEX_POINT('',#3195);
#3195 = CARTESIAN_POINT('',(3.6,1.65,-2.78));
#3196 = LINE('',#3197,#3198);
#3197 = CARTESIAN_POINT('',(3.6,5.35,-2.78));
#3198 = VECTOR('',#3199,1.);
#3199 = DIRECTION('',(7.000091363254E-32,1.,-3.944304526105E-31));
#3200 = ORIENTED_EDGE('',*,*,#3201,.T.);
#3201 = EDGE_CURVE('',#3194,#3202,#3204,.T.);
#3202 = VERTEX_POINT('',#3203);
#3203 = CARTESIAN_POINT('',(3.6,1.65,2.78));
#3204 = LINE('',#3205,#3206);
#3205 = CARTESIAN_POINT('',(3.6,1.65,-2.78));
#3206 = VECTOR('',#3207,1.);
#3207 = DIRECTION('',(9.860761315263E-32,3.944304526105E-31,1.));
#3208 = ORIENTED_EDGE('',*,*,#3209,.T.);
#3209 = EDGE_CURVE('',#3202,#2108,#3210,.T.);
#3210 = LINE('',#3211,#3212);
#3211 = CARTESIAN_POINT('',(3.6,5.35,2.78));
#3212 = VECTOR('',#3213,1.);
#3213 = DIRECTION('',(7.000091363254E-32,1.,-3.944304526105E-31));
#3214 = PLANE('',#3215);
#3215 = AXIS2_PLACEMENT_3D('',#3216,#3217,#3218);
#3216 = CARTESIAN_POINT('',(3.6,5.35,2.78));
#3217 = DIRECTION('',(1.,-7.79105060964E-32,-9.860761315263E-32));
#3218 = DIRECTION('',(-9.860761315263E-32,-3.944304526105E-31,-1.));
#3219 = ADVANCED_FACE('',(#3220),#3238,.F.);
#3220 = FACE_BOUND('',#3221,.T.);
#3221 = EDGE_LOOP('',(#3222,#3223,#3224,#3232));
#3222 = ORIENTED_EDGE('',*,*,#2115,.F.);
#3223 = ORIENTED_EDGE('',*,*,#3209,.F.);
#3224 = ORIENTED_EDGE('',*,*,#3225,.T.);
#3225 = EDGE_CURVE('',#3202,#3226,#3228,.T.);
#3226 = VERTEX_POINT('',#3227);
#3227 = CARTESIAN_POINT('',(-3.6,1.65,2.78));
#3228 = LINE('',#3229,#3230);
#3229 = CARTESIAN_POINT('',(3.6,1.65,2.78));
#3230 = VECTOR('',#3231,1.);
#3231 = DIRECTION('',(-1.,7.79105060964E-32,9.860761315263E-32));
#3232 = ORIENTED_EDGE('',*,*,#3233,.F.);
#3233 = EDGE_CURVE('',#2090,#3226,#3234,.T.);
#3234 = LINE('',#3235,#3236);
#3235 = CARTESIAN_POINT('',(-3.6,5.35,2.78));
#3236 = VECTOR('',#3237,1.);
#3237 = DIRECTION('',(-7.000091363254E-32,-1.,3.944304526105E-31));
#3238 = PLANE('',#3239);
#3239 = AXIS2_PLACEMENT_3D('',#3240,#3241,#3242);
#3240 = CARTESIAN_POINT('',(-3.6,5.35,2.78));
#3241 = DIRECTION('',(9.860761315263E-32,3.944304526105E-31,1.));
#3242 = DIRECTION('',(1.,-7.79105060964E-32,-9.860761315263E-32));
#3243 = ADVANCED_FACE('',(#3244),#3262,.F.);
#3244 = FACE_BOUND('',#3245,.T.);
#3245 = EDGE_LOOP('',(#3246,#3247,#3248,#3256));
#3246 = ORIENTED_EDGE('',*,*,#3225,.F.);
#3247 = ORIENTED_EDGE('',*,*,#3201,.F.);
#3248 = ORIENTED_EDGE('',*,*,#3249,.F.);
#3249 = EDGE_CURVE('',#3250,#3194,#3252,.T.);
#3250 = VERTEX_POINT('',#3251);
#3251 = CARTESIAN_POINT('',(-3.6,1.65,-2.78));
#3252 = LINE('',#3253,#3254);
#3253 = CARTESIAN_POINT('',(-3.6,1.65,-2.78));
#3254 = VECTOR('',#3255,1.);
#3255 = DIRECTION('',(1.,-7.79105060964E-32,-9.860761315263E-32));
#3256 = ORIENTED_EDGE('',*,*,#3257,.F.);
#3257 = EDGE_CURVE('',#3226,#3250,#3258,.T.);
#3258 = LINE('',#3259,#3260);
#3259 = CARTESIAN_POINT('',(-3.6,1.65,2.78));
#3260 = VECTOR('',#3261,1.);
#3261 = DIRECTION('',(-9.860761315263E-32,-3.944304526105E-31,-1.));
#3262 = PLANE('',#3263);
#3263 = AXIS2_PLACEMENT_3D('',#3264,#3265,#3266);
#3264 = CARTESIAN_POINT('',(1.123962034555E-15,1.65,5.551115123126E-16)
  );
#3265 = DIRECTION('',(-7.000091363254E-32,-1.,3.944304526105E-31));
#3266 = DIRECTION('',(-9.860761315263E-32,-3.944304526105E-31,-1.));
#3267 = ADVANCED_FACE('',(#3268),#3279,.F.);
#3268 = FACE_BOUND('',#3269,.T.);
#3269 = EDGE_LOOP('',(#3270,#3271,#3272,#3273));
#3270 = ORIENTED_EDGE('',*,*,#2089,.F.);
#3271 = ORIENTED_EDGE('',*,*,#3233,.T.);
#3272 = ORIENTED_EDGE('',*,*,#3257,.T.);
#3273 = ORIENTED_EDGE('',*,*,#3274,.T.);
#3274 = EDGE_CURVE('',#3250,#2092,#3275,.T.);
#3275 = LINE('',#3276,#3277);
#3276 = CARTESIAN_POINT('',(-3.6,5.35,-2.78));
#3277 = VECTOR('',#3278,1.);
#3278 = DIRECTION('',(7.000091363254E-32,1.,-3.944304526105E-31));
#3279 = PLANE('',#3280);
#3280 = AXIS2_PLACEMENT_3D('',#3281,#3282,#3283);
#3281 = CARTESIAN_POINT('',(-3.6,5.35,-2.78));
#3282 = DIRECTION('',(-1.,7.79105060964E-32,9.860761315263E-32));
#3283 = DIRECTION('',(9.860761315263E-32,3.944304526105E-31,1.));
#3284 = ADVANCED_FACE('',(#3285),#3291,.F.);
#3285 = FACE_BOUND('',#3286,.T.);
#3286 = EDGE_LOOP('',(#3287,#3288,#3289,#3290));
#3287 = ORIENTED_EDGE('',*,*,#2099,.F.);
#3288 = ORIENTED_EDGE('',*,*,#3274,.F.);
#3289 = ORIENTED_EDGE('',*,*,#3249,.T.);
#3290 = ORIENTED_EDGE('',*,*,#3193,.T.);
#3291 = PLANE('',#3292);
#3292 = AXIS2_PLACEMENT_3D('',#3293,#3294,#3295);
#3293 = CARTESIAN_POINT('',(3.6,5.35,-2.78));
#3294 = DIRECTION('',(-9.860761315263E-32,-3.944304526105E-31,-1.));
#3295 = DIRECTION('',(-1.,7.79105060964E-32,9.860761315263E-32));
#3296 = ADVANCED_FACE('',(#3297),#3307,.F.);
#3297 = FACE_BOUND('',#3298,.T.);
#3298 = EDGE_LOOP('',(#3299,#3300,#3301,#3302,#3303,#3304,#3305,#3306));
#3299 = ORIENTED_EDGE('',*,*,#2294,.F.);
#3300 = ORIENTED_EDGE('',*,*,#2366,.T.);
#3301 = ORIENTED_EDGE('',*,*,#2667,.F.);
#3302 = ORIENTED_EDGE('',*,*,#2732,.T.);
#3303 = ORIENTED_EDGE('',*,*,#2779,.F.);
#3304 = ORIENTED_EDGE('',*,*,#2584,.T.);
#3305 = ORIENTED_EDGE('',*,*,#2487,.F.);
#3306 = ORIENTED_EDGE('',*,*,#3148,.T.);
#3307 = PLANE('',#3308);
#3308 = AXIS2_PLACEMENT_3D('',#3309,#3310,#3311);
#3309 = CARTESIAN_POINT('',(-2.638167462266E-16,-5.E-02,
    1.387778780781E-15));
#3310 = DIRECTION('',(7.00670992849E-32,1.,-3.944304526105E-31));
#3311 = DIRECTION('',(9.860761315263E-32,3.944304526105E-31,1.));
#3312 = ( GEOMETRIC_REPRESENTATION_CONTEXT(3) 
GLOBAL_UNCERTAINTY_ASSIGNED_CONTEXT((#3316)) 
GLOBAL_UNIT_ASSIGNED_CONTEXT((#3313,#3314,#3315)) REPRESENTATION_CONTEXT
('Context #1','3D Context with UNIT and UNCERTAINTY') );
#3313 = ( LENGTH_UNIT() NAMED_UNIT(*) SI_UNIT(.MILLI.,.METRE.) );
#3314 = ( NAMED_UNIT(*) PLANE_ANGLE_UNIT() SI_UNIT($,.RADIAN.) );
#3315 = ( NAMED_UNIT(*) SI_UNIT($,.STERADIAN.) SOLID_ANGLE_UNIT() );
#3316 = UNCERTAINTY_MEASURE_WITH_UNIT(LENGTH_MEASURE(2.E-06),#3313,
  'distance_accuracy_value','confusion accuracy');
#3317 = CONTEXT_DEPENDENT_SHAPE_REPRESENTATION(#3318,#3320);
#3318 = ( REPRESENTATION_RELATIONSHIP('','',#106,#79) 
REPRESENTATION_RELATIONSHIP_WITH_TRANSFORMATION(#3319) 
SHAPE_REPRESENTATION_RELATIONSHIP() );
#3319 = ITEM_DEFINED_TRANSFORMATION('','',#11,#80);
#3320 = PRODUCT_DEFINITION_SHAPE('Placement','Placement of an item',
  #3321);
#3321 = NEXT_ASSEMBLY_USAGE_OCCURRENCE('1','Component1:1','',#74,#101,$
  );
#3322 = PRODUCT_RELATED_PRODUCT_CATEGORY('part',$,(#103));
#3323 = SHAPE_DEFINITION_REPRESENTATION(#3324,#3330);
#3324 = PRODUCT_DEFINITION_SHAPE('','',#3325);
#3325 = PRODUCT_DEFINITION('design','',#3326,#3329);
#3326 = PRODUCT_DEFINITION_FORMATION('','',#3327);
#3327 = PRODUCT('Component2','Component2','',(#3328));
#3328 = PRODUCT_CONTEXT('',#2,'mechanical');
#3329 = PRODUCT_DEFINITION_CONTEXT('part definition',#2,'design');
#3330 = ADVANCED_BREP_SHAPE_REPRESENTATION('',(#11,#3331),#3887);
#3331 = MANIFOLD_SOLID_BREP('',#3332);
#3332 = CLOSED_SHELL('',(#3333,#3373,#3477,#3508,#3532,#3556,#3580,#3604
    ,#3628,#3652,#3676,#3700,#3724,#3748,#3765,#3819,#3841,#3858,#3875)
  );
#3333 = ADVANCED_FACE('',(#3334),#3368,.F.);
#3334 = FACE_BOUND('',#3335,.T.);
#3335 = EDGE_LOOP('',(#3336,#3346,#3354,#3362));
#3336 = ORIENTED_EDGE('',*,*,#3337,.T.);
#3337 = EDGE_CURVE('',#3338,#3340,#3342,.T.);
#3338 = VERTEX_POINT('',#3339);
#3339 = CARTESIAN_POINT('',(3.6,5.35,2.78));
#3340 = VERTEX_POINT('',#3341);
#3341 = CARTESIAN_POINT('',(-3.6,5.35,2.78));
#3342 = LINE('',#3343,#3344);
#3343 = CARTESIAN_POINT('',(3.6,5.35,2.78));
#3344 = VECTOR('',#3345,1.);
#3345 = DIRECTION('',(-1.,0.,-3.854941057726E-16));
#3346 = ORIENTED_EDGE('',*,*,#3347,.T.);
#3347 = EDGE_CURVE('',#3340,#3348,#3350,.T.);
#3348 = VERTEX_POINT('',#3349);
#3349 = CARTESIAN_POINT('',(-3.6,5.35,-2.78));
#3350 = LINE('',#3351,#3352);
#3351 = CARTESIAN_POINT('',(-3.6,5.35,2.78));
#3352 = VECTOR('',#3353,1.);
#3353 = DIRECTION('',(9.984020005622E-17,0.,-1.));
#3354 = ORIENTED_EDGE('',*,*,#3355,.T.);
#3355 = EDGE_CURVE('',#3348,#3356,#3358,.T.);
#3356 = VERTEX_POINT('',#3357);
#3357 = CARTESIAN_POINT('',(3.6,5.35,-2.78));
#3358 = LINE('',#3359,#3360);
#3359 = CARTESIAN_POINT('',(-3.6,5.35,-2.78));
#3360 = VECTOR('',#3361,1.);
#3361 = DIRECTION('',(1.,0.,3.854941057726E-16));
#3362 = ORIENTED_EDGE('',*,*,#3363,.T.);
#3363 = EDGE_CURVE('',#3356,#3338,#3364,.T.);
#3364 = LINE('',#3365,#3366);
#3365 = CARTESIAN_POINT('',(3.6,5.35,-2.78));
#3366 = VECTOR('',#3367,1.);
#3367 = DIRECTION('',(-9.984020005622E-17,0.,1.));
#3368 = PLANE('',#3369);
#3369 = AXIS2_PLACEMENT_3D('',#3370,#3371,#3372);
#3370 = CARTESIAN_POINT('',(3.330669073875E-15,5.35,0.));
#3371 = DIRECTION('',(0.,1.,0.));
#3372 = DIRECTION('',(0.,-0.,1.));
#3373 = ADVANCED_FACE('',(#3374),#3472,.T.);
#3374 = FACE_BOUND('',#3375,.T.);
#3375 = EDGE_LOOP('',(#3376,#3386,#3394,#3402,#3410,#3418,#3426,#3434,
    #3442,#3450,#3458,#3466));
#3376 = ORIENTED_EDGE('',*,*,#3377,.T.);
#3377 = EDGE_CURVE('',#3378,#3380,#3382,.T.);
#3378 = VERTEX_POINT('',#3379);
#3379 = CARTESIAN_POINT('',(-0.675,9.3,-0.575));
#3380 = VERTEX_POINT('',#3381);
#3381 = CARTESIAN_POINT('',(-2.25,9.3,-0.575));
#3382 = LINE('',#3383,#3384);
#3383 = CARTESIAN_POINT('',(-0.675,9.3,-0.575));
#3384 = VECTOR('',#3385,1.);
#3385 = DIRECTION('',(-1.,0.,-5.286776307739E-16));
#3386 = ORIENTED_EDGE('',*,*,#3387,.T.);
#3387 = EDGE_CURVE('',#3380,#3388,#3390,.T.);
#3388 = VERTEX_POINT('',#3389);
#3389 = CARTESIAN_POINT('',(-2.25,9.3,0.575));
#3390 = LINE('',#3391,#3392);
#3391 = CARTESIAN_POINT('',(-2.25,9.3,-0.575));
#3392 = VECTOR('',#3393,1.);
#3393 = DIRECTION('',(0.,0.,1.));
#3394 = ORIENTED_EDGE('',*,*,#3395,.T.);
#3395 = EDGE_CURVE('',#3388,#3396,#3398,.T.);
#3396 = VERTEX_POINT('',#3397);
#3397 = CARTESIAN_POINT('',(-0.675,9.3,0.575));
#3398 = LINE('',#3399,#3400);
#3399 = CARTESIAN_POINT('',(-2.25,9.3,0.575));
#3400 = VECTOR('',#3401,1.);
#3401 = DIRECTION('',(1.,0.,5.286776307739E-16));
#3402 = ORIENTED_EDGE('',*,*,#3403,.T.);
#3403 = EDGE_CURVE('',#3396,#3404,#3406,.T.);
#3404 = VERTEX_POINT('',#3405);
#3405 = CARTESIAN_POINT('',(-0.675,9.3,2.25));
#3406 = LINE('',#3407,#3408);
#3407 = CARTESIAN_POINT('',(-0.675,9.3,0.575));
#3408 = VECTOR('',#3409,1.);
#3409 = DIRECTION('',(-1.657049290485E-16,0.,1.));
#3410 = ORIENTED_EDGE('',*,*,#3411,.T.);
#3411 = EDGE_CURVE('',#3404,#3412,#3414,.T.);
#3412 = VERTEX_POINT('',#3413);
#3413 = CARTESIAN_POINT('',(0.675,9.3,2.25));
#3414 = LINE('',#3415,#3416);
#3415 = CARTESIAN_POINT('',(-0.675,9.3,2.25));
#3416 = VECTOR('',#3417,1.);
#3417 = DIRECTION('',(1.,0.,6.167905692362E-16));
#3418 = ORIENTED_EDGE('',*,*,#3419,.T.);
#3419 = EDGE_CURVE('',#3412,#3420,#3422,.T.);
#3420 = VERTEX_POINT('',#3421);
#3421 = CARTESIAN_POINT('',(0.675,9.3,0.575));
#3422 = LINE('',#3423,#3424);
#3423 = CARTESIAN_POINT('',(0.675,9.3,2.25));
#3424 = VECTOR('',#3425,1.);
#3425 = DIRECTION('',(0.,0.,-1.));
#3426 = ORIENTED_EDGE('',*,*,#3427,.T.);
#3427 = EDGE_CURVE('',#3420,#3428,#3430,.T.);
#3428 = VERTEX_POINT('',#3429);
#3429 = CARTESIAN_POINT('',(2.25,9.3,0.575));
#3430 = LINE('',#3431,#3432);
#3431 = CARTESIAN_POINT('',(0.675,9.3,0.575));
#3432 = VECTOR('',#3433,1.);
#3433 = DIRECTION('',(1.,0.,6.167905692362E-16));
#3434 = ORIENTED_EDGE('',*,*,#3435,.T.);
#3435 = EDGE_CURVE('',#3428,#3436,#3438,.T.);
#3436 = VERTEX_POINT('',#3437);
#3437 = CARTESIAN_POINT('',(2.25,9.3,-0.575));
#3438 = LINE('',#3439,#3440);
#3439 = CARTESIAN_POINT('',(2.25,9.3,0.575));
#3440 = VECTOR('',#3441,1.);
#3441 = DIRECTION('',(7.240584943208E-16,0.,-1.));
#3442 = ORIENTED_EDGE('',*,*,#3443,.T.);
#3443 = EDGE_CURVE('',#3436,#3444,#3446,.T.);
#3444 = VERTEX_POINT('',#3445);
#3445 = CARTESIAN_POINT('',(0.675,9.3,-0.575));
#3446 = LINE('',#3447,#3448);
#3447 = CARTESIAN_POINT('',(2.25,9.3,-0.575));
#3448 = VECTOR('',#3449,1.);
#3449 = DIRECTION('',(-1.,0.,-6.167905692362E-16));
#3450 = ORIENTED_EDGE('',*,*,#3451,.T.);
#3451 = EDGE_CURVE('',#3444,#3452,#3454,.T.);
#3452 = VERTEX_POINT('',#3453);
#3453 = CARTESIAN_POINT('',(0.675,9.3,-2.25));
#3454 = LINE('',#3455,#3456);
#3455 = CARTESIAN_POINT('',(0.675,9.3,-0.575));
#3456 = VECTOR('',#3457,1.);
#3457 = DIRECTION('',(0.,0.,-1.));
#3458 = ORIENTED_EDGE('',*,*,#3459,.T.);
#3459 = EDGE_CURVE('',#3452,#3460,#3462,.T.);
#3460 = VERTEX_POINT('',#3461);
#3461 = CARTESIAN_POINT('',(-0.675,9.3,-2.25));
#3462 = LINE('',#3463,#3464);
#3463 = CARTESIAN_POINT('',(0.675,9.3,-2.25));
#3464 = VECTOR('',#3465,1.);
#3465 = DIRECTION('',(-1.,0.,-4.111937128241E-16));
#3466 = ORIENTED_EDGE('',*,*,#3467,.T.);
#3467 = EDGE_CURVE('',#3460,#3378,#3468,.T.);
#3468 = LINE('',#3469,#3470);
#3469 = CARTESIAN_POINT('',(-0.675,9.3,-2.25));
#3470 = VECTOR('',#3471,1.);
#3471 = DIRECTION('',(0.,0.,1.));
#3472 = PLANE('',#3473);
#3473 = AXIS2_PLACEMENT_3D('',#3474,#3475,#3476);
#3474 = CARTESIAN_POINT('',(-5.121564548122E-15,9.3,0.));
#3475 = DIRECTION('',(-5.507058653895E-16,1.,0.));
#3476 = DIRECTION('',(0.,0.,1.));
#3477 = ADVANCED_FACE('',(#3478),#3503,.T.);
#3478 = FACE_BOUND('',#3479,.T.);
#3479 = EDGE_LOOP('',(#3480,#3481,#3489,#3497));
#3480 = ORIENTED_EDGE('',*,*,#3459,.F.);
#3481 = ORIENTED_EDGE('',*,*,#3482,.F.);
#3482 = EDGE_CURVE('',#3483,#3452,#3485,.T.);
#3483 = VERTEX_POINT('',#3484);
#3484 = CARTESIAN_POINT('',(0.675,5.68,-2.25));
#3485 = LINE('',#3486,#3487);
#3486 = CARTESIAN_POINT('',(0.675,5.68,-2.25));
#3487 = VECTOR('',#3488,1.);
#3488 = DIRECTION('',(0.,1.,0.));
#3489 = ORIENTED_EDGE('',*,*,#3490,.T.);
#3490 = EDGE_CURVE('',#3483,#3491,#3493,.T.);
#3491 = VERTEX_POINT('',#3492);
#3492 = CARTESIAN_POINT('',(-0.675,5.68,-2.25));
#3493 = LINE('',#3494,#3495);
#3494 = CARTESIAN_POINT('',(0.675,5.68,-2.25));
#3495 = VECTOR('',#3496,1.);
#3496 = DIRECTION('',(-1.,0.,-4.111937128241E-16));
#3497 = ORIENTED_EDGE('',*,*,#3498,.T.);
#3498 = EDGE_CURVE('',#3491,#3460,#3499,.T.);
#3499 = LINE('',#3500,#3501);
#3500 = CARTESIAN_POINT('',(-0.675,5.68,-2.25));
#3501 = VECTOR('',#3502,1.);
#3502 = DIRECTION('',(0.,1.,0.));
#3503 = PLANE('',#3504);
#3504 = AXIS2_PLACEMENT_3D('',#3505,#3506,#3507);
#3505 = CARTESIAN_POINT('',(0.675,5.68,-2.25));
#3506 = DIRECTION('',(3.212450881439E-16,0.,-1.));
#3507 = DIRECTION('',(-1.,0.,-3.212450881439E-16));
#3508 = ADVANCED_FACE('',(#3509),#3527,.T.);
#3509 = FACE_BOUND('',#3510,.T.);
#3510 = EDGE_LOOP('',(#3511,#3512,#3520,#3526));
#3511 = ORIENTED_EDGE('',*,*,#3451,.F.);
#3512 = ORIENTED_EDGE('',*,*,#3513,.F.);
#3513 = EDGE_CURVE('',#3514,#3444,#3516,.T.);
#3514 = VERTEX_POINT('',#3515);
#3515 = CARTESIAN_POINT('',(0.675,5.68,-0.575));
#3516 = LINE('',#3517,#3518);
#3517 = CARTESIAN_POINT('',(0.675,5.68,-0.575));
#3518 = VECTOR('',#3519,1.);
#3519 = DIRECTION('',(0.,1.,0.));
#3520 = ORIENTED_EDGE('',*,*,#3521,.T.);
#3521 = EDGE_CURVE('',#3514,#3483,#3522,.T.);
#3522 = LINE('',#3523,#3524);
#3523 = CARTESIAN_POINT('',(0.675,5.68,-0.575));
#3524 = VECTOR('',#3525,1.);
#3525 = DIRECTION('',(0.,0.,-1.));
#3526 = ORIENTED_EDGE('',*,*,#3482,.T.);
#3527 = PLANE('',#3528);
#3528 = AXIS2_PLACEMENT_3D('',#3529,#3530,#3531);
#3529 = CARTESIAN_POINT('',(0.675,5.68,-0.575));
#3530 = DIRECTION('',(1.,0.,0.));
#3531 = DIRECTION('',(0.,0.,-1.));
#3532 = ADVANCED_FACE('',(#3533),#3551,.T.);
#3533 = FACE_BOUND('',#3534,.T.);
#3534 = EDGE_LOOP('',(#3535,#3536,#3544,#3550));
#3535 = ORIENTED_EDGE('',*,*,#3443,.F.);
#3536 = ORIENTED_EDGE('',*,*,#3537,.F.);
#3537 = EDGE_CURVE('',#3538,#3436,#3540,.T.);
#3538 = VERTEX_POINT('',#3539);
#3539 = CARTESIAN_POINT('',(2.25,5.68,-0.575));
#3540 = LINE('',#3541,#3542);
#3541 = CARTESIAN_POINT('',(2.25,5.68,-0.575));
#3542 = VECTOR('',#3543,1.);
#3543 = DIRECTION('',(0.,1.,0.));
#3544 = ORIENTED_EDGE('',*,*,#3545,.T.);
#3545 = EDGE_CURVE('',#3538,#3514,#3546,.T.);
#3546 = LINE('',#3547,#3548);
#3547 = CARTESIAN_POINT('',(2.25,5.68,-0.575));
#3548 = VECTOR('',#3549,1.);
#3549 = DIRECTION('',(-1.,0.,-6.167905692362E-16));
#3550 = ORIENTED_EDGE('',*,*,#3513,.T.);
#3551 = PLANE('',#3552);
#3552 = AXIS2_PLACEMENT_3D('',#3553,#3554,#3555);
#3553 = CARTESIAN_POINT('',(2.25,5.68,-0.575));
#3554 = DIRECTION('',(6.195440985631E-16,0.,-1.));
#3555 = DIRECTION('',(-1.,0.,-6.195440985631E-16));
#3556 = ADVANCED_FACE('',(#3557),#3575,.T.);
#3557 = FACE_BOUND('',#3558,.T.);
#3558 = EDGE_LOOP('',(#3559,#3560,#3568,#3574));
#3559 = ORIENTED_EDGE('',*,*,#3435,.F.);
#3560 = ORIENTED_EDGE('',*,*,#3561,.F.);
#3561 = EDGE_CURVE('',#3562,#3428,#3564,.T.);
#3562 = VERTEX_POINT('',#3563);
#3563 = CARTESIAN_POINT('',(2.25,5.68,0.575));
#3564 = LINE('',#3565,#3566);
#3565 = CARTESIAN_POINT('',(2.25,5.68,0.575));
#3566 = VECTOR('',#3567,1.);
#3567 = DIRECTION('',(0.,1.,0.));
#3568 = ORIENTED_EDGE('',*,*,#3569,.T.);
#3569 = EDGE_CURVE('',#3562,#3538,#3570,.T.);
#3570 = LINE('',#3571,#3572);
#3571 = CARTESIAN_POINT('',(2.25,5.68,0.575));
#3572 = VECTOR('',#3573,1.);
#3573 = DIRECTION('',(7.240584943208E-16,0.,-1.));
#3574 = ORIENTED_EDGE('',*,*,#3537,.T.);
#3575 = PLANE('',#3576);
#3576 = AXIS2_PLACEMENT_3D('',#3577,#3578,#3579);
#3577 = CARTESIAN_POINT('',(2.25,5.68,-0.575));
#3578 = DIRECTION('',(1.,0.,7.542275982508E-16));
#3579 = DIRECTION('',(7.542275982508E-16,0.,-1.));
#3580 = ADVANCED_FACE('',(#3581),#3599,.T.);
#3581 = FACE_BOUND('',#3582,.T.);
#3582 = EDGE_LOOP('',(#3583,#3584,#3592,#3598));
#3583 = ORIENTED_EDGE('',*,*,#3427,.F.);
#3584 = ORIENTED_EDGE('',*,*,#3585,.F.);
#3585 = EDGE_CURVE('',#3586,#3420,#3588,.T.);
#3586 = VERTEX_POINT('',#3587);
#3587 = CARTESIAN_POINT('',(0.675,5.68,0.575));
#3588 = LINE('',#3589,#3590);
#3589 = CARTESIAN_POINT('',(0.675,5.68,0.575));
#3590 = VECTOR('',#3591,1.);
#3591 = DIRECTION('',(0.,1.,0.));
#3592 = ORIENTED_EDGE('',*,*,#3593,.T.);
#3593 = EDGE_CURVE('',#3586,#3562,#3594,.T.);
#3594 = LINE('',#3595,#3596);
#3595 = CARTESIAN_POINT('',(0.675,5.68,0.575));
#3596 = VECTOR('',#3597,1.);
#3597 = DIRECTION('',(1.,0.,6.167905692362E-16));
#3598 = ORIENTED_EDGE('',*,*,#3561,.T.);
#3599 = PLANE('',#3600);
#3600 = AXIS2_PLACEMENT_3D('',#3601,#3602,#3603);
#3601 = CARTESIAN_POINT('',(0.675,5.68,0.575));
#3602 = DIRECTION('',(-6.195440985631E-16,0.,1.));
#3603 = DIRECTION('',(1.,0.,6.195440985631E-16));
#3604 = ADVANCED_FACE('',(#3605),#3623,.T.);
#3605 = FACE_BOUND('',#3606,.T.);
#3606 = EDGE_LOOP('',(#3607,#3608,#3616,#3622));
#3607 = ORIENTED_EDGE('',*,*,#3419,.F.);
#3608 = ORIENTED_EDGE('',*,*,#3609,.F.);
#3609 = EDGE_CURVE('',#3610,#3412,#3612,.T.);
#3610 = VERTEX_POINT('',#3611);
#3611 = CARTESIAN_POINT('',(0.675,5.68,2.25));
#3612 = LINE('',#3613,#3614);
#3613 = CARTESIAN_POINT('',(0.675,5.68,2.25));
#3614 = VECTOR('',#3615,1.);
#3615 = DIRECTION('',(0.,1.,0.));
#3616 = ORIENTED_EDGE('',*,*,#3617,.T.);
#3617 = EDGE_CURVE('',#3610,#3586,#3618,.T.);
#3618 = LINE('',#3619,#3620);
#3619 = CARTESIAN_POINT('',(0.675,5.68,2.25));
#3620 = VECTOR('',#3621,1.);
#3621 = DIRECTION('',(0.,0.,-1.));
#3622 = ORIENTED_EDGE('',*,*,#3585,.T.);
#3623 = PLANE('',#3624);
#3624 = AXIS2_PLACEMENT_3D('',#3625,#3626,#3627);
#3625 = CARTESIAN_POINT('',(0.675,5.68,2.25));
#3626 = DIRECTION('',(1.,0.,0.));
#3627 = DIRECTION('',(0.,0.,-1.));
#3628 = ADVANCED_FACE('',(#3629),#3647,.T.);
#3629 = FACE_BOUND('',#3630,.T.);
#3630 = EDGE_LOOP('',(#3631,#3632,#3640,#3646));
#3631 = ORIENTED_EDGE('',*,*,#3411,.F.);
#3632 = ORIENTED_EDGE('',*,*,#3633,.F.);
#3633 = EDGE_CURVE('',#3634,#3404,#3636,.T.);
#3634 = VERTEX_POINT('',#3635);
#3635 = CARTESIAN_POINT('',(-0.675,5.68,2.25));
#3636 = LINE('',#3637,#3638);
#3637 = CARTESIAN_POINT('',(-0.675,5.68,2.25));
#3638 = VECTOR('',#3639,1.);
#3639 = DIRECTION('',(0.,1.,0.));
#3640 = ORIENTED_EDGE('',*,*,#3641,.T.);
#3641 = EDGE_CURVE('',#3634,#3610,#3642,.T.);
#3642 = LINE('',#3643,#3644);
#3643 = CARTESIAN_POINT('',(-0.675,5.68,2.25));
#3644 = VECTOR('',#3645,1.);
#3645 = DIRECTION('',(1.,0.,6.167905692362E-16));
#3646 = ORIENTED_EDGE('',*,*,#3609,.T.);
#3647 = PLANE('',#3648);
#3648 = AXIS2_PLACEMENT_3D('',#3649,#3650,#3651);
#3649 = CARTESIAN_POINT('',(0.675,5.68,2.25));
#3650 = DIRECTION('',(-6.424901762877E-16,0.,1.));
#3651 = DIRECTION('',(1.,0.,6.424901762877E-16));
#3652 = ADVANCED_FACE('',(#3653),#3671,.T.);
#3653 = FACE_BOUND('',#3654,.T.);
#3654 = EDGE_LOOP('',(#3655,#3656,#3664,#3670));
#3655 = ORIENTED_EDGE('',*,*,#3403,.F.);
#3656 = ORIENTED_EDGE('',*,*,#3657,.F.);
#3657 = EDGE_CURVE('',#3658,#3396,#3660,.T.);
#3658 = VERTEX_POINT('',#3659);
#3659 = CARTESIAN_POINT('',(-0.675,5.68,0.575));
#3660 = LINE('',#3661,#3662);
#3661 = CARTESIAN_POINT('',(-0.675,5.68,0.575));
#3662 = VECTOR('',#3663,1.);
#3663 = DIRECTION('',(0.,1.,0.));
#3664 = ORIENTED_EDGE('',*,*,#3665,.T.);
#3665 = EDGE_CURVE('',#3658,#3634,#3666,.T.);
#3666 = LINE('',#3667,#3668);
#3667 = CARTESIAN_POINT('',(-0.675,5.68,0.575));
#3668 = VECTOR('',#3669,1.);
#3669 = DIRECTION('',(-1.657049290485E-16,0.,1.));
#3670 = ORIENTED_EDGE('',*,*,#3633,.T.);
#3671 = PLANE('',#3672);
#3672 = AXIS2_PLACEMENT_3D('',#3673,#3674,#3675);
#3673 = CARTESIAN_POINT('',(-0.675,5.68,0.575));
#3674 = DIRECTION('',(-1.,0.,-1.941854637287E-16));
#3675 = DIRECTION('',(-1.941854637287E-16,0.,1.));
#3676 = ADVANCED_FACE('',(#3677),#3695,.T.);
#3677 = FACE_BOUND('',#3678,.T.);
#3678 = EDGE_LOOP('',(#3679,#3680,#3688,#3694));
#3679 = ORIENTED_EDGE('',*,*,#3395,.F.);
#3680 = ORIENTED_EDGE('',*,*,#3681,.F.);
#3681 = EDGE_CURVE('',#3682,#3388,#3684,.T.);
#3682 = VERTEX_POINT('',#3683);
#3683 = CARTESIAN_POINT('',(-2.25,5.68,0.575));
#3684 = LINE('',#3685,#3686);
#3685 = CARTESIAN_POINT('',(-2.25,5.68,0.575));
#3686 = VECTOR('',#3687,1.);
#3687 = DIRECTION('',(0.,1.,0.));
#3688 = ORIENTED_EDGE('',*,*,#3689,.T.);
#3689 = EDGE_CURVE('',#3682,#3658,#3690,.T.);
#3690 = LINE('',#3691,#3692);
#3691 = CARTESIAN_POINT('',(-2.25,5.68,0.575));
#3692 = VECTOR('',#3693,1.);
#3693 = DIRECTION('',(1.,0.,5.286776307739E-16));
#3694 = ORIENTED_EDGE('',*,*,#3657,.T.);
#3695 = PLANE('',#3696);
#3696 = AXIS2_PLACEMENT_3D('',#3697,#3698,#3699);
#3697 = CARTESIAN_POINT('',(-2.25,5.68,0.575));
#3698 = DIRECTION('',(-5.507058653895E-16,0.,1.));
#3699 = DIRECTION('',(1.,0.,5.507058653895E-16));
#3700 = ADVANCED_FACE('',(#3701),#3719,.T.);
#3701 = FACE_BOUND('',#3702,.T.);
#3702 = EDGE_LOOP('',(#3703,#3704,#3712,#3718));
#3703 = ORIENTED_EDGE('',*,*,#3387,.F.);
#3704 = ORIENTED_EDGE('',*,*,#3705,.F.);
#3705 = EDGE_CURVE('',#3706,#3380,#3708,.T.);
#3706 = VERTEX_POINT('',#3707);
#3707 = CARTESIAN_POINT('',(-2.25,5.68,-0.575));
#3708 = LINE('',#3709,#3710);
#3709 = CARTESIAN_POINT('',(-2.25,5.68,-0.575));
#3710 = VECTOR('',#3711,1.);
#3711 = DIRECTION('',(0.,1.,0.));
#3712 = ORIENTED_EDGE('',*,*,#3713,.T.);
#3713 = EDGE_CURVE('',#3706,#3682,#3714,.T.);
#3714 = LINE('',#3715,#3716);
#3715 = CARTESIAN_POINT('',(-2.25,5.68,-0.575));
#3716 = VECTOR('',#3717,1.);
#3717 = DIRECTION('',(0.,0.,1.));
#3718 = ORIENTED_EDGE('',*,*,#3681,.T.);
#3719 = PLANE('',#3720);
#3720 = AXIS2_PLACEMENT_3D('',#3721,#3722,#3723);
#3721 = CARTESIAN_POINT('',(-2.25,5.68,-0.575));
#3722 = DIRECTION('',(-1.,0.,0.));
#3723 = DIRECTION('',(0.,0.,1.));
#3724 = ADVANCED_FACE('',(#3725),#3743,.T.);
#3725 = FACE_BOUND('',#3726,.T.);
#3726 = EDGE_LOOP('',(#3727,#3728,#3736,#3742));
#3727 = ORIENTED_EDGE('',*,*,#3377,.F.);
#3728 = ORIENTED_EDGE('',*,*,#3729,.F.);
#3729 = EDGE_CURVE('',#3730,#3378,#3732,.T.);
#3730 = VERTEX_POINT('',#3731);
#3731 = CARTESIAN_POINT('',(-0.675,5.68,-0.575));
#3732 = LINE('',#3733,#3734);
#3733 = CARTESIAN_POINT('',(-0.675,5.68,-0.575));
#3734 = VECTOR('',#3735,1.);
#3735 = DIRECTION('',(0.,1.,0.));
#3736 = ORIENTED_EDGE('',*,*,#3737,.T.);
#3737 = EDGE_CURVE('',#3730,#3706,#3738,.T.);
#3738 = LINE('',#3739,#3740);
#3739 = CARTESIAN_POINT('',(-0.675,5.68,-0.575));
#3740 = VECTOR('',#3741,1.);
#3741 = DIRECTION('',(-1.,0.,-5.286776307739E-16));
#3742 = ORIENTED_EDGE('',*,*,#3705,.T.);
#3743 = PLANE('',#3744);
#3744 = AXIS2_PLACEMENT_3D('',#3745,#3746,#3747);
#3745 = CARTESIAN_POINT('',(-0.675,5.68,-0.575));
#3746 = DIRECTION('',(5.507058653895E-16,0.,-1.));
#3747 = DIRECTION('',(-1.,0.,-5.507058653895E-16));
#3748 = ADVANCED_FACE('',(#3749),#3760,.T.);
#3749 = FACE_BOUND('',#3750,.T.);
#3750 = EDGE_LOOP('',(#3751,#3752,#3753,#3759));
#3751 = ORIENTED_EDGE('',*,*,#3467,.F.);
#3752 = ORIENTED_EDGE('',*,*,#3498,.F.);
#3753 = ORIENTED_EDGE('',*,*,#3754,.T.);
#3754 = EDGE_CURVE('',#3491,#3730,#3755,.T.);
#3755 = LINE('',#3756,#3757);
#3756 = CARTESIAN_POINT('',(-0.675,5.68,-2.25));
#3757 = VECTOR('',#3758,1.);
#3758 = DIRECTION('',(0.,0.,1.));
#3759 = ORIENTED_EDGE('',*,*,#3729,.T.);
#3760 = PLANE('',#3761);
#3761 = AXIS2_PLACEMENT_3D('',#3762,#3763,#3764);
#3762 = CARTESIAN_POINT('',(-0.675,5.68,-2.25));
#3763 = DIRECTION('',(-1.,0.,6.472848790958E-17));
#3764 = DIRECTION('',(6.472848790958E-17,0.,1.));
#3765 = ADVANCED_FACE('',(#3766,#3800),#3814,.F.);
#3766 = FACE_BOUND('',#3767,.T.);
#3767 = EDGE_LOOP('',(#3768,#3778,#3786,#3794));
#3768 = ORIENTED_EDGE('',*,*,#3769,.F.);
#3769 = EDGE_CURVE('',#3770,#3772,#3774,.T.);
#3770 = VERTEX_POINT('',#3771);
#3771 = CARTESIAN_POINT('',(3.6,5.68,2.78));
#3772 = VERTEX_POINT('',#3773);
#3773 = CARTESIAN_POINT('',(-3.6,5.68,2.78));
#3774 = LINE('',#3775,#3776);
#3775 = CARTESIAN_POINT('',(3.6,5.68,2.78));
#3776 = VECTOR('',#3777,1.);
#3777 = DIRECTION('',(-1.,1.541976423091E-16,-3.854941057726E-16));
#3778 = ORIENTED_EDGE('',*,*,#3779,.F.);
#3779 = EDGE_CURVE('',#3780,#3770,#3782,.T.);
#3780 = VERTEX_POINT('',#3781);
#3781 = CARTESIAN_POINT('',(3.6,5.68,-2.78));
#3782 = LINE('',#3783,#3784);
#3783 = CARTESIAN_POINT('',(3.6,5.68,-2.78));
#3784 = VECTOR('',#3785,1.);
#3785 = DIRECTION('',(-9.984020005622E-17,-1.996804001124E-16,1.));
#3786 = ORIENTED_EDGE('',*,*,#3787,.F.);
#3787 = EDGE_CURVE('',#3788,#3780,#3790,.T.);
#3788 = VERTEX_POINT('',#3789);
#3789 = CARTESIAN_POINT('',(-3.6,5.68,-2.78));
#3790 = LINE('',#3791,#3792);
#3791 = CARTESIAN_POINT('',(-3.6,5.68,-2.78));
#3792 = VECTOR('',#3793,1.);
#3793 = DIRECTION('',(1.,1.541976423091E-16,3.854941057726E-16));
#3794 = ORIENTED_EDGE('',*,*,#3795,.F.);
#3795 = EDGE_CURVE('',#3772,#3788,#3796,.T.);
#3796 = LINE('',#3797,#3798);
#3797 = CARTESIAN_POINT('',(-3.6,5.68,2.78));
#3798 = VECTOR('',#3799,1.);
#3799 = DIRECTION('',(9.984020005622E-17,-1.996804001124E-16,-1.));
#3800 = FACE_BOUND('',#3801,.T.);
#3801 = EDGE_LOOP('',(#3802,#3803,#3804,#3805,#3806,#3807,#3808,#3809,
    #3810,#3811,#3812,#3813));
#3802 = ORIENTED_EDGE('',*,*,#3617,.F.);
#3803 = ORIENTED_EDGE('',*,*,#3641,.F.);
#3804 = ORIENTED_EDGE('',*,*,#3665,.F.);
#3805 = ORIENTED_EDGE('',*,*,#3689,.F.);
#3806 = ORIENTED_EDGE('',*,*,#3713,.F.);
#3807 = ORIENTED_EDGE('',*,*,#3737,.F.);
#3808 = ORIENTED_EDGE('',*,*,#3754,.F.);
#3809 = ORIENTED_EDGE('',*,*,#3490,.F.);
#3810 = ORIENTED_EDGE('',*,*,#3521,.F.);
#3811 = ORIENTED_EDGE('',*,*,#3545,.F.);
#3812 = ORIENTED_EDGE('',*,*,#3569,.F.);
#3813 = ORIENTED_EDGE('',*,*,#3593,.F.);
#3814 = PLANE('',#3815);
#3815 = AXIS2_PLACEMENT_3D('',#3816,#3817,#3818);
#3816 = CARTESIAN_POINT('',(0.,5.68,0.));
#3817 = DIRECTION('',(0.,-1.,0.));
#3818 = DIRECTION('',(0.,0.,-1.));
#3819 = ADVANCED_FACE('',(#3820),#3836,.F.);
#3820 = FACE_BOUND('',#3821,.T.);
#3821 = EDGE_LOOP('',(#3822,#3823,#3829,#3830));
#3822 = ORIENTED_EDGE('',*,*,#3769,.T.);
#3823 = ORIENTED_EDGE('',*,*,#3824,.F.);
#3824 = EDGE_CURVE('',#3340,#3772,#3825,.T.);
#3825 = LINE('',#3826,#3827);
#3826 = CARTESIAN_POINT('',(-3.6,5.35,2.78));
#3827 = VECTOR('',#3828,1.);
#3828 = DIRECTION('',(0.,1.,0.));
#3829 = ORIENTED_EDGE('',*,*,#3337,.F.);
#3830 = ORIENTED_EDGE('',*,*,#3831,.T.);
#3831 = EDGE_CURVE('',#3338,#3770,#3832,.T.);
#3832 = LINE('',#3833,#3834);
#3833 = CARTESIAN_POINT('',(3.6,5.35,2.78));
#3834 = VECTOR('',#3835,1.);
#3835 = DIRECTION('',(0.,1.,0.));
#3836 = PLANE('',#3837);
#3837 = AXIS2_PLACEMENT_3D('',#3838,#3839,#3840);
#3838 = CARTESIAN_POINT('',(3.6,5.35,2.78));
#3839 = DIRECTION('',(4.216341781888E-16,0.,-1.));
#3840 = DIRECTION('',(-1.,0.,-4.216341781888E-16));
#3841 = ADVANCED_FACE('',(#3842),#3853,.F.);
#3842 = FACE_BOUND('',#3843,.T.);
#3843 = EDGE_LOOP('',(#3844,#3845,#3846,#3847));
#3844 = ORIENTED_EDGE('',*,*,#3779,.T.);
#3845 = ORIENTED_EDGE('',*,*,#3831,.F.);
#3846 = ORIENTED_EDGE('',*,*,#3363,.F.);
#3847 = ORIENTED_EDGE('',*,*,#3848,.T.);
#3848 = EDGE_CURVE('',#3356,#3780,#3849,.T.);
#3849 = LINE('',#3850,#3851);
#3850 = CARTESIAN_POINT('',(3.6,5.35,-2.78));
#3851 = VECTOR('',#3852,1.);
#3852 = DIRECTION('',(0.,1.,0.));
#3853 = PLANE('',#3854);
#3854 = AXIS2_PLACEMENT_3D('',#3855,#3856,#3857);
#3855 = CARTESIAN_POINT('',(3.6,5.35,2.78));
#3856 = DIRECTION('',(-1.,0.,-7.800015629392E-17));
#3857 = DIRECTION('',(-7.800015629392E-17,0.,1.));
#3858 = ADVANCED_FACE('',(#3859),#3870,.F.);
#3859 = FACE_BOUND('',#3860,.T.);
#3860 = EDGE_LOOP('',(#3861,#3862,#3863,#3864));
#3861 = ORIENTED_EDGE('',*,*,#3787,.T.);
#3862 = ORIENTED_EDGE('',*,*,#3848,.F.);
#3863 = ORIENTED_EDGE('',*,*,#3355,.F.);
#3864 = ORIENTED_EDGE('',*,*,#3865,.T.);
#3865 = EDGE_CURVE('',#3348,#3788,#3866,.T.);
#3866 = LINE('',#3867,#3868);
#3867 = CARTESIAN_POINT('',(-3.6,5.35,-2.78));
#3868 = VECTOR('',#3869,1.);
#3869 = DIRECTION('',(0.,1.,0.));
#3870 = PLANE('',#3871);
#3871 = AXIS2_PLACEMENT_3D('',#3872,#3873,#3874);
#3872 = CARTESIAN_POINT('',(3.6,5.35,-2.78));
#3873 = DIRECTION('',(-4.216341781888E-16,0.,1.));
#3874 = DIRECTION('',(1.,0.,4.216341781888E-16));
#3875 = ADVANCED_FACE('',(#3876),#3882,.F.);
#3876 = FACE_BOUND('',#3877,.T.);
#3877 = EDGE_LOOP('',(#3878,#3879,#3880,#3881));
#3878 = ORIENTED_EDGE('',*,*,#3795,.T.);
#3879 = ORIENTED_EDGE('',*,*,#3865,.F.);
#3880 = ORIENTED_EDGE('',*,*,#3347,.F.);
#3881 = ORIENTED_EDGE('',*,*,#3824,.T.);
#3882 = PLANE('',#3883);
#3883 = AXIS2_PLACEMENT_3D('',#3884,#3885,#3886);
#3884 = CARTESIAN_POINT('',(-3.6,5.35,2.78));
#3885 = DIRECTION('',(1.,0.,7.800015629392E-17));
#3886 = DIRECTION('',(7.800015629392E-17,0.,-1.));
#3887 = ( GEOMETRIC_REPRESENTATION_CONTEXT(3) 
GLOBAL_UNCERTAINTY_ASSIGNED_CONTEXT((#3891)) 
GLOBAL_UNIT_ASSIGNED_CONTEXT((#3888,#3889,#3890)) REPRESENTATION_CONTEXT
('Context #1','3D Context with UNIT and UNCERTAINTY') );
#3888 = ( LENGTH_UNIT() NAMED_UNIT(*) SI_UNIT(.MILLI.,.METRE.) );
#3889 = ( NAMED_UNIT(*) PLANE_ANGLE_UNIT() SI_UNIT($,.RADIAN.) );
#3890 = ( NAMED_UNIT(*) SI_UNIT($,.STERADIAN.) SOLID_ANGLE_UNIT() );
#3891 = UNCERTAINTY_MEASURE_WITH_UNIT(LENGTH_MEASURE(1.E-07),#3888,
  'distance_accuracy_value','confusion accuracy');
#3892 = CONTEXT_DEPENDENT_SHAPE_REPRESENTATION(#3893,#3895);
#3893 = ( REPRESENTATION_RELATIONSHIP('','',#3330,#79) 
REPRESENTATION_RELATIONSHIP_WITH_TRANSFORMATION(#3894) 
SHAPE_REPRESENTATION_RELATIONSHIP() );
#3894 = ITEM_DEFINED_TRANSFORMATION('','',#11,#84);
#3895 = PRODUCT_DEFINITION_SHAPE('Placement','Placement of an item',
  #3896);
#3896 = NEXT_ASSEMBLY_USAGE_OCCURRENCE('2','Component2:1','',#74,#3325,$
  );
#3897 = PRODUCT_RELATED_PRODUCT_CATEGORY('part',$,(#3327));
#3898 = CONTEXT_DEPENDENT_SHAPE_REPRESENTATION(#3899,#3901);
#3899 = ( REPRESENTATION_RELATIONSHIP('','',#56,#10) 
REPRESENTATION_RELATIONSHIP_WITH_TRANSFORMATION(#3900) 
SHAPE_REPRESENTATION_RELATIONSHIP() );
#3900 = ITEM_DEFINED_TRANSFORMATION('','',#11,#19);
#3901 = PRODUCT_DEFINITION_SHAPE('Placement','Placement of an item',
  #3902);
#3902 = NEXT_ASSEMBLY_USAGE_OCCURRENCE('5','SW2','',#5,#51,$);
#3903 = CONTEXT_DEPENDENT_SHAPE_REPRESENTATION(#3904,#3906);
#3904 = ( REPRESENTATION_RELATIONSHIP('','',#56,#10) 
REPRESENTATION_RELATIONSHIP_WITH_TRANSFORMATION(#3905) 
SHAPE_REPRESENTATION_RELATIONSHIP() );
#3905 = ITEM_DEFINED_TRANSFORMATION('','',#11,#23);
#3906 = PRODUCT_DEFINITION_SHAPE('Placement','Placement of an item',
  #3907);
#3907 = NEXT_ASSEMBLY_USAGE_OCCURRENCE('6','SW4','',#5,#51,$);
#3908 = CONTEXT_DEPENDENT_SHAPE_REPRESENTATION(#3909,#3911);
#3909 = ( REPRESENTATION_RELATIONSHIP('','',#56,#10) 
REPRESENTATION_RELATIONSHIP_WITH_TRANSFORMATION(#3910) 
SHAPE_REPRESENTATION_RELATIONSHIP() );
#3910 = ITEM_DEFINED_TRANSFORMATION('','',#11,#27);
#3911 = PRODUCT_DEFINITION_SHAPE('Placement','Placement of an item',
  #3912);
#3912 = NEXT_ASSEMBLY_USAGE_OCCURRENCE('7','SW3','',#5,#51,$);
#3913 = SHAPE_DEFINITION_REPRESENTATION(#3914,#3920);
#3914 = PRODUCT_DEFINITION_SHAPE('','',#3915);
#3915 = PRODUCT_DEFINITION('design','',#3916,#3919);
#3916 = PRODUCT_DEFINITION_FORMATION('','',#3917);
#3917 = PRODUCT('PinSocket_1x08_P2.54mm_Vertical',
  'PinSocket_1x08_P2.54mm_Vertical','',(#3918));
#3918 = PRODUCT_CONTEXT('',#2,'mechanical');
#3919 = PRODUCT_DEFINITION_CONTEXT('part definition',#2,'design');
#3920 = SHAPE_REPRESENTATION('',(#11,#3921),#3925);
#3921 = AXIS2_PLACEMENT_3D('',#3922,#3923,#3924);
#3922 = CARTESIAN_POINT('',(0.,0.,0.));
#3923 = DIRECTION('',(0.,0.,1.));
#3924 = DIRECTION('',(1.,0.,-0.));
#3925 = ( GEOMETRIC_REPRESENTATION_CONTEXT(3) 
GLOBAL_UNCERTAINTY_ASSIGNED_CONTEXT((#3929)) 
GLOBAL_UNIT_ASSIGNED_CONTEXT((#3926,#3927,#3928)) REPRESENTATION_CONTEXT
('Context #1','3D Context with UNIT and UNCERTAINTY') );
#3926 = ( LENGTH_UNIT() NAMED_UNIT(*) SI_UNIT(.MILLI.,.METRE.) );
#3927 = ( NAMED_UNIT(*) PLANE_ANGLE_UNIT() SI_UNIT($,.RADIAN.) );
#3928 = ( NAMED_UNIT(*) SI_UNIT($,.STERADIAN.) SOLID_ANGLE_UNIT() );
#3929 = UNCERTAINTY_MEASURE_WITH_UNIT(LENGTH_MEASURE(1.E-07),#3926,
  'distance_accuracy_value','confusion accuracy');
#3930 = CONTEXT_DEPENDENT_SHAPE_REPRESENTATION(#3931,#3933);
#3931 = ( REPRESENTATION_RELATIONSHIP('','',#3920,#10) 
REPRESENTATION_RELATIONSHIP_WITH_TRANSFORMATION(#3932) 
SHAPE_REPRESENTATION_RELATIONSHIP() );
#3932 = ITEM_DEFINED_TRANSFORMATION('','',#11,#31);
#3933 = PRODUCT_DEFINITION_SHAPE('Placement','Placement of an item',
  #3934);
#3934 = NEXT_ASSEMBLY_USAGE_OCCURRENCE('9','J1','',#5,#3915,$);
#3935 = PRODUCT_RELATED_PRODUCT_CATEGORY('part',$,(#3917));
#3936 = SHAPE_DEFINITION_REPRESENTATION(#3937,#3943);
#3937 = PRODUCT_DEFINITION_SHAPE('','',#3938);
#3938 = PRODUCT_DEFINITION('design','',#3939,#3942);
#3939 = PRODUCT_DEFINITION_FORMATION('','',#3940);
#3940 = PRODUCT('PinSocket_1x08_P2.54mm_Vertical',
  'PinSocket_1x08_P2.54mm_Vertical','',(#3941));
#3941 = PRODUCT_CONTEXT('',#2,'mechanical');
#3942 = PRODUCT_DEFINITION_CONTEXT('part definition',#2,'design');
#3943 = ADVANCED_BREP_SHAPE_REPRESENTATION('',(#11,#3944),#10434);
#3944 = MANIFOLD_SOLID_BREP('',#3945);
#3945 = CLOSED_SHELL('',(#3946,#3986,#4049,#4112,#4129,#4418,#4440,#4457
    ,#5002,#5014,#5026,#5057,#5081,#5105,#5122,#5153,#5177,#5201,#5218,
    #5249,#5273,#5297,#5314,#5345,#5369,#5393,#5410,#5441,#5465,#5489,
    #5506,#5537,#5561,#5585,#5602,#5633,#5657,#5681,#5698,#5729,#5753,
    #5777,#5794,#5811,#5858,#5875,#5922,#5939,#5986,#6003,#6050,#6067,
    #6114,#6131,#6178,#6195,#6242,#6259,#6306,#6323,#6370,#6387,#6434,
    #6451,#6498,#6515,#6562,#6579,#6626,#6643,#6690,#6707,#6754,#6771,
    #6818,#6849,#6905,#6929,#6978,#7009,#7065,#7089,#7138,#7169,#7225,
    #7249,#7298,#7329,#7385,#7409,#7458,#7489,#7545,#7569,#7618,#7649,
    #7705,#7729,#7778,#7809,#7865,#7889,#7938,#7969,#8025,#8049,#8098,
    #8115,#8132,#8149,#8166,#8178,#8195,#8212,#8229,#8246,#8258,#8275,
    #8292,#8309,#8326,#8338,#8355,#8372,#8389,#8406,#8418,#8435,#8452,
    #8469,#8486,#8498,#8515,#8532,#8549,#8566,#8578,#8595,#8612,#8629,
    #8646,#8658,#8675,#8692,#8709,#8726,#8738,#8755,#8772,#8821,#8845,
    #8887,#8904,#8921,#8938,#8987,#9011,#9053,#9070,#9087,#9104,#9153,
    #9177,#9219,#9236,#9253,#9270,#9319,#9343,#9385,#9402,#9419,#9436,
    #9485,#9509,#9551,#9568,#9585,#9602,#9651,#9675,#9717,#9734,#9751,
    #9768,#9817,#9841,#9883,#9900,#9917,#9934,#9983,#10007,#10049,#10066
    ,#10083,#10100,#10112,#10129,#10146,#10158,#10175,#10192,#10204,
    #10221,#10238,#10250,#10267,#10284,#10296,#10313,#10330,#10342,
    #10359,#10376,#10388,#10405,#10422));
#3946 = ADVANCED_FACE('',(#3947),#3981,.F.);
#3947 = FACE_BOUND('',#3948,.F.);
#3948 = EDGE_LOOP('',(#3949,#3959,#3967,#3975));
#3949 = ORIENTED_EDGE('',*,*,#3950,.T.);
#3950 = EDGE_CURVE('',#3951,#3953,#3955,.T.);
#3951 = VERTEX_POINT('',#3952);
#3952 = CARTESIAN_POINT('',(1.27,-19.05,0.));
#3953 = VERTEX_POINT('',#3954);
#3954 = CARTESIAN_POINT('',(1.27,-19.05,8.5));
#3955 = LINE('',#3956,#3957);
#3956 = CARTESIAN_POINT('',(1.27,-19.05,0.));
#3957 = VECTOR('',#3958,1.);
#3958 = DIRECTION('',(0.,0.,1.));
#3959 = ORIENTED_EDGE('',*,*,#3960,.T.);
#3960 = EDGE_CURVE('',#3953,#3961,#3963,.T.);
#3961 = VERTEX_POINT('',#3962);
#3962 = CARTESIAN_POINT('',(1.27,1.27,8.5));
#3963 = LINE('',#3964,#3965);
#3964 = CARTESIAN_POINT('',(1.27,-19.05,8.5));
#3965 = VECTOR('',#3966,1.);
#3966 = DIRECTION('',(1.110223024625E-16,1.,0.));
#3967 = ORIENTED_EDGE('',*,*,#3968,.F.);
#3968 = EDGE_CURVE('',#3969,#3961,#3971,.T.);
#3969 = VERTEX_POINT('',#3970);
#3970 = CARTESIAN_POINT('',(1.27,1.27,0.));
#3971 = LINE('',#3972,#3973);
#3972 = CARTESIAN_POINT('',(1.27,1.27,0.));
#3973 = VECTOR('',#3974,1.);
#3974 = DIRECTION('',(0.,0.,1.));
#3975 = ORIENTED_EDGE('',*,*,#3976,.F.);
#3976 = EDGE_CURVE('',#3951,#3969,#3977,.T.);
#3977 = LINE('',#3978,#3979);
#3978 = CARTESIAN_POINT('',(1.27,-19.05,0.));
#3979 = VECTOR('',#3980,1.);
#3980 = DIRECTION('',(1.110223024625E-16,1.,0.));
#3981 = PLANE('',#3982);
#3982 = AXIS2_PLACEMENT_3D('',#3983,#3984,#3985);
#3983 = CARTESIAN_POINT('',(1.27,-19.05,0.));
#3984 = DIRECTION('',(-1.,1.110223024625E-16,0.));
#3985 = DIRECTION('',(1.110223024625E-16,1.,0.));
#3986 = ADVANCED_FACE('',(#3987),#4044,.F.);
#3987 = FACE_BOUND('',#3988,.F.);
#3988 = EDGE_LOOP('',(#3989,#3999,#4007,#4013,#4014,#4022,#4030,#4038));
#3989 = ORIENTED_EDGE('',*,*,#3990,.F.);
#3990 = EDGE_CURVE('',#3991,#3993,#3995,.T.);
#3991 = VERTEX_POINT('',#3992);
#3992 = CARTESIAN_POINT('',(-1.27,-19.05,0.));
#3993 = VERTEX_POINT('',#3994);
#3994 = CARTESIAN_POINT('',(-0.846666666667,-19.05,0.));
#3995 = LINE('',#3996,#3997);
#3996 = CARTESIAN_POINT('',(-1.27,-19.05,0.));
#3997 = VECTOR('',#3998,1.);
#3998 = DIRECTION('',(1.,0.,-0.));
#3999 = ORIENTED_EDGE('',*,*,#4000,.T.);
#4000 = EDGE_CURVE('',#3991,#4001,#4003,.T.);
#4001 = VERTEX_POINT('',#4002);
#4002 = CARTESIAN_POINT('',(-1.27,-19.05,8.5));
#4003 = LINE('',#4004,#4005);
#4004 = CARTESIAN_POINT('',(-1.27,-19.05,0.));
#4005 = VECTOR('',#4006,1.);
#4006 = DIRECTION('',(0.,0.,1.));
#4007 = ORIENTED_EDGE('',*,*,#4008,.T.);
#4008 = EDGE_CURVE('',#4001,#3953,#4009,.T.);
#4009 = LINE('',#4010,#4011);
#4010 = CARTESIAN_POINT('',(-1.27,-19.05,8.5));
#4011 = VECTOR('',#4012,1.);
#4012 = DIRECTION('',(1.,0.,-0.));
#4013 = ORIENTED_EDGE('',*,*,#3950,.F.);
#4014 = ORIENTED_EDGE('',*,*,#4015,.F.);
#4015 = EDGE_CURVE('',#4016,#3951,#4018,.T.);
#4016 = VERTEX_POINT('',#4017);
#4017 = CARTESIAN_POINT('',(0.846666666667,-19.05,0.));
#4018 = LINE('',#4019,#4020);
#4019 = CARTESIAN_POINT('',(-1.27,-19.05,0.));
#4020 = VECTOR('',#4021,1.);
#4021 = DIRECTION('',(1.,0.,-0.));
#4022 = ORIENTED_EDGE('',*,*,#4023,.T.);
#4023 = EDGE_CURVE('',#4016,#4024,#4026,.T.);
#4024 = VERTEX_POINT('',#4025);
#4025 = CARTESIAN_POINT('',(0.846666666667,-19.05,0.2));
#4026 = LINE('',#4027,#4028);
#4027 = CARTESIAN_POINT('',(0.846666666667,-19.05,0.));
#4028 = VECTOR('',#4029,1.);
#4029 = DIRECTION('',(0.,0.,1.));
#4030 = ORIENTED_EDGE('',*,*,#4031,.F.);
#4031 = EDGE_CURVE('',#4032,#4024,#4034,.T.);
#4032 = VERTEX_POINT('',#4033);
#4033 = CARTESIAN_POINT('',(-0.846666666667,-19.05,0.2));
#4034 = LINE('',#4035,#4036);
#4035 = CARTESIAN_POINT('',(-0.846666666667,-19.05,0.2));
#4036 = VECTOR('',#4037,1.);
#4037 = DIRECTION('',(1.,0.,-0.));
#4038 = ORIENTED_EDGE('',*,*,#4039,.F.);
#4039 = EDGE_CURVE('',#3993,#4032,#4040,.T.);
#4040 = LINE('',#4041,#4042);
#4041 = CARTESIAN_POINT('',(-0.846666666667,-19.05,0.));
#4042 = VECTOR('',#4043,1.);
#4043 = DIRECTION('',(0.,0.,1.));
#4044 = PLANE('',#4045);
#4045 = AXIS2_PLACEMENT_3D('',#4046,#4047,#4048);
#4046 = CARTESIAN_POINT('',(-1.27,-19.05,0.));
#4047 = DIRECTION('',(1.110223024625E-16,1.,0.));
#4048 = DIRECTION('',(1.,-1.110223024625E-16,-0.));
#4049 = ADVANCED_FACE('',(#4050),#4107,.F.);
#4050 = FACE_BOUND('',#4051,.F.);
#4051 = EDGE_LOOP('',(#4052,#4060,#4061,#4069,#4077,#4085,#4093,#4101));
#4052 = ORIENTED_EDGE('',*,*,#4053,.F.);
#4053 = EDGE_CURVE('',#3969,#4054,#4056,.T.);
#4054 = VERTEX_POINT('',#4055);
#4055 = CARTESIAN_POINT('',(0.846666666667,1.27,0.));
#4056 = LINE('',#4057,#4058);
#4057 = CARTESIAN_POINT('',(1.27,1.27,0.));
#4058 = VECTOR('',#4059,1.);
#4059 = DIRECTION('',(-1.,1.110223024625E-16,0.));
#4060 = ORIENTED_EDGE('',*,*,#3968,.T.);
#4061 = ORIENTED_EDGE('',*,*,#4062,.T.);
#4062 = EDGE_CURVE('',#3961,#4063,#4065,.T.);
#4063 = VERTEX_POINT('',#4064);
#4064 = CARTESIAN_POINT('',(-1.27,1.27,8.5));
#4065 = LINE('',#4066,#4067);
#4066 = CARTESIAN_POINT('',(1.27,1.27,8.5));
#4067 = VECTOR('',#4068,1.);
#4068 = DIRECTION('',(-1.,1.110223024625E-16,0.));
#4069 = ORIENTED_EDGE('',*,*,#4070,.F.);
#4070 = EDGE_CURVE('',#4071,#4063,#4073,.T.);
#4071 = VERTEX_POINT('',#4072);
#4072 = CARTESIAN_POINT('',(-1.27,1.27,0.));
#4073 = LINE('',#4074,#4075);
#4074 = CARTESIAN_POINT('',(-1.27,1.27,0.));
#4075 = VECTOR('',#4076,1.);
#4076 = DIRECTION('',(0.,0.,1.));
#4077 = ORIENTED_EDGE('',*,*,#4078,.F.);
#4078 = EDGE_CURVE('',#4079,#4071,#4081,.T.);
#4079 = VERTEX_POINT('',#4080);
#4080 = CARTESIAN_POINT('',(-0.846666666667,1.27,0.));
#4081 = LINE('',#4082,#4083);
#4082 = CARTESIAN_POINT('',(1.27,1.27,0.));
#4083 = VECTOR('',#4084,1.);
#4084 = DIRECTION('',(-1.,1.110223024625E-16,0.));
#4085 = ORIENTED_EDGE('',*,*,#4086,.T.);
#4086 = EDGE_CURVE('',#4079,#4087,#4089,.T.);
#4087 = VERTEX_POINT('',#4088);
#4088 = CARTESIAN_POINT('',(-0.846666666667,1.27,0.2));
#4089 = LINE('',#4090,#4091);
#4090 = CARTESIAN_POINT('',(-0.846666666667,1.27,0.));
#4091 = VECTOR('',#4092,1.);
#4092 = DIRECTION('',(0.,0.,1.));
#4093 = ORIENTED_EDGE('',*,*,#4094,.F.);
#4094 = EDGE_CURVE('',#4095,#4087,#4097,.T.);
#4095 = VERTEX_POINT('',#4096);
#4096 = CARTESIAN_POINT('',(0.846666666667,1.27,0.2));
#4097 = LINE('',#4098,#4099);
#4098 = CARTESIAN_POINT('',(0.846666666667,1.27,0.2));
#4099 = VECTOR('',#4100,1.);
#4100 = DIRECTION('',(-1.,1.110223024625E-16,0.));
#4101 = ORIENTED_EDGE('',*,*,#4102,.F.);
#4102 = EDGE_CURVE('',#4054,#4095,#4103,.T.);
#4103 = LINE('',#4104,#4105);
#4104 = CARTESIAN_POINT('',(0.846666666667,1.27,0.));
#4105 = VECTOR('',#4106,1.);
#4106 = DIRECTION('',(0.,0.,1.));
#4107 = PLANE('',#4108);
#4108 = AXIS2_PLACEMENT_3D('',#4109,#4110,#4111);
#4109 = CARTESIAN_POINT('',(1.27,1.27,0.));
#4110 = DIRECTION('',(-1.110223024625E-16,-1.,0.));
#4111 = DIRECTION('',(-1.,1.110223024625E-16,0.));
#4112 = ADVANCED_FACE('',(#4113),#4124,.F.);
#4113 = FACE_BOUND('',#4114,.F.);
#4114 = EDGE_LOOP('',(#4115,#4116,#4117,#4118));
#4115 = ORIENTED_EDGE('',*,*,#4015,.T.);
#4116 = ORIENTED_EDGE('',*,*,#3976,.T.);
#4117 = ORIENTED_EDGE('',*,*,#4053,.T.);
#4118 = ORIENTED_EDGE('',*,*,#4119,.F.);
#4119 = EDGE_CURVE('',#4016,#4054,#4120,.T.);
#4120 = LINE('',#4121,#4122);
#4121 = CARTESIAN_POINT('',(0.846666666667,-19.05,0.));
#4122 = VECTOR('',#4123,1.);
#4123 = DIRECTION('',(1.110223024625E-16,1.,0.));
#4124 = PLANE('',#4125);
#4125 = AXIS2_PLACEMENT_3D('',#4126,#4127,#4128);
#4126 = CARTESIAN_POINT('',(-9.592326932761E-16,-8.89,0.));
#4127 = DIRECTION('',(0.,0.,1.));
#4128 = DIRECTION('',(1.110223024625E-16,1.,-0.));
#4129 = ADVANCED_FACE('',(#4130,#4141,#4175,#4209,#4243,#4277,#4311,
    #4345,#4379),#4413,.T.);
#4130 = FACE_BOUND('',#4131,.T.);
#4131 = EDGE_LOOP('',(#4132,#4133,#4134,#4140));
#4132 = ORIENTED_EDGE('',*,*,#3960,.T.);
#4133 = ORIENTED_EDGE('',*,*,#4062,.T.);
#4134 = ORIENTED_EDGE('',*,*,#4135,.T.);
#4135 = EDGE_CURVE('',#4063,#4001,#4136,.T.);
#4136 = LINE('',#4137,#4138);
#4137 = CARTESIAN_POINT('',(-1.27,1.27,8.5));
#4138 = VECTOR('',#4139,1.);
#4139 = DIRECTION('',(-1.110223024625E-16,-1.,0.));
#4140 = ORIENTED_EDGE('',*,*,#4008,.T.);
#4141 = FACE_BOUND('',#4142,.T.);
#4142 = EDGE_LOOP('',(#4143,#4153,#4161,#4169));
#4143 = ORIENTED_EDGE('',*,*,#4144,.F.);
#4144 = EDGE_CURVE('',#4145,#4147,#4149,.T.);
#4145 = VERTEX_POINT('',#4146);
#4146 = CARTESIAN_POINT('',(0.6,-18.38,8.5));
#4147 = VERTEX_POINT('',#4148);
#4148 = CARTESIAN_POINT('',(0.6,-17.18,8.5));
#4149 = LINE('',#4150,#4151);
#4150 = CARTESIAN_POINT('',(0.6,-18.38,8.5));
#4151 = VECTOR('',#4152,1.);
#4152 = DIRECTION('',(1.110223024625E-16,1.,0.));
#4153 = ORIENTED_EDGE('',*,*,#4154,.F.);
#4154 = EDGE_CURVE('',#4155,#4145,#4157,.T.);
#4155 = VERTEX_POINT('',#4156);
#4156 = CARTESIAN_POINT('',(-0.6,-18.38,8.5));
#4157 = LINE('',#4158,#4159);
#4158 = CARTESIAN_POINT('',(-0.6,-18.38,8.5));
#4159 = VECTOR('',#4160,1.);
#4160 = DIRECTION('',(1.,0.,-0.));
#4161 = ORIENTED_EDGE('',*,*,#4162,.F.);
#4162 = EDGE_CURVE('',#4163,#4155,#4165,.T.);
#4163 = VERTEX_POINT('',#4164);
#4164 = CARTESIAN_POINT('',(-0.6,-17.18,8.5));
#4165 = LINE('',#4166,#4167);
#4166 = CARTESIAN_POINT('',(-0.6,-17.18,8.5));
#4167 = VECTOR('',#4168,1.);
#4168 = DIRECTION('',(-1.110223024625E-16,-1.,0.));
#4169 = ORIENTED_EDGE('',*,*,#4170,.F.);
#4170 = EDGE_CURVE('',#4147,#4163,#4171,.T.);
#4171 = LINE('',#4172,#4173);
#4172 = CARTESIAN_POINT('',(0.6,-17.18,8.5));
#4173 = VECTOR('',#4174,1.);
#4174 = DIRECTION('',(-1.,1.110223024625E-16,0.));
#4175 = FACE_BOUND('',#4176,.T.);
#4176 = EDGE_LOOP('',(#4177,#4187,#4195,#4203));
#4177 = ORIENTED_EDGE('',*,*,#4178,.F.);
#4178 = EDGE_CURVE('',#4179,#4181,#4183,.T.);
#4179 = VERTEX_POINT('',#4180);
#4180 = CARTESIAN_POINT('',(0.6,-15.84,8.5));
#4181 = VERTEX_POINT('',#4182);
#4182 = CARTESIAN_POINT('',(0.6,-14.64,8.5));
#4183 = LINE('',#4184,#4185);
#4184 = CARTESIAN_POINT('',(0.6,-15.84,8.5));
#4185 = VECTOR('',#4186,1.);
#4186 = DIRECTION('',(1.110223024625E-16,1.,0.));
#4187 = ORIENTED_EDGE('',*,*,#4188,.F.);
#4188 = EDGE_CURVE('',#4189,#4179,#4191,.T.);
#4189 = VERTEX_POINT('',#4190);
#4190 = CARTESIAN_POINT('',(-0.6,-15.84,8.5));
#4191 = LINE('',#4192,#4193);
#4192 = CARTESIAN_POINT('',(-0.6,-15.84,8.5));
#4193 = VECTOR('',#4194,1.);
#4194 = DIRECTION('',(1.,0.,-0.));
#4195 = ORIENTED_EDGE('',*,*,#4196,.F.);
#4196 = EDGE_CURVE('',#4197,#4189,#4199,.T.);
#4197 = VERTEX_POINT('',#4198);
#4198 = CARTESIAN_POINT('',(-0.6,-14.64,8.5));
#4199 = LINE('',#4200,#4201);
#4200 = CARTESIAN_POINT('',(-0.6,-14.64,8.5));
#4201 = VECTOR('',#4202,1.);
#4202 = DIRECTION('',(-1.110223024625E-16,-1.,0.));
#4203 = ORIENTED_EDGE('',*,*,#4204,.F.);
#4204 = EDGE_CURVE('',#4181,#4197,#4205,.T.);
#4205 = LINE('',#4206,#4207);
#4206 = CARTESIAN_POINT('',(0.6,-14.64,8.5));
#4207 = VECTOR('',#4208,1.);
#4208 = DIRECTION('',(-1.,1.110223024625E-16,0.));
#4209 = FACE_BOUND('',#4210,.T.);
#4210 = EDGE_LOOP('',(#4211,#4221,#4229,#4237));
#4211 = ORIENTED_EDGE('',*,*,#4212,.F.);
#4212 = EDGE_CURVE('',#4213,#4215,#4217,.T.);
#4213 = VERTEX_POINT('',#4214);
#4214 = CARTESIAN_POINT('',(0.6,-13.3,8.5));
#4215 = VERTEX_POINT('',#4216);
#4216 = CARTESIAN_POINT('',(0.6,-12.1,8.5));
#4217 = LINE('',#4218,#4219);
#4218 = CARTESIAN_POINT('',(0.6,-13.3,8.5));
#4219 = VECTOR('',#4220,1.);
#4220 = DIRECTION('',(1.110223024625E-16,1.,0.));
#4221 = ORIENTED_EDGE('',*,*,#4222,.F.);
#4222 = EDGE_CURVE('',#4223,#4213,#4225,.T.);
#4223 = VERTEX_POINT('',#4224);
#4224 = CARTESIAN_POINT('',(-0.6,-13.3,8.5));
#4225 = LINE('',#4226,#4227);
#4226 = CARTESIAN_POINT('',(-0.6,-13.3,8.5));
#4227 = VECTOR('',#4228,1.);
#4228 = DIRECTION('',(1.,0.,-0.));
#4229 = ORIENTED_EDGE('',*,*,#4230,.F.);
#4230 = EDGE_CURVE('',#4231,#4223,#4233,.T.);
#4231 = VERTEX_POINT('',#4232);
#4232 = CARTESIAN_POINT('',(-0.6,-12.1,8.5));
#4233 = LINE('',#4234,#4235);
#4234 = CARTESIAN_POINT('',(-0.6,-12.1,8.5));
#4235 = VECTOR('',#4236,1.);
#4236 = DIRECTION('',(-1.110223024625E-16,-1.,0.));
#4237 = ORIENTED_EDGE('',*,*,#4238,.F.);
#4238 = EDGE_CURVE('',#4215,#4231,#4239,.T.);
#4239 = LINE('',#4240,#4241);
#4240 = CARTESIAN_POINT('',(0.6,-12.1,8.5));
#4241 = VECTOR('',#4242,1.);
#4242 = DIRECTION('',(-1.,1.110223024625E-16,0.));
#4243 = FACE_BOUND('',#4244,.T.);
#4244 = EDGE_LOOP('',(#4245,#4255,#4263,#4271));
#4245 = ORIENTED_EDGE('',*,*,#4246,.F.);
#4246 = EDGE_CURVE('',#4247,#4249,#4251,.T.);
#4247 = VERTEX_POINT('',#4248);
#4248 = CARTESIAN_POINT('',(0.6,-10.76,8.5));
#4249 = VERTEX_POINT('',#4250);
#4250 = CARTESIAN_POINT('',(0.6,-9.56,8.5));
#4251 = LINE('',#4252,#4253);
#4252 = CARTESIAN_POINT('',(0.6,-10.76,8.5));
#4253 = VECTOR('',#4254,1.);
#4254 = DIRECTION('',(1.110223024625E-16,1.,0.));
#4255 = ORIENTED_EDGE('',*,*,#4256,.F.);
#4256 = EDGE_CURVE('',#4257,#4247,#4259,.T.);
#4257 = VERTEX_POINT('',#4258);
#4258 = CARTESIAN_POINT('',(-0.6,-10.76,8.5));
#4259 = LINE('',#4260,#4261);
#4260 = CARTESIAN_POINT('',(-0.6,-10.76,8.5));
#4261 = VECTOR('',#4262,1.);
#4262 = DIRECTION('',(1.,0.,-0.));
#4263 = ORIENTED_EDGE('',*,*,#4264,.F.);
#4264 = EDGE_CURVE('',#4265,#4257,#4267,.T.);
#4265 = VERTEX_POINT('',#4266);
#4266 = CARTESIAN_POINT('',(-0.6,-9.56,8.5));
#4267 = LINE('',#4268,#4269);
#4268 = CARTESIAN_POINT('',(-0.6,-9.56,8.5));
#4269 = VECTOR('',#4270,1.);
#4270 = DIRECTION('',(-1.110223024625E-16,-1.,0.));
#4271 = ORIENTED_EDGE('',*,*,#4272,.F.);
#4272 = EDGE_CURVE('',#4249,#4265,#4273,.T.);
#4273 = LINE('',#4274,#4275);
#4274 = CARTESIAN_POINT('',(0.6,-9.56,8.5));
#4275 = VECTOR('',#4276,1.);
#4276 = DIRECTION('',(-1.,1.110223024625E-16,0.));
#4277 = FACE_BOUND('',#4278,.T.);
#4278 = EDGE_LOOP('',(#4279,#4289,#4297,#4305));
#4279 = ORIENTED_EDGE('',*,*,#4280,.F.);
#4280 = EDGE_CURVE('',#4281,#4283,#4285,.T.);
#4281 = VERTEX_POINT('',#4282);
#4282 = CARTESIAN_POINT('',(0.6,-8.22,8.5));
#4283 = VERTEX_POINT('',#4284);
#4284 = CARTESIAN_POINT('',(0.6,-7.02,8.5));
#4285 = LINE('',#4286,#4287);
#4286 = CARTESIAN_POINT('',(0.6,-8.22,8.5));
#4287 = VECTOR('',#4288,1.);
#4288 = DIRECTION('',(1.110223024625E-16,1.,0.));
#4289 = ORIENTED_EDGE('',*,*,#4290,.F.);
#4290 = EDGE_CURVE('',#4291,#4281,#4293,.T.);
#4291 = VERTEX_POINT('',#4292);
#4292 = CARTESIAN_POINT('',(-0.6,-8.22,8.5));
#4293 = LINE('',#4294,#4295);
#4294 = CARTESIAN_POINT('',(-0.6,-8.22,8.5));
#4295 = VECTOR('',#4296,1.);
#4296 = DIRECTION('',(1.,0.,-0.));
#4297 = ORIENTED_EDGE('',*,*,#4298,.F.);
#4298 = EDGE_CURVE('',#4299,#4291,#4301,.T.);
#4299 = VERTEX_POINT('',#4300);
#4300 = CARTESIAN_POINT('',(-0.6,-7.02,8.5));
#4301 = LINE('',#4302,#4303);
#4302 = CARTESIAN_POINT('',(-0.6,-7.02,8.5));
#4303 = VECTOR('',#4304,1.);
#4304 = DIRECTION('',(-1.110223024625E-16,-1.,0.));
#4305 = ORIENTED_EDGE('',*,*,#4306,.F.);
#4306 = EDGE_CURVE('',#4283,#4299,#4307,.T.);
#4307 = LINE('',#4308,#4309);
#4308 = CARTESIAN_POINT('',(0.6,-7.02,8.5));
#4309 = VECTOR('',#4310,1.);
#4310 = DIRECTION('',(-1.,1.110223024625E-16,0.));
#4311 = FACE_BOUND('',#4312,.T.);
#4312 = EDGE_LOOP('',(#4313,#4323,#4331,#4339));
#4313 = ORIENTED_EDGE('',*,*,#4314,.F.);
#4314 = EDGE_CURVE('',#4315,#4317,#4319,.T.);
#4315 = VERTEX_POINT('',#4316);
#4316 = CARTESIAN_POINT('',(0.6,-5.68,8.5));
#4317 = VERTEX_POINT('',#4318);
#4318 = CARTESIAN_POINT('',(0.6,-4.48,8.5));
#4319 = LINE('',#4320,#4321);
#4320 = CARTESIAN_POINT('',(0.6,-5.68,8.5));
#4321 = VECTOR('',#4322,1.);
#4322 = DIRECTION('',(1.110223024625E-16,1.,0.));
#4323 = ORIENTED_EDGE('',*,*,#4324,.F.);
#4324 = EDGE_CURVE('',#4325,#4315,#4327,.T.);
#4325 = VERTEX_POINT('',#4326);
#4326 = CARTESIAN_POINT('',(-0.6,-5.68,8.5));
#4327 = LINE('',#4328,#4329);
#4328 = CARTESIAN_POINT('',(-0.6,-5.68,8.5));
#4329 = VECTOR('',#4330,1.);
#4330 = DIRECTION('',(1.,0.,-0.));
#4331 = ORIENTED_EDGE('',*,*,#4332,.F.);
#4332 = EDGE_CURVE('',#4333,#4325,#4335,.T.);
#4333 = VERTEX_POINT('',#4334);
#4334 = CARTESIAN_POINT('',(-0.6,-4.48,8.5));
#4335 = LINE('',#4336,#4337);
#4336 = CARTESIAN_POINT('',(-0.6,-4.48,8.5));
#4337 = VECTOR('',#4338,1.);
#4338 = DIRECTION('',(-1.110223024625E-16,-1.,0.));
#4339 = ORIENTED_EDGE('',*,*,#4340,.F.);
#4340 = EDGE_CURVE('',#4317,#4333,#4341,.T.);
#4341 = LINE('',#4342,#4343);
#4342 = CARTESIAN_POINT('',(0.6,-4.48,8.5));
#4343 = VECTOR('',#4344,1.);
#4344 = DIRECTION('',(-1.,1.110223024625E-16,0.));
#4345 = FACE_BOUND('',#4346,.T.);
#4346 = EDGE_LOOP('',(#4347,#4357,#4365,#4373));
#4347 = ORIENTED_EDGE('',*,*,#4348,.F.);
#4348 = EDGE_CURVE('',#4349,#4351,#4353,.T.);
#4349 = VERTEX_POINT('',#4350);
#4350 = CARTESIAN_POINT('',(0.6,-3.14,8.5));
#4351 = VERTEX_POINT('',#4352);
#4352 = CARTESIAN_POINT('',(0.6,-1.94,8.5));
#4353 = LINE('',#4354,#4355);
#4354 = CARTESIAN_POINT('',(0.6,-3.14,8.5));
#4355 = VECTOR('',#4356,1.);
#4356 = DIRECTION('',(1.110223024625E-16,1.,0.));
#4357 = ORIENTED_EDGE('',*,*,#4358,.F.);
#4358 = EDGE_CURVE('',#4359,#4349,#4361,.T.);
#4359 = VERTEX_POINT('',#4360);
#4360 = CARTESIAN_POINT('',(-0.6,-3.14,8.5));
#4361 = LINE('',#4362,#4363);
#4362 = CARTESIAN_POINT('',(-0.6,-3.14,8.5));
#4363 = VECTOR('',#4364,1.);
#4364 = DIRECTION('',(1.,0.,-0.));
#4365 = ORIENTED_EDGE('',*,*,#4366,.F.);
#4366 = EDGE_CURVE('',#4367,#4359,#4369,.T.);
#4367 = VERTEX_POINT('',#4368);
#4368 = CARTESIAN_POINT('',(-0.6,-1.94,8.5));
#4369 = LINE('',#4370,#4371);
#4370 = CARTESIAN_POINT('',(-0.6,-1.94,8.5));
#4371 = VECTOR('',#4372,1.);
#4372 = DIRECTION('',(-1.110223024625E-16,-1.,0.));
#4373 = ORIENTED_EDGE('',*,*,#4374,.F.);
#4374 = EDGE_CURVE('',#4351,#4367,#4375,.T.);
#4375 = LINE('',#4376,#4377);
#4376 = CARTESIAN_POINT('',(0.6,-1.94,8.5));
#4377 = VECTOR('',#4378,1.);
#4378 = DIRECTION('',(-1.,1.110223024625E-16,0.));
#4379 = FACE_BOUND('',#4380,.T.);
#4380 = EDGE_LOOP('',(#4381,#4391,#4399,#4407));
#4381 = ORIENTED_EDGE('',*,*,#4382,.F.);
#4382 = EDGE_CURVE('',#4383,#4385,#4387,.T.);
#4383 = VERTEX_POINT('',#4384);
#4384 = CARTESIAN_POINT('',(0.6,-0.6,8.5));
#4385 = VERTEX_POINT('',#4386);
#4386 = CARTESIAN_POINT('',(0.6,0.6,8.5));
#4387 = LINE('',#4388,#4389);
#4388 = CARTESIAN_POINT('',(0.6,-0.6,8.5));
#4389 = VECTOR('',#4390,1.);
#4390 = DIRECTION('',(1.110223024625E-16,1.,0.));
#4391 = ORIENTED_EDGE('',*,*,#4392,.F.);
#4392 = EDGE_CURVE('',#4393,#4383,#4395,.T.);
#4393 = VERTEX_POINT('',#4394);
#4394 = CARTESIAN_POINT('',(-0.6,-0.6,8.5));
#4395 = LINE('',#4396,#4397);
#4396 = CARTESIAN_POINT('',(-0.6,-0.6,8.5));
#4397 = VECTOR('',#4398,1.);
#4398 = DIRECTION('',(1.,0.,-0.));
#4399 = ORIENTED_EDGE('',*,*,#4400,.F.);
#4400 = EDGE_CURVE('',#4401,#4393,#4403,.T.);
#4401 = VERTEX_POINT('',#4402);
#4402 = CARTESIAN_POINT('',(-0.6,0.6,8.5));
#4403 = LINE('',#4404,#4405);
#4404 = CARTESIAN_POINT('',(-0.6,0.6,8.5));
#4405 = VECTOR('',#4406,1.);
#4406 = DIRECTION('',(-1.110223024625E-16,-1.,0.));
#4407 = ORIENTED_EDGE('',*,*,#4408,.F.);
#4408 = EDGE_CURVE('',#4385,#4401,#4409,.T.);
#4409 = LINE('',#4410,#4411);
#4410 = CARTESIAN_POINT('',(0.6,0.6,8.5));
#4411 = VECTOR('',#4412,1.);
#4412 = DIRECTION('',(-1.,1.110223024625E-16,0.));
#4413 = PLANE('',#4414);
#4414 = AXIS2_PLACEMENT_3D('',#4415,#4416,#4417);
#4415 = CARTESIAN_POINT('',(-9.592326932761E-16,-8.89,8.5));
#4416 = DIRECTION('',(0.,0.,1.));
#4417 = DIRECTION('',(1.110223024625E-16,1.,-0.));
#4418 = ADVANCED_FACE('',(#4419),#4435,.F.);
#4419 = FACE_BOUND('',#4420,.F.);
#4420 = EDGE_LOOP('',(#4421,#4422,#4428,#4429));
#4421 = ORIENTED_EDGE('',*,*,#3990,.T.);
#4422 = ORIENTED_EDGE('',*,*,#4423,.F.);
#4423 = EDGE_CURVE('',#4079,#3993,#4424,.T.);
#4424 = LINE('',#4425,#4426);
#4425 = CARTESIAN_POINT('',(-0.846666666667,1.27,0.));
#4426 = VECTOR('',#4427,1.);
#4427 = DIRECTION('',(-1.110223024625E-16,-1.,0.));
#4428 = ORIENTED_EDGE('',*,*,#4078,.T.);
#4429 = ORIENTED_EDGE('',*,*,#4430,.T.);
#4430 = EDGE_CURVE('',#4071,#3991,#4431,.T.);
#4431 = LINE('',#4432,#4433);
#4432 = CARTESIAN_POINT('',(-1.27,1.27,0.));
#4433 = VECTOR('',#4434,1.);
#4434 = DIRECTION('',(-1.110223024625E-16,-1.,0.));
#4435 = PLANE('',#4436);
#4436 = AXIS2_PLACEMENT_3D('',#4437,#4438,#4439);
#4437 = CARTESIAN_POINT('',(-9.592326932761E-16,-8.89,0.));
#4438 = DIRECTION('',(0.,0.,1.));
#4439 = DIRECTION('',(1.110223024625E-16,1.,-0.));
#4440 = ADVANCED_FACE('',(#4441),#4452,.T.);
#4441 = FACE_BOUND('',#4442,.T.);
#4442 = EDGE_LOOP('',(#4443,#4444,#4450,#4451));
#4443 = ORIENTED_EDGE('',*,*,#4086,.T.);
#4444 = ORIENTED_EDGE('',*,*,#4445,.T.);
#4445 = EDGE_CURVE('',#4087,#4032,#4446,.T.);
#4446 = LINE('',#4447,#4448);
#4447 = CARTESIAN_POINT('',(-0.846666666667,1.27,0.2));
#4448 = VECTOR('',#4449,1.);
#4449 = DIRECTION('',(-1.110223024625E-16,-1.,0.));
#4450 = ORIENTED_EDGE('',*,*,#4039,.F.);
#4451 = ORIENTED_EDGE('',*,*,#4423,.F.);
#4452 = PLANE('',#4453);
#4453 = AXIS2_PLACEMENT_3D('',#4454,#4455,#4456);
#4454 = CARTESIAN_POINT('',(-0.846666666667,1.27,0.));
#4455 = DIRECTION('',(1.,0.,-0.));
#4456 = DIRECTION('',(0.,-1.,0.));
#4457 = ADVANCED_FACE('',(#4458,#4469,#4535,#4601,#4667,#4733,#4799,
    #4865,#4931),#4997,.F.);
#4458 = FACE_BOUND('',#4459,.F.);
#4459 = EDGE_LOOP('',(#4460,#4466,#4467,#4468));
#4460 = ORIENTED_EDGE('',*,*,#4461,.T.);
#4461 = EDGE_CURVE('',#4024,#4095,#4462,.T.);
#4462 = LINE('',#4463,#4464);
#4463 = CARTESIAN_POINT('',(0.846666666667,-19.05,0.2));
#4464 = VECTOR('',#4465,1.);
#4465 = DIRECTION('',(1.110223024625E-16,1.,0.));
#4466 = ORIENTED_EDGE('',*,*,#4094,.T.);
#4467 = ORIENTED_EDGE('',*,*,#4445,.T.);
#4468 = ORIENTED_EDGE('',*,*,#4031,.T.);
#4469 = FACE_BOUND('',#4470,.F.);
#4470 = EDGE_LOOP('',(#4471,#4481,#4489,#4497,#4505,#4513,#4521,#4529));
#4471 = ORIENTED_EDGE('',*,*,#4472,.F.);
#4472 = EDGE_CURVE('',#4473,#4475,#4477,.T.);
#4473 = VERTEX_POINT('',#4474);
#4474 = CARTESIAN_POINT('',(-0.1,-18.23,0.2));
#4475 = VERTEX_POINT('',#4476);
#4476 = CARTESIAN_POINT('',(0.1,-18.23,0.2));
#4477 = LINE('',#4478,#4479);
#4478 = CARTESIAN_POINT('',(-0.1,-18.23,0.2));
#4479 = VECTOR('',#4480,1.);
#4480 = DIRECTION('',(1.,0.,-0.));
#4481 = ORIENTED_EDGE('',*,*,#4482,.T.);
#4482 = EDGE_CURVE('',#4473,#4483,#4485,.T.);
#4483 = VERTEX_POINT('',#4484);
#4484 = CARTESIAN_POINT('',(-0.1,-18.08,0.2));
#4485 = LINE('',#4486,#4487);
#4486 = CARTESIAN_POINT('',(-0.1,-18.23,0.2));
#4487 = VECTOR('',#4488,1.);
#4488 = DIRECTION('',(1.110223024625E-16,1.,0.));
#4489 = ORIENTED_EDGE('',*,*,#4490,.F.);
#4490 = EDGE_CURVE('',#4491,#4483,#4493,.T.);
#4491 = VERTEX_POINT('',#4492);
#4492 = CARTESIAN_POINT('',(-0.1,-17.48,0.2));
#4493 = LINE('',#4494,#4495);
#4494 = CARTESIAN_POINT('',(-0.1,-13.335,0.2));
#4495 = VECTOR('',#4496,1.);
#4496 = DIRECTION('',(-1.110223024625E-16,-1.,0.));
#4497 = ORIENTED_EDGE('',*,*,#4498,.T.);
#4498 = EDGE_CURVE('',#4491,#4499,#4501,.T.);
#4499 = VERTEX_POINT('',#4500);
#4500 = CARTESIAN_POINT('',(-0.1,-17.33,0.2));
#4501 = LINE('',#4502,#4503);
#4502 = CARTESIAN_POINT('',(-0.1,-18.23,0.2));
#4503 = VECTOR('',#4504,1.);
#4504 = DIRECTION('',(1.110223024625E-16,1.,0.));
#4505 = ORIENTED_EDGE('',*,*,#4506,.T.);
#4506 = EDGE_CURVE('',#4499,#4507,#4509,.T.);
#4507 = VERTEX_POINT('',#4508);
#4508 = CARTESIAN_POINT('',(0.1,-17.33,0.2));
#4509 = LINE('',#4510,#4511);
#4510 = CARTESIAN_POINT('',(-0.1,-17.33,0.2));
#4511 = VECTOR('',#4512,1.);
#4512 = DIRECTION('',(1.,0.,-0.));
#4513 = ORIENTED_EDGE('',*,*,#4514,.T.);
#4514 = EDGE_CURVE('',#4507,#4515,#4517,.T.);
#4515 = VERTEX_POINT('',#4516);
#4516 = CARTESIAN_POINT('',(0.1,-17.48,0.2));
#4517 = LINE('',#4518,#4519);
#4518 = CARTESIAN_POINT('',(0.1,-17.33,0.2));
#4519 = VECTOR('',#4520,1.);
#4520 = DIRECTION('',(-1.110223024625E-16,-1.,0.));
#4521 = ORIENTED_EDGE('',*,*,#4522,.T.);
#4522 = EDGE_CURVE('',#4515,#4523,#4525,.T.);
#4523 = VERTEX_POINT('',#4524);
#4524 = CARTESIAN_POINT('',(0.1,-18.08,0.2));
#4525 = LINE('',#4526,#4527);
#4526 = CARTESIAN_POINT('',(0.1,-13.335,0.2));
#4527 = VECTOR('',#4528,1.);
#4528 = DIRECTION('',(-1.110223024625E-16,-1.,0.));
#4529 = ORIENTED_EDGE('',*,*,#4530,.T.);
#4530 = EDGE_CURVE('',#4523,#4475,#4531,.T.);
#4531 = LINE('',#4532,#4533);
#4532 = CARTESIAN_POINT('',(0.1,-17.33,0.2));
#4533 = VECTOR('',#4534,1.);
#4534 = DIRECTION('',(-1.110223024625E-16,-1.,0.));
#4535 = FACE_BOUND('',#4536,.F.);
#4536 = EDGE_LOOP('',(#4537,#4547,#4555,#4563,#4571,#4579,#4587,#4595));
#4537 = ORIENTED_EDGE('',*,*,#4538,.F.);
#4538 = EDGE_CURVE('',#4539,#4541,#4543,.T.);
#4539 = VERTEX_POINT('',#4540);
#4540 = CARTESIAN_POINT('',(-0.1,-15.69,0.2));
#4541 = VERTEX_POINT('',#4542);
#4542 = CARTESIAN_POINT('',(0.1,-15.69,0.2));
#4543 = LINE('',#4544,#4545);
#4544 = CARTESIAN_POINT('',(-0.1,-15.69,0.2));
#4545 = VECTOR('',#4546,1.);
#4546 = DIRECTION('',(1.,0.,-0.));
#4547 = ORIENTED_EDGE('',*,*,#4548,.T.);
#4548 = EDGE_CURVE('',#4539,#4549,#4551,.T.);
#4549 = VERTEX_POINT('',#4550);
#4550 = CARTESIAN_POINT('',(-0.1,-15.54,0.2));
#4551 = LINE('',#4552,#4553);
#4552 = CARTESIAN_POINT('',(-0.1,-15.69,0.2));
#4553 = VECTOR('',#4554,1.);
#4554 = DIRECTION('',(1.110223024625E-16,1.,0.));
#4555 = ORIENTED_EDGE('',*,*,#4556,.F.);
#4556 = EDGE_CURVE('',#4557,#4549,#4559,.T.);
#4557 = VERTEX_POINT('',#4558);
#4558 = CARTESIAN_POINT('',(-0.1,-14.94,0.2));
#4559 = LINE('',#4560,#4561);
#4560 = CARTESIAN_POINT('',(-0.1,-12.065,0.2));
#4561 = VECTOR('',#4562,1.);
#4562 = DIRECTION('',(-1.110223024625E-16,-1.,0.));
#4563 = ORIENTED_EDGE('',*,*,#4564,.T.);
#4564 = EDGE_CURVE('',#4557,#4565,#4567,.T.);
#4565 = VERTEX_POINT('',#4566);
#4566 = CARTESIAN_POINT('',(-0.1,-14.79,0.2));
#4567 = LINE('',#4568,#4569);
#4568 = CARTESIAN_POINT('',(-0.1,-15.69,0.2));
#4569 = VECTOR('',#4570,1.);
#4570 = DIRECTION('',(1.110223024625E-16,1.,0.));
#4571 = ORIENTED_EDGE('',*,*,#4572,.T.);
#4572 = EDGE_CURVE('',#4565,#4573,#4575,.T.);
#4573 = VERTEX_POINT('',#4574);
#4574 = CARTESIAN_POINT('',(0.1,-14.79,0.2));
#4575 = LINE('',#4576,#4577);
#4576 = CARTESIAN_POINT('',(-0.1,-14.79,0.2));
#4577 = VECTOR('',#4578,1.);
#4578 = DIRECTION('',(1.,0.,-0.));
#4579 = ORIENTED_EDGE('',*,*,#4580,.T.);
#4580 = EDGE_CURVE('',#4573,#4581,#4583,.T.);
#4581 = VERTEX_POINT('',#4582);
#4582 = CARTESIAN_POINT('',(0.1,-14.94,0.2));
#4583 = LINE('',#4584,#4585);
#4584 = CARTESIAN_POINT('',(0.1,-14.79,0.2));
#4585 = VECTOR('',#4586,1.);
#4586 = DIRECTION('',(-1.110223024625E-16,-1.,0.));
#4587 = ORIENTED_EDGE('',*,*,#4588,.T.);
#4588 = EDGE_CURVE('',#4581,#4589,#4591,.T.);
#4589 = VERTEX_POINT('',#4590);
#4590 = CARTESIAN_POINT('',(0.1,-15.54,0.2));
#4591 = LINE('',#4592,#4593);
#4592 = CARTESIAN_POINT('',(0.1,-12.065,0.2));
#4593 = VECTOR('',#4594,1.);
#4594 = DIRECTION('',(-1.110223024625E-16,-1.,0.));
#4595 = ORIENTED_EDGE('',*,*,#4596,.T.);
#4596 = EDGE_CURVE('',#4589,#4541,#4597,.T.);
#4597 = LINE('',#4598,#4599);
#4598 = CARTESIAN_POINT('',(0.1,-14.79,0.2));
#4599 = VECTOR('',#4600,1.);
#4600 = DIRECTION('',(-1.110223024625E-16,-1.,0.));
#4601 = FACE_BOUND('',#4602,.F.);
#4602 = EDGE_LOOP('',(#4603,#4613,#4621,#4629,#4637,#4645,#4653,#4661));
#4603 = ORIENTED_EDGE('',*,*,#4604,.F.);
#4604 = EDGE_CURVE('',#4605,#4607,#4609,.T.);
#4605 = VERTEX_POINT('',#4606);
#4606 = CARTESIAN_POINT('',(-0.1,-13.15,0.2));
#4607 = VERTEX_POINT('',#4608);
#4608 = CARTESIAN_POINT('',(0.1,-13.15,0.2));
#4609 = LINE('',#4610,#4611);
#4610 = CARTESIAN_POINT('',(-0.1,-13.15,0.2));
#4611 = VECTOR('',#4612,1.);
#4612 = DIRECTION('',(1.,0.,-0.));
#4613 = ORIENTED_EDGE('',*,*,#4614,.T.);
#4614 = EDGE_CURVE('',#4605,#4615,#4617,.T.);
#4615 = VERTEX_POINT('',#4616);
#4616 = CARTESIAN_POINT('',(-0.1,-13.,0.2));
#4617 = LINE('',#4618,#4619);
#4618 = CARTESIAN_POINT('',(-0.1,-13.15,0.2));
#4619 = VECTOR('',#4620,1.);
#4620 = DIRECTION('',(1.110223024625E-16,1.,0.));
#4621 = ORIENTED_EDGE('',*,*,#4622,.F.);
#4622 = EDGE_CURVE('',#4623,#4615,#4625,.T.);
#4623 = VERTEX_POINT('',#4624);
#4624 = CARTESIAN_POINT('',(-0.1,-12.4,0.2));
#4625 = LINE('',#4626,#4627);
#4626 = CARTESIAN_POINT('',(-0.1,-10.795,0.2));
#4627 = VECTOR('',#4628,1.);
#4628 = DIRECTION('',(-1.110223024625E-16,-1.,0.));
#4629 = ORIENTED_EDGE('',*,*,#4630,.T.);
#4630 = EDGE_CURVE('',#4623,#4631,#4633,.T.);
#4631 = VERTEX_POINT('',#4632);
#4632 = CARTESIAN_POINT('',(-0.1,-12.25,0.2));
#4633 = LINE('',#4634,#4635);
#4634 = CARTESIAN_POINT('',(-0.1,-13.15,0.2));
#4635 = VECTOR('',#4636,1.);
#4636 = DIRECTION('',(1.110223024625E-16,1.,0.));
#4637 = ORIENTED_EDGE('',*,*,#4638,.T.);
#4638 = EDGE_CURVE('',#4631,#4639,#4641,.T.);
#4639 = VERTEX_POINT('',#4640);
#4640 = CARTESIAN_POINT('',(0.1,-12.25,0.2));
#4641 = LINE('',#4642,#4643);
#4642 = CARTESIAN_POINT('',(-0.1,-12.25,0.2));
#4643 = VECTOR('',#4644,1.);
#4644 = DIRECTION('',(1.,0.,-0.));
#4645 = ORIENTED_EDGE('',*,*,#4646,.T.);
#4646 = EDGE_CURVE('',#4639,#4647,#4649,.T.);
#4647 = VERTEX_POINT('',#4648);
#4648 = CARTESIAN_POINT('',(0.1,-12.4,0.2));
#4649 = LINE('',#4650,#4651);
#4650 = CARTESIAN_POINT('',(0.1,-12.25,0.2));
#4651 = VECTOR('',#4652,1.);
#4652 = DIRECTION('',(-1.110223024625E-16,-1.,0.));
#4653 = ORIENTED_EDGE('',*,*,#4654,.T.);
#4654 = EDGE_CURVE('',#4647,#4655,#4657,.T.);
#4655 = VERTEX_POINT('',#4656);
#4656 = CARTESIAN_POINT('',(0.1,-13.,0.2));
#4657 = LINE('',#4658,#4659);
#4658 = CARTESIAN_POINT('',(0.1,-10.795,0.2));
#4659 = VECTOR('',#4660,1.);
#4660 = DIRECTION('',(-1.110223024625E-16,-1.,0.));
#4661 = ORIENTED_EDGE('',*,*,#4662,.T.);
#4662 = EDGE_CURVE('',#4655,#4607,#4663,.T.);
#4663 = LINE('',#4664,#4665);
#4664 = CARTESIAN_POINT('',(0.1,-12.25,0.2));
#4665 = VECTOR('',#4666,1.);
#4666 = DIRECTION('',(-1.110223024625E-16,-1.,0.));
#4667 = FACE_BOUND('',#4668,.F.);
#4668 = EDGE_LOOP('',(#4669,#4679,#4687,#4695,#4703,#4711,#4719,#4727));
#4669 = ORIENTED_EDGE('',*,*,#4670,.F.);
#4670 = EDGE_CURVE('',#4671,#4673,#4675,.T.);
#4671 = VERTEX_POINT('',#4672);
#4672 = CARTESIAN_POINT('',(-0.1,-10.61,0.2));
#4673 = VERTEX_POINT('',#4674);
#4674 = CARTESIAN_POINT('',(0.1,-10.61,0.2));
#4675 = LINE('',#4676,#4677);
#4676 = CARTESIAN_POINT('',(-0.1,-10.61,0.2));
#4677 = VECTOR('',#4678,1.);
#4678 = DIRECTION('',(1.,0.,-0.));
#4679 = ORIENTED_EDGE('',*,*,#4680,.T.);
#4680 = EDGE_CURVE('',#4671,#4681,#4683,.T.);
#4681 = VERTEX_POINT('',#4682);
#4682 = CARTESIAN_POINT('',(-0.1,-10.46,0.2));
#4683 = LINE('',#4684,#4685);
#4684 = CARTESIAN_POINT('',(-0.1,-10.61,0.2));
#4685 = VECTOR('',#4686,1.);
#4686 = DIRECTION('',(1.110223024625E-16,1.,0.));
#4687 = ORIENTED_EDGE('',*,*,#4688,.F.);
#4688 = EDGE_CURVE('',#4689,#4681,#4691,.T.);
#4689 = VERTEX_POINT('',#4690);
#4690 = CARTESIAN_POINT('',(-0.1,-9.86,0.2));
#4691 = LINE('',#4692,#4693);
#4692 = CARTESIAN_POINT('',(-0.1,-9.525,0.2));
#4693 = VECTOR('',#4694,1.);
#4694 = DIRECTION('',(-1.110223024625E-16,-1.,0.));
#4695 = ORIENTED_EDGE('',*,*,#4696,.T.);
#4696 = EDGE_CURVE('',#4689,#4697,#4699,.T.);
#4697 = VERTEX_POINT('',#4698);
#4698 = CARTESIAN_POINT('',(-0.1,-9.71,0.2));
#4699 = LINE('',#4700,#4701);
#4700 = CARTESIAN_POINT('',(-0.1,-10.61,0.2));
#4701 = VECTOR('',#4702,1.);
#4702 = DIRECTION('',(1.110223024625E-16,1.,0.));
#4703 = ORIENTED_EDGE('',*,*,#4704,.T.);
#4704 = EDGE_CURVE('',#4697,#4705,#4707,.T.);
#4705 = VERTEX_POINT('',#4706);
#4706 = CARTESIAN_POINT('',(0.1,-9.71,0.2));
#4707 = LINE('',#4708,#4709);
#4708 = CARTESIAN_POINT('',(-0.1,-9.71,0.2));
#4709 = VECTOR('',#4710,1.);
#4710 = DIRECTION('',(1.,0.,-0.));
#4711 = ORIENTED_EDGE('',*,*,#4712,.T.);
#4712 = EDGE_CURVE('',#4705,#4713,#4715,.T.);
#4713 = VERTEX_POINT('',#4714);
#4714 = CARTESIAN_POINT('',(0.1,-9.86,0.2));
#4715 = LINE('',#4716,#4717);
#4716 = CARTESIAN_POINT('',(0.1,-9.71,0.2));
#4717 = VECTOR('',#4718,1.);
#4718 = DIRECTION('',(-1.110223024625E-16,-1.,0.));
#4719 = ORIENTED_EDGE('',*,*,#4720,.T.);
#4720 = EDGE_CURVE('',#4713,#4721,#4723,.T.);
#4721 = VERTEX_POINT('',#4722);
#4722 = CARTESIAN_POINT('',(0.1,-10.46,0.2));
#4723 = LINE('',#4724,#4725);
#4724 = CARTESIAN_POINT('',(0.1,-9.525,0.2));
#4725 = VECTOR('',#4726,1.);
#4726 = DIRECTION('',(-1.110223024625E-16,-1.,0.));
#4727 = ORIENTED_EDGE('',*,*,#4728,.T.);
#4728 = EDGE_CURVE('',#4721,#4673,#4729,.T.);
#4729 = LINE('',#4730,#4731);
#4730 = CARTESIAN_POINT('',(0.1,-9.71,0.2));
#4731 = VECTOR('',#4732,1.);
#4732 = DIRECTION('',(-1.110223024625E-16,-1.,0.));
#4733 = FACE_BOUND('',#4734,.F.);
#4734 = EDGE_LOOP('',(#4735,#4745,#4753,#4761,#4769,#4777,#4785,#4793));
#4735 = ORIENTED_EDGE('',*,*,#4736,.F.);
#4736 = EDGE_CURVE('',#4737,#4739,#4741,.T.);
#4737 = VERTEX_POINT('',#4738);
#4738 = CARTESIAN_POINT('',(-0.1,-8.07,0.2));
#4739 = VERTEX_POINT('',#4740);
#4740 = CARTESIAN_POINT('',(0.1,-8.07,0.2));
#4741 = LINE('',#4742,#4743);
#4742 = CARTESIAN_POINT('',(-0.1,-8.07,0.2));
#4743 = VECTOR('',#4744,1.);
#4744 = DIRECTION('',(1.,0.,-0.));
#4745 = ORIENTED_EDGE('',*,*,#4746,.T.);
#4746 = EDGE_CURVE('',#4737,#4747,#4749,.T.);
#4747 = VERTEX_POINT('',#4748);
#4748 = CARTESIAN_POINT('',(-0.1,-7.92,0.2));
#4749 = LINE('',#4750,#4751);
#4750 = CARTESIAN_POINT('',(-0.1,-8.07,0.2));
#4751 = VECTOR('',#4752,1.);
#4752 = DIRECTION('',(1.110223024625E-16,1.,0.));
#4753 = ORIENTED_EDGE('',*,*,#4754,.F.);
#4754 = EDGE_CURVE('',#4755,#4747,#4757,.T.);
#4755 = VERTEX_POINT('',#4756);
#4756 = CARTESIAN_POINT('',(-0.1,-7.32,0.2));
#4757 = LINE('',#4758,#4759);
#4758 = CARTESIAN_POINT('',(-0.1,-8.255,0.2));
#4759 = VECTOR('',#4760,1.);
#4760 = DIRECTION('',(-1.110223024625E-16,-1.,0.));
#4761 = ORIENTED_EDGE('',*,*,#4762,.T.);
#4762 = EDGE_CURVE('',#4755,#4763,#4765,.T.);
#4763 = VERTEX_POINT('',#4764);
#4764 = CARTESIAN_POINT('',(-0.1,-7.17,0.2));
#4765 = LINE('',#4766,#4767);
#4766 = CARTESIAN_POINT('',(-0.1,-8.07,0.2));
#4767 = VECTOR('',#4768,1.);
#4768 = DIRECTION('',(1.110223024625E-16,1.,0.));
#4769 = ORIENTED_EDGE('',*,*,#4770,.T.);
#4770 = EDGE_CURVE('',#4763,#4771,#4773,.T.);
#4771 = VERTEX_POINT('',#4772);
#4772 = CARTESIAN_POINT('',(0.1,-7.17,0.2));
#4773 = LINE('',#4774,#4775);
#4774 = CARTESIAN_POINT('',(-0.1,-7.17,0.2));
#4775 = VECTOR('',#4776,1.);
#4776 = DIRECTION('',(1.,0.,-0.));
#4777 = ORIENTED_EDGE('',*,*,#4778,.T.);
#4778 = EDGE_CURVE('',#4771,#4779,#4781,.T.);
#4779 = VERTEX_POINT('',#4780);
#4780 = CARTESIAN_POINT('',(0.1,-7.32,0.2));
#4781 = LINE('',#4782,#4783);
#4782 = CARTESIAN_POINT('',(0.1,-7.17,0.2));
#4783 = VECTOR('',#4784,1.);
#4784 = DIRECTION('',(-1.110223024625E-16,-1.,0.));
#4785 = ORIENTED_EDGE('',*,*,#4786,.T.);
#4786 = EDGE_CURVE('',#4779,#4787,#4789,.T.);
#4787 = VERTEX_POINT('',#4788);
#4788 = CARTESIAN_POINT('',(0.1,-7.92,0.2));
#4789 = LINE('',#4790,#4791);
#4790 = CARTESIAN_POINT('',(0.1,-8.255,0.2));
#4791 = VECTOR('',#4792,1.);
#4792 = DIRECTION('',(-1.110223024625E-16,-1.,0.));
#4793 = ORIENTED_EDGE('',*,*,#4794,.T.);
#4794 = EDGE_CURVE('',#4787,#4739,#4795,.T.);
#4795 = LINE('',#4796,#4797);
#4796 = CARTESIAN_POINT('',(0.1,-7.17,0.2));
#4797 = VECTOR('',#4798,1.);
#4798 = DIRECTION('',(-1.110223024625E-16,-1.,0.));
#4799 = FACE_BOUND('',#4800,.F.);
#4800 = EDGE_LOOP('',(#4801,#4811,#4819,#4827,#4835,#4843,#4851,#4859));
#4801 = ORIENTED_EDGE('',*,*,#4802,.F.);
#4802 = EDGE_CURVE('',#4803,#4805,#4807,.T.);
#4803 = VERTEX_POINT('',#4804);
#4804 = CARTESIAN_POINT('',(-0.1,-5.53,0.2));
#4805 = VERTEX_POINT('',#4806);
#4806 = CARTESIAN_POINT('',(0.1,-5.53,0.2));
#4807 = LINE('',#4808,#4809);
#4808 = CARTESIAN_POINT('',(-0.1,-5.53,0.2));
#4809 = VECTOR('',#4810,1.);
#4810 = DIRECTION('',(1.,0.,-0.));
#4811 = ORIENTED_EDGE('',*,*,#4812,.T.);
#4812 = EDGE_CURVE('',#4803,#4813,#4815,.T.);
#4813 = VERTEX_POINT('',#4814);
#4814 = CARTESIAN_POINT('',(-0.1,-5.38,0.2));
#4815 = LINE('',#4816,#4817);
#4816 = CARTESIAN_POINT('',(-0.1,-5.53,0.2));
#4817 = VECTOR('',#4818,1.);
#4818 = DIRECTION('',(1.110223024625E-16,1.,0.));
#4819 = ORIENTED_EDGE('',*,*,#4820,.F.);
#4820 = EDGE_CURVE('',#4821,#4813,#4823,.T.);
#4821 = VERTEX_POINT('',#4822);
#4822 = CARTESIAN_POINT('',(-0.1,-4.78,0.2));
#4823 = LINE('',#4824,#4825);
#4824 = CARTESIAN_POINT('',(-0.1,-6.985,0.2));
#4825 = VECTOR('',#4826,1.);
#4826 = DIRECTION('',(-1.110223024625E-16,-1.,0.));
#4827 = ORIENTED_EDGE('',*,*,#4828,.T.);
#4828 = EDGE_CURVE('',#4821,#4829,#4831,.T.);
#4829 = VERTEX_POINT('',#4830);
#4830 = CARTESIAN_POINT('',(-0.1,-4.63,0.2));
#4831 = LINE('',#4832,#4833);
#4832 = CARTESIAN_POINT('',(-0.1,-5.53,0.2));
#4833 = VECTOR('',#4834,1.);
#4834 = DIRECTION('',(1.110223024625E-16,1.,0.));
#4835 = ORIENTED_EDGE('',*,*,#4836,.T.);
#4836 = EDGE_CURVE('',#4829,#4837,#4839,.T.);
#4837 = VERTEX_POINT('',#4838);
#4838 = CARTESIAN_POINT('',(0.1,-4.63,0.2));
#4839 = LINE('',#4840,#4841);
#4840 = CARTESIAN_POINT('',(-0.1,-4.63,0.2));
#4841 = VECTOR('',#4842,1.);
#4842 = DIRECTION('',(1.,0.,-0.));
#4843 = ORIENTED_EDGE('',*,*,#4844,.T.);
#4844 = EDGE_CURVE('',#4837,#4845,#4847,.T.);
#4845 = VERTEX_POINT('',#4846);
#4846 = CARTESIAN_POINT('',(0.1,-4.78,0.2));
#4847 = LINE('',#4848,#4849);
#4848 = CARTESIAN_POINT('',(0.1,-4.63,0.2));
#4849 = VECTOR('',#4850,1.);
#4850 = DIRECTION('',(-1.110223024625E-16,-1.,0.));
#4851 = ORIENTED_EDGE('',*,*,#4852,.T.);
#4852 = EDGE_CURVE('',#4845,#4853,#4855,.T.);
#4853 = VERTEX_POINT('',#4854);
#4854 = CARTESIAN_POINT('',(0.1,-5.38,0.2));
#4855 = LINE('',#4856,#4857);
#4856 = CARTESIAN_POINT('',(0.1,-6.985,0.2));
#4857 = VECTOR('',#4858,1.);
#4858 = DIRECTION('',(-1.110223024625E-16,-1.,0.));
#4859 = ORIENTED_EDGE('',*,*,#4860,.T.);
#4860 = EDGE_CURVE('',#4853,#4805,#4861,.T.);
#4861 = LINE('',#4862,#4863);
#4862 = CARTESIAN_POINT('',(0.1,-4.63,0.2));
#4863 = VECTOR('',#4864,1.);
#4864 = DIRECTION('',(-1.110223024625E-16,-1.,0.));
#4865 = FACE_BOUND('',#4866,.F.);
#4866 = EDGE_LOOP('',(#4867,#4877,#4885,#4893,#4901,#4909,#4917,#4925));
#4867 = ORIENTED_EDGE('',*,*,#4868,.F.);
#4868 = EDGE_CURVE('',#4869,#4871,#4873,.T.);
#4869 = VERTEX_POINT('',#4870);
#4870 = CARTESIAN_POINT('',(-0.1,-2.99,0.2));
#4871 = VERTEX_POINT('',#4872);
#4872 = CARTESIAN_POINT('',(0.1,-2.99,0.2));
#4873 = LINE('',#4874,#4875);
#4874 = CARTESIAN_POINT('',(-0.1,-2.99,0.2));
#4875 = VECTOR('',#4876,1.);
#4876 = DIRECTION('',(1.,0.,-0.));
#4877 = ORIENTED_EDGE('',*,*,#4878,.T.);
#4878 = EDGE_CURVE('',#4869,#4879,#4881,.T.);
#4879 = VERTEX_POINT('',#4880);
#4880 = CARTESIAN_POINT('',(-0.1,-2.84,0.2));
#4881 = LINE('',#4882,#4883);
#4882 = CARTESIAN_POINT('',(-0.1,-2.99,0.2));
#4883 = VECTOR('',#4884,1.);
#4884 = DIRECTION('',(1.110223024625E-16,1.,0.));
#4885 = ORIENTED_EDGE('',*,*,#4886,.F.);
#4886 = EDGE_CURVE('',#4887,#4879,#4889,.T.);
#4887 = VERTEX_POINT('',#4888);
#4888 = CARTESIAN_POINT('',(-0.1,-2.24,0.2));
#4889 = LINE('',#4890,#4891);
#4890 = CARTESIAN_POINT('',(-0.1,-5.715,0.2));
#4891 = VECTOR('',#4892,1.);
#4892 = DIRECTION('',(-1.110223024625E-16,-1.,0.));
#4893 = ORIENTED_EDGE('',*,*,#4894,.T.);
#4894 = EDGE_CURVE('',#4887,#4895,#4897,.T.);
#4895 = VERTEX_POINT('',#4896);
#4896 = CARTESIAN_POINT('',(-0.1,-2.09,0.2));
#4897 = LINE('',#4898,#4899);
#4898 = CARTESIAN_POINT('',(-0.1,-2.99,0.2));
#4899 = VECTOR('',#4900,1.);
#4900 = DIRECTION('',(1.110223024625E-16,1.,0.));
#4901 = ORIENTED_EDGE('',*,*,#4902,.T.);
#4902 = EDGE_CURVE('',#4895,#4903,#4905,.T.);
#4903 = VERTEX_POINT('',#4904);
#4904 = CARTESIAN_POINT('',(0.1,-2.09,0.2));
#4905 = LINE('',#4906,#4907);
#4906 = CARTESIAN_POINT('',(-0.1,-2.09,0.2));
#4907 = VECTOR('',#4908,1.);
#4908 = DIRECTION('',(1.,0.,-0.));
#4909 = ORIENTED_EDGE('',*,*,#4910,.T.);
#4910 = EDGE_CURVE('',#4903,#4911,#4913,.T.);
#4911 = VERTEX_POINT('',#4912);
#4912 = CARTESIAN_POINT('',(0.1,-2.24,0.2));
#4913 = LINE('',#4914,#4915);
#4914 = CARTESIAN_POINT('',(0.1,-2.09,0.2));
#4915 = VECTOR('',#4916,1.);
#4916 = DIRECTION('',(-1.110223024625E-16,-1.,0.));
#4917 = ORIENTED_EDGE('',*,*,#4918,.T.);
#4918 = EDGE_CURVE('',#4911,#4919,#4921,.T.);
#4919 = VERTEX_POINT('',#4920);
#4920 = CARTESIAN_POINT('',(0.1,-2.84,0.2));
#4921 = LINE('',#4922,#4923);
#4922 = CARTESIAN_POINT('',(0.1,-5.715,0.2));
#4923 = VECTOR('',#4924,1.);
#4924 = DIRECTION('',(-1.110223024625E-16,-1.,0.));
#4925 = ORIENTED_EDGE('',*,*,#4926,.T.);
#4926 = EDGE_CURVE('',#4919,#4871,#4927,.T.);
#4927 = LINE('',#4928,#4929);
#4928 = CARTESIAN_POINT('',(0.1,-2.09,0.2));
#4929 = VECTOR('',#4930,1.);
#4930 = DIRECTION('',(-1.110223024625E-16,-1.,0.));
#4931 = FACE_BOUND('',#4932,.F.);
#4932 = EDGE_LOOP('',(#4933,#4943,#4951,#4959,#4967,#4975,#4983,#4991));
#4933 = ORIENTED_EDGE('',*,*,#4934,.F.);
#4934 = EDGE_CURVE('',#4935,#4937,#4939,.T.);
#4935 = VERTEX_POINT('',#4936);
#4936 = CARTESIAN_POINT('',(-0.1,-0.45,0.2));
#4937 = VERTEX_POINT('',#4938);
#4938 = CARTESIAN_POINT('',(0.1,-0.45,0.2));
#4939 = LINE('',#4940,#4941);
#4940 = CARTESIAN_POINT('',(-0.1,-0.45,0.2));
#4941 = VECTOR('',#4942,1.);
#4942 = DIRECTION('',(1.,0.,-0.));
#4943 = ORIENTED_EDGE('',*,*,#4944,.T.);
#4944 = EDGE_CURVE('',#4935,#4945,#4947,.T.);
#4945 = VERTEX_POINT('',#4946);
#4946 = CARTESIAN_POINT('',(-0.1,-0.3,0.2));
#4947 = LINE('',#4948,#4949);
#4948 = CARTESIAN_POINT('',(-0.1,-0.45,0.2));
#4949 = VECTOR('',#4950,1.);
#4950 = DIRECTION('',(1.110223024625E-16,1.,0.));
#4951 = ORIENTED_EDGE('',*,*,#4952,.F.);
#4952 = EDGE_CURVE('',#4953,#4945,#4955,.T.);
#4953 = VERTEX_POINT('',#4954);
#4954 = CARTESIAN_POINT('',(-0.1,0.3,0.2));
#4955 = LINE('',#4956,#4957);
#4956 = CARTESIAN_POINT('',(-0.1,-4.445,0.2));
#4957 = VECTOR('',#4958,1.);
#4958 = DIRECTION('',(-1.110223024625E-16,-1.,0.));
#4959 = ORIENTED_EDGE('',*,*,#4960,.T.);
#4960 = EDGE_CURVE('',#4953,#4961,#4963,.T.);
#4961 = VERTEX_POINT('',#4962);
#4962 = CARTESIAN_POINT('',(-0.1,0.45,0.2));
#4963 = LINE('',#4964,#4965);
#4964 = CARTESIAN_POINT('',(-0.1,-0.45,0.2));
#4965 = VECTOR('',#4966,1.);
#4966 = DIRECTION('',(1.110223024625E-16,1.,0.));
#4967 = ORIENTED_EDGE('',*,*,#4968,.T.);
#4968 = EDGE_CURVE('',#4961,#4969,#4971,.T.);
#4969 = VERTEX_POINT('',#4970);
#4970 = CARTESIAN_POINT('',(0.1,0.45,0.2));
#4971 = LINE('',#4972,#4973);
#4972 = CARTESIAN_POINT('',(-0.1,0.45,0.2));
#4973 = VECTOR('',#4974,1.);
#4974 = DIRECTION('',(1.,0.,-0.));
#4975 = ORIENTED_EDGE('',*,*,#4976,.T.);
#4976 = EDGE_CURVE('',#4969,#4977,#4979,.T.);
#4977 = VERTEX_POINT('',#4978);
#4978 = CARTESIAN_POINT('',(0.1,0.3,0.2));
#4979 = LINE('',#4980,#4981);
#4980 = CARTESIAN_POINT('',(0.1,0.45,0.2));
#4981 = VECTOR('',#4982,1.);
#4982 = DIRECTION('',(-1.110223024625E-16,-1.,0.));
#4983 = ORIENTED_EDGE('',*,*,#4984,.T.);
#4984 = EDGE_CURVE('',#4977,#4985,#4987,.T.);
#4985 = VERTEX_POINT('',#4986);
#4986 = CARTESIAN_POINT('',(0.1,-0.3,0.2));
#4987 = LINE('',#4988,#4989);
#4988 = CARTESIAN_POINT('',(0.1,-4.445,0.2));
#4989 = VECTOR('',#4990,1.);
#4990 = DIRECTION('',(-1.110223024625E-16,-1.,0.));
#4991 = ORIENTED_EDGE('',*,*,#4992,.T.);
#4992 = EDGE_CURVE('',#4985,#4937,#4993,.T.);
#4993 = LINE('',#4994,#4995);
#4994 = CARTESIAN_POINT('',(0.1,0.45,0.2));
#4995 = VECTOR('',#4996,1.);
#4996 = DIRECTION('',(-1.110223024625E-16,-1.,0.));
#4997 = PLANE('',#4998);
#4998 = AXIS2_PLACEMENT_3D('',#4999,#5000,#5001);
#4999 = CARTESIAN_POINT('',(-9.592326932761E-16,-8.89,0.2));
#5000 = DIRECTION('',(0.,0.,1.));
#5001 = DIRECTION('',(1.110223024625E-16,1.,-0.));
#5002 = ADVANCED_FACE('',(#5003),#5009,.T.);
#5003 = FACE_BOUND('',#5004,.T.);
#5004 = EDGE_LOOP('',(#5005,#5006,#5007,#5008));
#5005 = ORIENTED_EDGE('',*,*,#4023,.T.);
#5006 = ORIENTED_EDGE('',*,*,#4461,.T.);
#5007 = ORIENTED_EDGE('',*,*,#4102,.F.);
#5008 = ORIENTED_EDGE('',*,*,#4119,.F.);
#5009 = PLANE('',#5010);
#5010 = AXIS2_PLACEMENT_3D('',#5011,#5012,#5013);
#5011 = CARTESIAN_POINT('',(0.846666666667,-19.05,0.));
#5012 = DIRECTION('',(-1.,1.110223024625E-16,0.));
#5013 = DIRECTION('',(1.110223024625E-16,1.,0.));
#5014 = ADVANCED_FACE('',(#5015),#5021,.F.);
#5015 = FACE_BOUND('',#5016,.F.);
#5016 = EDGE_LOOP('',(#5017,#5018,#5019,#5020));
#5017 = ORIENTED_EDGE('',*,*,#4070,.T.);
#5018 = ORIENTED_EDGE('',*,*,#4135,.T.);
#5019 = ORIENTED_EDGE('',*,*,#4000,.F.);
#5020 = ORIENTED_EDGE('',*,*,#4430,.F.);
#5021 = PLANE('',#5022);
#5022 = AXIS2_PLACEMENT_3D('',#5023,#5024,#5025);
#5023 = CARTESIAN_POINT('',(-1.27,1.27,0.));
#5024 = DIRECTION('',(1.,0.,-0.));
#5025 = DIRECTION('',(0.,-1.,0.));
#5026 = ADVANCED_FACE('',(#5027),#5052,.T.);
#5027 = FACE_BOUND('',#5028,.T.);
#5028 = EDGE_LOOP('',(#5029,#5037,#5038,#5046));
#5029 = ORIENTED_EDGE('',*,*,#5030,.F.);
#5030 = EDGE_CURVE('',#4145,#5031,#5033,.T.);
#5031 = VERTEX_POINT('',#5032);
#5032 = CARTESIAN_POINT('',(0.3,-18.08,8.2));
#5033 = LINE('',#5034,#5035);
#5034 = CARTESIAN_POINT('',(0.3,-18.08,8.2));
#5035 = VECTOR('',#5036,1.);
#5036 = DIRECTION('',(-0.57735026919,0.57735026919,-0.57735026919));
#5037 = ORIENTED_EDGE('',*,*,#4144,.T.);
#5038 = ORIENTED_EDGE('',*,*,#5039,.T.);
#5039 = EDGE_CURVE('',#4147,#5040,#5042,.T.);
#5040 = VERTEX_POINT('',#5041);
#5041 = CARTESIAN_POINT('',(0.3,-17.48,8.2));
#5042 = LINE('',#5043,#5044);
#5043 = CARTESIAN_POINT('',(0.3,-17.48,8.2));
#5044 = VECTOR('',#5045,1.);
#5045 = DIRECTION('',(-0.57735026919,-0.57735026919,-0.57735026919));
#5046 = ORIENTED_EDGE('',*,*,#5047,.F.);
#5047 = EDGE_CURVE('',#5031,#5040,#5048,.T.);
#5048 = LINE('',#5049,#5050);
#5049 = CARTESIAN_POINT('',(0.3,-18.38,8.2));
#5050 = VECTOR('',#5051,1.);
#5051 = DIRECTION('',(1.110223024625E-16,1.,0.));
#5052 = PLANE('',#5053);
#5053 = AXIS2_PLACEMENT_3D('',#5054,#5055,#5056);
#5054 = CARTESIAN_POINT('',(0.45,-18.38,8.35));
#5055 = DIRECTION('',(-0.707106781187,7.850462293414E-17,0.707106781187)
  );
#5056 = DIRECTION('',(1.110223024625E-16,1.,2.680278185005E-29));
#5057 = ADVANCED_FACE('',(#5058),#5076,.T.);
#5058 = FACE_BOUND('',#5059,.T.);
#5059 = EDGE_LOOP('',(#5060,#5061,#5062,#5070));
#5060 = ORIENTED_EDGE('',*,*,#5039,.F.);
#5061 = ORIENTED_EDGE('',*,*,#4170,.T.);
#5062 = ORIENTED_EDGE('',*,*,#5063,.T.);
#5063 = EDGE_CURVE('',#4163,#5064,#5066,.T.);
#5064 = VERTEX_POINT('',#5065);
#5065 = CARTESIAN_POINT('',(-0.3,-17.48,8.2));
#5066 = LINE('',#5067,#5068);
#5067 = CARTESIAN_POINT('',(-0.3,-17.48,8.2));
#5068 = VECTOR('',#5069,1.);
#5069 = DIRECTION('',(0.57735026919,-0.57735026919,-0.57735026919));
#5070 = ORIENTED_EDGE('',*,*,#5071,.F.);
#5071 = EDGE_CURVE('',#5040,#5064,#5072,.T.);
#5072 = LINE('',#5073,#5074);
#5073 = CARTESIAN_POINT('',(0.6,-17.48,8.2));
#5074 = VECTOR('',#5075,1.);
#5075 = DIRECTION('',(-1.,1.110223024625E-16,0.));
#5076 = PLANE('',#5077);
#5077 = AXIS2_PLACEMENT_3D('',#5078,#5079,#5080);
#5078 = CARTESIAN_POINT('',(0.6,-17.33,8.35));
#5079 = DIRECTION('',(-7.850462293414E-17,-0.707106781187,0.707106781187
    ));
#5080 = DIRECTION('',(-1.,1.110223024625E-16,2.680278185005E-29));
#5081 = ADVANCED_FACE('',(#5082),#5100,.T.);
#5082 = FACE_BOUND('',#5083,.T.);
#5083 = EDGE_LOOP('',(#5084,#5085,#5086,#5094));
#5084 = ORIENTED_EDGE('',*,*,#5063,.F.);
#5085 = ORIENTED_EDGE('',*,*,#4162,.T.);
#5086 = ORIENTED_EDGE('',*,*,#5087,.T.);
#5087 = EDGE_CURVE('',#4155,#5088,#5090,.T.);
#5088 = VERTEX_POINT('',#5089);
#5089 = CARTESIAN_POINT('',(-0.3,-18.08,8.2));
#5090 = LINE('',#5091,#5092);
#5091 = CARTESIAN_POINT('',(-0.3,-18.08,8.2));
#5092 = VECTOR('',#5093,1.);
#5093 = DIRECTION('',(0.57735026919,0.57735026919,-0.57735026919));
#5094 = ORIENTED_EDGE('',*,*,#5095,.F.);
#5095 = EDGE_CURVE('',#5064,#5088,#5096,.T.);
#5096 = LINE('',#5097,#5098);
#5097 = CARTESIAN_POINT('',(-0.3,-17.18,8.2));
#5098 = VECTOR('',#5099,1.);
#5099 = DIRECTION('',(-1.110223024625E-16,-1.,0.));
#5100 = PLANE('',#5101);
#5101 = AXIS2_PLACEMENT_3D('',#5102,#5103,#5104);
#5102 = CARTESIAN_POINT('',(-0.45,-17.18,8.35));
#5103 = DIRECTION('',(0.707106781187,-7.850462293414E-17,0.707106781187)
  );
#5104 = DIRECTION('',(-1.110223024625E-16,-1.,2.680278185005E-29));
#5105 = ADVANCED_FACE('',(#5106),#5117,.T.);
#5106 = FACE_BOUND('',#5107,.T.);
#5107 = EDGE_LOOP('',(#5108,#5109,#5110,#5111));
#5108 = ORIENTED_EDGE('',*,*,#5087,.F.);
#5109 = ORIENTED_EDGE('',*,*,#4154,.T.);
#5110 = ORIENTED_EDGE('',*,*,#5030,.T.);
#5111 = ORIENTED_EDGE('',*,*,#5112,.F.);
#5112 = EDGE_CURVE('',#5088,#5031,#5113,.T.);
#5113 = LINE('',#5114,#5115);
#5114 = CARTESIAN_POINT('',(-0.6,-18.08,8.2));
#5115 = VECTOR('',#5116,1.);
#5116 = DIRECTION('',(1.,0.,-0.));
#5117 = PLANE('',#5118);
#5118 = AXIS2_PLACEMENT_3D('',#5119,#5120,#5121);
#5119 = CARTESIAN_POINT('',(-0.6,-18.23,8.35));
#5120 = DIRECTION('',(7.850462293414E-17,0.707106781187,0.707106781187)
  );
#5121 = DIRECTION('',(1.,-5.551115123122E-17,-5.551115123122E-17));
#5122 = ADVANCED_FACE('',(#5123),#5148,.T.);
#5123 = FACE_BOUND('',#5124,.T.);
#5124 = EDGE_LOOP('',(#5125,#5133,#5134,#5142));
#5125 = ORIENTED_EDGE('',*,*,#5126,.F.);
#5126 = EDGE_CURVE('',#4179,#5127,#5129,.T.);
#5127 = VERTEX_POINT('',#5128);
#5128 = CARTESIAN_POINT('',(0.3,-15.54,8.2));
#5129 = LINE('',#5130,#5131);
#5130 = CARTESIAN_POINT('',(0.3,-15.54,8.2));
#5131 = VECTOR('',#5132,1.);
#5132 = DIRECTION('',(-0.57735026919,0.57735026919,-0.57735026919));
#5133 = ORIENTED_EDGE('',*,*,#4178,.T.);
#5134 = ORIENTED_EDGE('',*,*,#5135,.T.);
#5135 = EDGE_CURVE('',#4181,#5136,#5138,.T.);
#5136 = VERTEX_POINT('',#5137);
#5137 = CARTESIAN_POINT('',(0.3,-14.94,8.2));
#5138 = LINE('',#5139,#5140);
#5139 = CARTESIAN_POINT('',(0.3,-14.94,8.2));
#5140 = VECTOR('',#5141,1.);
#5141 = DIRECTION('',(-0.57735026919,-0.57735026919,-0.57735026919));
#5142 = ORIENTED_EDGE('',*,*,#5143,.F.);
#5143 = EDGE_CURVE('',#5127,#5136,#5144,.T.);
#5144 = LINE('',#5145,#5146);
#5145 = CARTESIAN_POINT('',(0.3,-15.84,8.2));
#5146 = VECTOR('',#5147,1.);
#5147 = DIRECTION('',(1.110223024625E-16,1.,0.));
#5148 = PLANE('',#5149);
#5149 = AXIS2_PLACEMENT_3D('',#5150,#5151,#5152);
#5150 = CARTESIAN_POINT('',(0.45,-15.84,8.35));
#5151 = DIRECTION('',(-0.707106781187,7.850462293414E-17,0.707106781187)
  );
#5152 = DIRECTION('',(1.110223024625E-16,1.,2.680278185005E-29));
#5153 = ADVANCED_FACE('',(#5154),#5172,.T.);
#5154 = FACE_BOUND('',#5155,.T.);
#5155 = EDGE_LOOP('',(#5156,#5157,#5158,#5166));
#5156 = ORIENTED_EDGE('',*,*,#5135,.F.);
#5157 = ORIENTED_EDGE('',*,*,#4204,.T.);
#5158 = ORIENTED_EDGE('',*,*,#5159,.T.);
#5159 = EDGE_CURVE('',#4197,#5160,#5162,.T.);
#5160 = VERTEX_POINT('',#5161);
#5161 = CARTESIAN_POINT('',(-0.3,-14.94,8.2));
#5162 = LINE('',#5163,#5164);
#5163 = CARTESIAN_POINT('',(-0.3,-14.94,8.2));
#5164 = VECTOR('',#5165,1.);
#5165 = DIRECTION('',(0.57735026919,-0.57735026919,-0.57735026919));
#5166 = ORIENTED_EDGE('',*,*,#5167,.F.);
#5167 = EDGE_CURVE('',#5136,#5160,#5168,.T.);
#5168 = LINE('',#5169,#5170);
#5169 = CARTESIAN_POINT('',(0.6,-14.94,8.2));
#5170 = VECTOR('',#5171,1.);
#5171 = DIRECTION('',(-1.,1.110223024625E-16,0.));
#5172 = PLANE('',#5173);
#5173 = AXIS2_PLACEMENT_3D('',#5174,#5175,#5176);
#5174 = CARTESIAN_POINT('',(0.6,-14.79,8.35));
#5175 = DIRECTION('',(-7.850462293414E-17,-0.707106781187,0.707106781187
    ));
#5176 = DIRECTION('',(-1.,1.110223024625E-16,2.680278185005E-29));
#5177 = ADVANCED_FACE('',(#5178),#5196,.T.);
#5178 = FACE_BOUND('',#5179,.T.);
#5179 = EDGE_LOOP('',(#5180,#5181,#5182,#5190));
#5180 = ORIENTED_EDGE('',*,*,#5159,.F.);
#5181 = ORIENTED_EDGE('',*,*,#4196,.T.);
#5182 = ORIENTED_EDGE('',*,*,#5183,.T.);
#5183 = EDGE_CURVE('',#4189,#5184,#5186,.T.);
#5184 = VERTEX_POINT('',#5185);
#5185 = CARTESIAN_POINT('',(-0.3,-15.54,8.2));
#5186 = LINE('',#5187,#5188);
#5187 = CARTESIAN_POINT('',(-0.3,-15.54,8.2));
#5188 = VECTOR('',#5189,1.);
#5189 = DIRECTION('',(0.57735026919,0.57735026919,-0.57735026919));
#5190 = ORIENTED_EDGE('',*,*,#5191,.F.);
#5191 = EDGE_CURVE('',#5160,#5184,#5192,.T.);
#5192 = LINE('',#5193,#5194);
#5193 = CARTESIAN_POINT('',(-0.3,-14.64,8.2));
#5194 = VECTOR('',#5195,1.);
#5195 = DIRECTION('',(-1.110223024625E-16,-1.,0.));
#5196 = PLANE('',#5197);
#5197 = AXIS2_PLACEMENT_3D('',#5198,#5199,#5200);
#5198 = CARTESIAN_POINT('',(-0.45,-14.64,8.35));
#5199 = DIRECTION('',(0.707106781187,-7.850462293414E-17,0.707106781187)
  );
#5200 = DIRECTION('',(-1.110223024625E-16,-1.,2.680278185005E-29));
#5201 = ADVANCED_FACE('',(#5202),#5213,.T.);
#5202 = FACE_BOUND('',#5203,.T.);
#5203 = EDGE_LOOP('',(#5204,#5205,#5206,#5207));
#5204 = ORIENTED_EDGE('',*,*,#5183,.F.);
#5205 = ORIENTED_EDGE('',*,*,#4188,.T.);
#5206 = ORIENTED_EDGE('',*,*,#5126,.T.);
#5207 = ORIENTED_EDGE('',*,*,#5208,.F.);
#5208 = EDGE_CURVE('',#5184,#5127,#5209,.T.);
#5209 = LINE('',#5210,#5211);
#5210 = CARTESIAN_POINT('',(-0.6,-15.54,8.2));
#5211 = VECTOR('',#5212,1.);
#5212 = DIRECTION('',(1.,0.,-0.));
#5213 = PLANE('',#5214);
#5214 = AXIS2_PLACEMENT_3D('',#5215,#5216,#5217);
#5215 = CARTESIAN_POINT('',(-0.6,-15.69,8.35));
#5216 = DIRECTION('',(7.850462293414E-17,0.707106781187,0.707106781187)
  );
#5217 = DIRECTION('',(1.,-5.551115123122E-17,-5.551115123122E-17));
#5218 = ADVANCED_FACE('',(#5219),#5244,.T.);
#5219 = FACE_BOUND('',#5220,.T.);
#5220 = EDGE_LOOP('',(#5221,#5229,#5230,#5238));
#5221 = ORIENTED_EDGE('',*,*,#5222,.F.);
#5222 = EDGE_CURVE('',#4213,#5223,#5225,.T.);
#5223 = VERTEX_POINT('',#5224);
#5224 = CARTESIAN_POINT('',(0.3,-13.,8.2));
#5225 = LINE('',#5226,#5227);
#5226 = CARTESIAN_POINT('',(0.3,-13.,8.2));
#5227 = VECTOR('',#5228,1.);
#5228 = DIRECTION('',(-0.57735026919,0.57735026919,-0.57735026919));
#5229 = ORIENTED_EDGE('',*,*,#4212,.T.);
#5230 = ORIENTED_EDGE('',*,*,#5231,.T.);
#5231 = EDGE_CURVE('',#4215,#5232,#5234,.T.);
#5232 = VERTEX_POINT('',#5233);
#5233 = CARTESIAN_POINT('',(0.3,-12.4,8.2));
#5234 = LINE('',#5235,#5236);
#5235 = CARTESIAN_POINT('',(0.3,-12.4,8.2));
#5236 = VECTOR('',#5237,1.);
#5237 = DIRECTION('',(-0.57735026919,-0.57735026919,-0.57735026919));
#5238 = ORIENTED_EDGE('',*,*,#5239,.F.);
#5239 = EDGE_CURVE('',#5223,#5232,#5240,.T.);
#5240 = LINE('',#5241,#5242);
#5241 = CARTESIAN_POINT('',(0.3,-13.3,8.2));
#5242 = VECTOR('',#5243,1.);
#5243 = DIRECTION('',(1.110223024625E-16,1.,0.));
#5244 = PLANE('',#5245);
#5245 = AXIS2_PLACEMENT_3D('',#5246,#5247,#5248);
#5246 = CARTESIAN_POINT('',(0.45,-13.3,8.35));
#5247 = DIRECTION('',(-0.707106781187,7.850462293414E-17,0.707106781187)
  );
#5248 = DIRECTION('',(1.110223024625E-16,1.,2.680278185005E-29));
#5249 = ADVANCED_FACE('',(#5250),#5268,.T.);
#5250 = FACE_BOUND('',#5251,.T.);
#5251 = EDGE_LOOP('',(#5252,#5253,#5254,#5262));
#5252 = ORIENTED_EDGE('',*,*,#5231,.F.);
#5253 = ORIENTED_EDGE('',*,*,#4238,.T.);
#5254 = ORIENTED_EDGE('',*,*,#5255,.T.);
#5255 = EDGE_CURVE('',#4231,#5256,#5258,.T.);
#5256 = VERTEX_POINT('',#5257);
#5257 = CARTESIAN_POINT('',(-0.3,-12.4,8.2));
#5258 = LINE('',#5259,#5260);
#5259 = CARTESIAN_POINT('',(-0.3,-12.4,8.2));
#5260 = VECTOR('',#5261,1.);
#5261 = DIRECTION('',(0.57735026919,-0.57735026919,-0.57735026919));
#5262 = ORIENTED_EDGE('',*,*,#5263,.F.);
#5263 = EDGE_CURVE('',#5232,#5256,#5264,.T.);
#5264 = LINE('',#5265,#5266);
#5265 = CARTESIAN_POINT('',(0.6,-12.4,8.2));
#5266 = VECTOR('',#5267,1.);
#5267 = DIRECTION('',(-1.,1.110223024625E-16,0.));
#5268 = PLANE('',#5269);
#5269 = AXIS2_PLACEMENT_3D('',#5270,#5271,#5272);
#5270 = CARTESIAN_POINT('',(0.6,-12.25,8.35));
#5271 = DIRECTION('',(-7.850462293414E-17,-0.707106781187,0.707106781187
    ));
#5272 = DIRECTION('',(-1.,1.110223024625E-16,2.680278185005E-29));
#5273 = ADVANCED_FACE('',(#5274),#5292,.T.);
#5274 = FACE_BOUND('',#5275,.T.);
#5275 = EDGE_LOOP('',(#5276,#5277,#5278,#5286));
#5276 = ORIENTED_EDGE('',*,*,#5255,.F.);
#5277 = ORIENTED_EDGE('',*,*,#4230,.T.);
#5278 = ORIENTED_EDGE('',*,*,#5279,.T.);
#5279 = EDGE_CURVE('',#4223,#5280,#5282,.T.);
#5280 = VERTEX_POINT('',#5281);
#5281 = CARTESIAN_POINT('',(-0.3,-13.,8.2));
#5282 = LINE('',#5283,#5284);
#5283 = CARTESIAN_POINT('',(-0.3,-13.,8.2));
#5284 = VECTOR('',#5285,1.);
#5285 = DIRECTION('',(0.57735026919,0.57735026919,-0.57735026919));
#5286 = ORIENTED_EDGE('',*,*,#5287,.F.);
#5287 = EDGE_CURVE('',#5256,#5280,#5288,.T.);
#5288 = LINE('',#5289,#5290);
#5289 = CARTESIAN_POINT('',(-0.3,-12.1,8.2));
#5290 = VECTOR('',#5291,1.);
#5291 = DIRECTION('',(-1.110223024625E-16,-1.,0.));
#5292 = PLANE('',#5293);
#5293 = AXIS2_PLACEMENT_3D('',#5294,#5295,#5296);
#5294 = CARTESIAN_POINT('',(-0.45,-12.1,8.35));
#5295 = DIRECTION('',(0.707106781187,-7.850462293414E-17,0.707106781187)
  );
#5296 = DIRECTION('',(-1.110223024625E-16,-1.,2.680278185005E-29));
#5297 = ADVANCED_FACE('',(#5298),#5309,.T.);
#5298 = FACE_BOUND('',#5299,.T.);
#5299 = EDGE_LOOP('',(#5300,#5301,#5302,#5303));
#5300 = ORIENTED_EDGE('',*,*,#5279,.F.);
#5301 = ORIENTED_EDGE('',*,*,#4222,.T.);
#5302 = ORIENTED_EDGE('',*,*,#5222,.T.);
#5303 = ORIENTED_EDGE('',*,*,#5304,.F.);
#5304 = EDGE_CURVE('',#5280,#5223,#5305,.T.);
#5305 = LINE('',#5306,#5307);
#5306 = CARTESIAN_POINT('',(-0.6,-13.,8.2));
#5307 = VECTOR('',#5308,1.);
#5308 = DIRECTION('',(1.,0.,-0.));
#5309 = PLANE('',#5310);
#5310 = AXIS2_PLACEMENT_3D('',#5311,#5312,#5313);
#5311 = CARTESIAN_POINT('',(-0.6,-13.15,8.35));
#5312 = DIRECTION('',(7.850462293414E-17,0.707106781187,0.707106781187)
  );
#5313 = DIRECTION('',(1.,-5.551115123122E-17,-5.551115123122E-17));
#5314 = ADVANCED_FACE('',(#5315),#5340,.T.);
#5315 = FACE_BOUND('',#5316,.T.);
#5316 = EDGE_LOOP('',(#5317,#5325,#5326,#5334));
#5317 = ORIENTED_EDGE('',*,*,#5318,.F.);
#5318 = EDGE_CURVE('',#4247,#5319,#5321,.T.);
#5319 = VERTEX_POINT('',#5320);
#5320 = CARTESIAN_POINT('',(0.3,-10.46,8.2));
#5321 = LINE('',#5322,#5323);
#5322 = CARTESIAN_POINT('',(0.3,-10.46,8.2));
#5323 = VECTOR('',#5324,1.);
#5324 = DIRECTION('',(-0.57735026919,0.57735026919,-0.57735026919));
#5325 = ORIENTED_EDGE('',*,*,#4246,.T.);
#5326 = ORIENTED_EDGE('',*,*,#5327,.T.);
#5327 = EDGE_CURVE('',#4249,#5328,#5330,.T.);
#5328 = VERTEX_POINT('',#5329);
#5329 = CARTESIAN_POINT('',(0.3,-9.86,8.2));
#5330 = LINE('',#5331,#5332);
#5331 = CARTESIAN_POINT('',(0.3,-9.86,8.2));
#5332 = VECTOR('',#5333,1.);
#5333 = DIRECTION('',(-0.57735026919,-0.57735026919,-0.57735026919));
#5334 = ORIENTED_EDGE('',*,*,#5335,.F.);
#5335 = EDGE_CURVE('',#5319,#5328,#5336,.T.);
#5336 = LINE('',#5337,#5338);
#5337 = CARTESIAN_POINT('',(0.3,-10.76,8.2));
#5338 = VECTOR('',#5339,1.);
#5339 = DIRECTION('',(1.110223024625E-16,1.,0.));
#5340 = PLANE('',#5341);
#5341 = AXIS2_PLACEMENT_3D('',#5342,#5343,#5344);
#5342 = CARTESIAN_POINT('',(0.45,-10.76,8.35));
#5343 = DIRECTION('',(-0.707106781187,7.850462293414E-17,0.707106781187)
  );
#5344 = DIRECTION('',(1.110223024625E-16,1.,2.680278185005E-29));
#5345 = ADVANCED_FACE('',(#5346),#5364,.T.);
#5346 = FACE_BOUND('',#5347,.T.);
#5347 = EDGE_LOOP('',(#5348,#5349,#5350,#5358));
#5348 = ORIENTED_EDGE('',*,*,#5327,.F.);
#5349 = ORIENTED_EDGE('',*,*,#4272,.T.);
#5350 = ORIENTED_EDGE('',*,*,#5351,.T.);
#5351 = EDGE_CURVE('',#4265,#5352,#5354,.T.);
#5352 = VERTEX_POINT('',#5353);
#5353 = CARTESIAN_POINT('',(-0.3,-9.86,8.2));
#5354 = LINE('',#5355,#5356);
#5355 = CARTESIAN_POINT('',(-0.3,-9.86,8.2));
#5356 = VECTOR('',#5357,1.);
#5357 = DIRECTION('',(0.57735026919,-0.57735026919,-0.57735026919));
#5358 = ORIENTED_EDGE('',*,*,#5359,.F.);
#5359 = EDGE_CURVE('',#5328,#5352,#5360,.T.);
#5360 = LINE('',#5361,#5362);
#5361 = CARTESIAN_POINT('',(0.6,-9.86,8.2));
#5362 = VECTOR('',#5363,1.);
#5363 = DIRECTION('',(-1.,1.110223024625E-16,0.));
#5364 = PLANE('',#5365);
#5365 = AXIS2_PLACEMENT_3D('',#5366,#5367,#5368);
#5366 = CARTESIAN_POINT('',(0.6,-9.71,8.35));
#5367 = DIRECTION('',(-7.850462293414E-17,-0.707106781187,0.707106781187
    ));
#5368 = DIRECTION('',(-1.,1.110223024625E-16,2.680278185005E-29));
#5369 = ADVANCED_FACE('',(#5370),#5388,.T.);
#5370 = FACE_BOUND('',#5371,.T.);
#5371 = EDGE_LOOP('',(#5372,#5373,#5374,#5382));
#5372 = ORIENTED_EDGE('',*,*,#5351,.F.);
#5373 = ORIENTED_EDGE('',*,*,#4264,.T.);
#5374 = ORIENTED_EDGE('',*,*,#5375,.T.);
#5375 = EDGE_CURVE('',#4257,#5376,#5378,.T.);
#5376 = VERTEX_POINT('',#5377);
#5377 = CARTESIAN_POINT('',(-0.3,-10.46,8.2));
#5378 = LINE('',#5379,#5380);
#5379 = CARTESIAN_POINT('',(-0.3,-10.46,8.2));
#5380 = VECTOR('',#5381,1.);
#5381 = DIRECTION('',(0.57735026919,0.57735026919,-0.57735026919));
#5382 = ORIENTED_EDGE('',*,*,#5383,.F.);
#5383 = EDGE_CURVE('',#5352,#5376,#5384,.T.);
#5384 = LINE('',#5385,#5386);
#5385 = CARTESIAN_POINT('',(-0.3,-9.56,8.2));
#5386 = VECTOR('',#5387,1.);
#5387 = DIRECTION('',(-1.110223024625E-16,-1.,0.));
#5388 = PLANE('',#5389);
#5389 = AXIS2_PLACEMENT_3D('',#5390,#5391,#5392);
#5390 = CARTESIAN_POINT('',(-0.45,-9.56,8.35));
#5391 = DIRECTION('',(0.707106781187,-7.850462293414E-17,0.707106781187)
  );
#5392 = DIRECTION('',(-1.110223024625E-16,-1.,2.680278185005E-29));
#5393 = ADVANCED_FACE('',(#5394),#5405,.T.);
#5394 = FACE_BOUND('',#5395,.T.);
#5395 = EDGE_LOOP('',(#5396,#5397,#5398,#5399));
#5396 = ORIENTED_EDGE('',*,*,#5375,.F.);
#5397 = ORIENTED_EDGE('',*,*,#4256,.T.);
#5398 = ORIENTED_EDGE('',*,*,#5318,.T.);
#5399 = ORIENTED_EDGE('',*,*,#5400,.F.);
#5400 = EDGE_CURVE('',#5376,#5319,#5401,.T.);
#5401 = LINE('',#5402,#5403);
#5402 = CARTESIAN_POINT('',(-0.6,-10.46,8.2));
#5403 = VECTOR('',#5404,1.);
#5404 = DIRECTION('',(1.,0.,-0.));
#5405 = PLANE('',#5406);
#5406 = AXIS2_PLACEMENT_3D('',#5407,#5408,#5409);
#5407 = CARTESIAN_POINT('',(-0.6,-10.61,8.35));
#5408 = DIRECTION('',(7.850462293414E-17,0.707106781187,0.707106781187)
  );
#5409 = DIRECTION('',(1.,-5.551115123122E-17,-5.551115123122E-17));
#5410 = ADVANCED_FACE('',(#5411),#5436,.T.);
#5411 = FACE_BOUND('',#5412,.T.);
#5412 = EDGE_LOOP('',(#5413,#5421,#5422,#5430));
#5413 = ORIENTED_EDGE('',*,*,#5414,.F.);
#5414 = EDGE_CURVE('',#4281,#5415,#5417,.T.);
#5415 = VERTEX_POINT('',#5416);
#5416 = CARTESIAN_POINT('',(0.3,-7.92,8.2));
#5417 = LINE('',#5418,#5419);
#5418 = CARTESIAN_POINT('',(0.3,-7.92,8.2));
#5419 = VECTOR('',#5420,1.);
#5420 = DIRECTION('',(-0.57735026919,0.57735026919,-0.57735026919));
#5421 = ORIENTED_EDGE('',*,*,#4280,.T.);
#5422 = ORIENTED_EDGE('',*,*,#5423,.T.);
#5423 = EDGE_CURVE('',#4283,#5424,#5426,.T.);
#5424 = VERTEX_POINT('',#5425);
#5425 = CARTESIAN_POINT('',(0.3,-7.32,8.2));
#5426 = LINE('',#5427,#5428);
#5427 = CARTESIAN_POINT('',(0.3,-7.32,8.2));
#5428 = VECTOR('',#5429,1.);
#5429 = DIRECTION('',(-0.57735026919,-0.57735026919,-0.57735026919));
#5430 = ORIENTED_EDGE('',*,*,#5431,.F.);
#5431 = EDGE_CURVE('',#5415,#5424,#5432,.T.);
#5432 = LINE('',#5433,#5434);
#5433 = CARTESIAN_POINT('',(0.3,-8.22,8.2));
#5434 = VECTOR('',#5435,1.);
#5435 = DIRECTION('',(1.110223024625E-16,1.,0.));
#5436 = PLANE('',#5437);
#5437 = AXIS2_PLACEMENT_3D('',#5438,#5439,#5440);
#5438 = CARTESIAN_POINT('',(0.45,-8.22,8.35));
#5439 = DIRECTION('',(-0.707106781187,7.850462293414E-17,0.707106781187)
  );
#5440 = DIRECTION('',(1.110223024625E-16,1.,2.680278185005E-29));
#5441 = ADVANCED_FACE('',(#5442),#5460,.T.);
#5442 = FACE_BOUND('',#5443,.T.);
#5443 = EDGE_LOOP('',(#5444,#5445,#5446,#5454));
#5444 = ORIENTED_EDGE('',*,*,#5423,.F.);
#5445 = ORIENTED_EDGE('',*,*,#4306,.T.);
#5446 = ORIENTED_EDGE('',*,*,#5447,.T.);
#5447 = EDGE_CURVE('',#4299,#5448,#5450,.T.);
#5448 = VERTEX_POINT('',#5449);
#5449 = CARTESIAN_POINT('',(-0.3,-7.32,8.2));
#5450 = LINE('',#5451,#5452);
#5451 = CARTESIAN_POINT('',(-0.3,-7.32,8.2));
#5452 = VECTOR('',#5453,1.);
#5453 = DIRECTION('',(0.57735026919,-0.57735026919,-0.57735026919));
#5454 = ORIENTED_EDGE('',*,*,#5455,.F.);
#5455 = EDGE_CURVE('',#5424,#5448,#5456,.T.);
#5456 = LINE('',#5457,#5458);
#5457 = CARTESIAN_POINT('',(0.6,-7.32,8.2));
#5458 = VECTOR('',#5459,1.);
#5459 = DIRECTION('',(-1.,1.110223024625E-16,0.));
#5460 = PLANE('',#5461);
#5461 = AXIS2_PLACEMENT_3D('',#5462,#5463,#5464);
#5462 = CARTESIAN_POINT('',(0.6,-7.17,8.35));
#5463 = DIRECTION('',(-7.850462293414E-17,-0.707106781187,0.707106781187
    ));
#5464 = DIRECTION('',(-1.,1.110223024625E-16,2.680278185005E-29));
#5465 = ADVANCED_FACE('',(#5466),#5484,.T.);
#5466 = FACE_BOUND('',#5467,.T.);
#5467 = EDGE_LOOP('',(#5468,#5469,#5470,#5478));
#5468 = ORIENTED_EDGE('',*,*,#5447,.F.);
#5469 = ORIENTED_EDGE('',*,*,#4298,.T.);
#5470 = ORIENTED_EDGE('',*,*,#5471,.T.);
#5471 = EDGE_CURVE('',#4291,#5472,#5474,.T.);
#5472 = VERTEX_POINT('',#5473);
#5473 = CARTESIAN_POINT('',(-0.3,-7.92,8.2));
#5474 = LINE('',#5475,#5476);
#5475 = CARTESIAN_POINT('',(-0.3,-7.92,8.2));
#5476 = VECTOR('',#5477,1.);
#5477 = DIRECTION('',(0.57735026919,0.57735026919,-0.57735026919));
#5478 = ORIENTED_EDGE('',*,*,#5479,.F.);
#5479 = EDGE_CURVE('',#5448,#5472,#5480,.T.);
#5480 = LINE('',#5481,#5482);
#5481 = CARTESIAN_POINT('',(-0.3,-7.02,8.2));
#5482 = VECTOR('',#5483,1.);
#5483 = DIRECTION('',(-1.110223024625E-16,-1.,0.));
#5484 = PLANE('',#5485);
#5485 = AXIS2_PLACEMENT_3D('',#5486,#5487,#5488);
#5486 = CARTESIAN_POINT('',(-0.45,-7.02,8.35));
#5487 = DIRECTION('',(0.707106781187,-7.850462293414E-17,0.707106781187)
  );
#5488 = DIRECTION('',(-1.110223024625E-16,-1.,2.680278185005E-29));
#5489 = ADVANCED_FACE('',(#5490),#5501,.T.);
#5490 = FACE_BOUND('',#5491,.T.);
#5491 = EDGE_LOOP('',(#5492,#5493,#5494,#5495));
#5492 = ORIENTED_EDGE('',*,*,#5471,.F.);
#5493 = ORIENTED_EDGE('',*,*,#4290,.T.);
#5494 = ORIENTED_EDGE('',*,*,#5414,.T.);
#5495 = ORIENTED_EDGE('',*,*,#5496,.F.);
#5496 = EDGE_CURVE('',#5472,#5415,#5497,.T.);
#5497 = LINE('',#5498,#5499);
#5498 = CARTESIAN_POINT('',(-0.6,-7.92,8.2));
#5499 = VECTOR('',#5500,1.);
#5500 = DIRECTION('',(1.,0.,-0.));
#5501 = PLANE('',#5502);
#5502 = AXIS2_PLACEMENT_3D('',#5503,#5504,#5505);
#5503 = CARTESIAN_POINT('',(-0.6,-8.07,8.35));
#5504 = DIRECTION('',(7.850462293414E-17,0.707106781187,0.707106781187)
  );
#5505 = DIRECTION('',(1.,-5.551115123122E-17,-5.551115123122E-17));
#5506 = ADVANCED_FACE('',(#5507),#5532,.T.);
#5507 = FACE_BOUND('',#5508,.T.);
#5508 = EDGE_LOOP('',(#5509,#5517,#5518,#5526));
#5509 = ORIENTED_EDGE('',*,*,#5510,.F.);
#5510 = EDGE_CURVE('',#4315,#5511,#5513,.T.);
#5511 = VERTEX_POINT('',#5512);
#5512 = CARTESIAN_POINT('',(0.3,-5.38,8.2));
#5513 = LINE('',#5514,#5515);
#5514 = CARTESIAN_POINT('',(0.3,-5.38,8.2));
#5515 = VECTOR('',#5516,1.);
#5516 = DIRECTION('',(-0.57735026919,0.57735026919,-0.57735026919));
#5517 = ORIENTED_EDGE('',*,*,#4314,.T.);
#5518 = ORIENTED_EDGE('',*,*,#5519,.T.);
#5519 = EDGE_CURVE('',#4317,#5520,#5522,.T.);
#5520 = VERTEX_POINT('',#5521);
#5521 = CARTESIAN_POINT('',(0.3,-4.78,8.2));
#5522 = LINE('',#5523,#5524);
#5523 = CARTESIAN_POINT('',(0.3,-4.78,8.2));
#5524 = VECTOR('',#5525,1.);
#5525 = DIRECTION('',(-0.57735026919,-0.57735026919,-0.57735026919));
#5526 = ORIENTED_EDGE('',*,*,#5527,.F.);
#5527 = EDGE_CURVE('',#5511,#5520,#5528,.T.);
#5528 = LINE('',#5529,#5530);
#5529 = CARTESIAN_POINT('',(0.3,-5.68,8.2));
#5530 = VECTOR('',#5531,1.);
#5531 = DIRECTION('',(1.110223024625E-16,1.,0.));
#5532 = PLANE('',#5533);
#5533 = AXIS2_PLACEMENT_3D('',#5534,#5535,#5536);
#5534 = CARTESIAN_POINT('',(0.45,-5.68,8.35));
#5535 = DIRECTION('',(-0.707106781187,7.850462293414E-17,0.707106781187)
  );
#5536 = DIRECTION('',(1.110223024625E-16,1.,2.680278185005E-29));
#5537 = ADVANCED_FACE('',(#5538),#5556,.T.);
#5538 = FACE_BOUND('',#5539,.T.);
#5539 = EDGE_LOOP('',(#5540,#5541,#5542,#5550));
#5540 = ORIENTED_EDGE('',*,*,#5519,.F.);
#5541 = ORIENTED_EDGE('',*,*,#4340,.T.);
#5542 = ORIENTED_EDGE('',*,*,#5543,.T.);
#5543 = EDGE_CURVE('',#4333,#5544,#5546,.T.);
#5544 = VERTEX_POINT('',#5545);
#5545 = CARTESIAN_POINT('',(-0.3,-4.78,8.2));
#5546 = LINE('',#5547,#5548);
#5547 = CARTESIAN_POINT('',(-0.3,-4.78,8.2));
#5548 = VECTOR('',#5549,1.);
#5549 = DIRECTION('',(0.57735026919,-0.57735026919,-0.57735026919));
#5550 = ORIENTED_EDGE('',*,*,#5551,.F.);
#5551 = EDGE_CURVE('',#5520,#5544,#5552,.T.);
#5552 = LINE('',#5553,#5554);
#5553 = CARTESIAN_POINT('',(0.6,-4.78,8.2));
#5554 = VECTOR('',#5555,1.);
#5555 = DIRECTION('',(-1.,1.110223024625E-16,0.));
#5556 = PLANE('',#5557);
#5557 = AXIS2_PLACEMENT_3D('',#5558,#5559,#5560);
#5558 = CARTESIAN_POINT('',(0.6,-4.63,8.35));
#5559 = DIRECTION('',(-7.850462293414E-17,-0.707106781187,0.707106781187
    ));
#5560 = DIRECTION('',(-1.,1.110223024625E-16,2.680278185005E-29));
#5561 = ADVANCED_FACE('',(#5562),#5580,.T.);
#5562 = FACE_BOUND('',#5563,.T.);
#5563 = EDGE_LOOP('',(#5564,#5565,#5566,#5574));
#5564 = ORIENTED_EDGE('',*,*,#5543,.F.);
#5565 = ORIENTED_EDGE('',*,*,#4332,.T.);
#5566 = ORIENTED_EDGE('',*,*,#5567,.T.);
#5567 = EDGE_CURVE('',#4325,#5568,#5570,.T.);
#5568 = VERTEX_POINT('',#5569);
#5569 = CARTESIAN_POINT('',(-0.3,-5.38,8.2));
#5570 = LINE('',#5571,#5572);
#5571 = CARTESIAN_POINT('',(-0.3,-5.38,8.2));
#5572 = VECTOR('',#5573,1.);
#5573 = DIRECTION('',(0.57735026919,0.57735026919,-0.57735026919));
#5574 = ORIENTED_EDGE('',*,*,#5575,.F.);
#5575 = EDGE_CURVE('',#5544,#5568,#5576,.T.);
#5576 = LINE('',#5577,#5578);
#5577 = CARTESIAN_POINT('',(-0.3,-4.48,8.2));
#5578 = VECTOR('',#5579,1.);
#5579 = DIRECTION('',(-1.110223024625E-16,-1.,0.));
#5580 = PLANE('',#5581);
#5581 = AXIS2_PLACEMENT_3D('',#5582,#5583,#5584);
#5582 = CARTESIAN_POINT('',(-0.45,-4.48,8.35));
#5583 = DIRECTION('',(0.707106781187,-7.850462293414E-17,0.707106781187)
  );
#5584 = DIRECTION('',(-1.110223024625E-16,-1.,2.680278185005E-29));
#5585 = ADVANCED_FACE('',(#5586),#5597,.T.);
#5586 = FACE_BOUND('',#5587,.T.);
#5587 = EDGE_LOOP('',(#5588,#5589,#5590,#5591));
#5588 = ORIENTED_EDGE('',*,*,#5567,.F.);
#5589 = ORIENTED_EDGE('',*,*,#4324,.T.);
#5590 = ORIENTED_EDGE('',*,*,#5510,.T.);
#5591 = ORIENTED_EDGE('',*,*,#5592,.F.);
#5592 = EDGE_CURVE('',#5568,#5511,#5593,.T.);
#5593 = LINE('',#5594,#5595);
#5594 = CARTESIAN_POINT('',(-0.6,-5.38,8.2));
#5595 = VECTOR('',#5596,1.);
#5596 = DIRECTION('',(1.,0.,-0.));
#5597 = PLANE('',#5598);
#5598 = AXIS2_PLACEMENT_3D('',#5599,#5600,#5601);
#5599 = CARTESIAN_POINT('',(-0.6,-5.53,8.35));
#5600 = DIRECTION('',(7.850462293414E-17,0.707106781187,0.707106781187)
  );
#5601 = DIRECTION('',(1.,-5.551115123122E-17,-5.551115123122E-17));
#5602 = ADVANCED_FACE('',(#5603),#5628,.T.);
#5603 = FACE_BOUND('',#5604,.T.);
#5604 = EDGE_LOOP('',(#5605,#5613,#5614,#5622));
#5605 = ORIENTED_EDGE('',*,*,#5606,.F.);
#5606 = EDGE_CURVE('',#4349,#5607,#5609,.T.);
#5607 = VERTEX_POINT('',#5608);
#5608 = CARTESIAN_POINT('',(0.3,-2.84,8.2));
#5609 = LINE('',#5610,#5611);
#5610 = CARTESIAN_POINT('',(0.3,-2.84,8.2));
#5611 = VECTOR('',#5612,1.);
#5612 = DIRECTION('',(-0.57735026919,0.57735026919,-0.57735026919));
#5613 = ORIENTED_EDGE('',*,*,#4348,.T.);
#5614 = ORIENTED_EDGE('',*,*,#5615,.T.);
#5615 = EDGE_CURVE('',#4351,#5616,#5618,.T.);
#5616 = VERTEX_POINT('',#5617);
#5617 = CARTESIAN_POINT('',(0.3,-2.24,8.2));
#5618 = LINE('',#5619,#5620);
#5619 = CARTESIAN_POINT('',(0.3,-2.24,8.2));
#5620 = VECTOR('',#5621,1.);
#5621 = DIRECTION('',(-0.57735026919,-0.57735026919,-0.57735026919));
#5622 = ORIENTED_EDGE('',*,*,#5623,.F.);
#5623 = EDGE_CURVE('',#5607,#5616,#5624,.T.);
#5624 = LINE('',#5625,#5626);
#5625 = CARTESIAN_POINT('',(0.3,-3.14,8.2));
#5626 = VECTOR('',#5627,1.);
#5627 = DIRECTION('',(1.110223024625E-16,1.,0.));
#5628 = PLANE('',#5629);
#5629 = AXIS2_PLACEMENT_3D('',#5630,#5631,#5632);
#5630 = CARTESIAN_POINT('',(0.45,-3.14,8.35));
#5631 = DIRECTION('',(-0.707106781187,7.850462293414E-17,0.707106781187)
  );
#5632 = DIRECTION('',(1.110223024625E-16,1.,2.680278185005E-29));
#5633 = ADVANCED_FACE('',(#5634),#5652,.T.);
#5634 = FACE_BOUND('',#5635,.T.);
#5635 = EDGE_LOOP('',(#5636,#5637,#5638,#5646));
#5636 = ORIENTED_EDGE('',*,*,#5615,.F.);
#5637 = ORIENTED_EDGE('',*,*,#4374,.T.);
#5638 = ORIENTED_EDGE('',*,*,#5639,.T.);
#5639 = EDGE_CURVE('',#4367,#5640,#5642,.T.);
#5640 = VERTEX_POINT('',#5641);
#5641 = CARTESIAN_POINT('',(-0.3,-2.24,8.2));
#5642 = LINE('',#5643,#5644);
#5643 = CARTESIAN_POINT('',(-0.3,-2.24,8.2));
#5644 = VECTOR('',#5645,1.);
#5645 = DIRECTION('',(0.57735026919,-0.57735026919,-0.57735026919));
#5646 = ORIENTED_EDGE('',*,*,#5647,.F.);
#5647 = EDGE_CURVE('',#5616,#5640,#5648,.T.);
#5648 = LINE('',#5649,#5650);
#5649 = CARTESIAN_POINT('',(0.6,-2.24,8.2));
#5650 = VECTOR('',#5651,1.);
#5651 = DIRECTION('',(-1.,1.110223024625E-16,0.));
#5652 = PLANE('',#5653);
#5653 = AXIS2_PLACEMENT_3D('',#5654,#5655,#5656);
#5654 = CARTESIAN_POINT('',(0.6,-2.09,8.35));
#5655 = DIRECTION('',(-7.850462293414E-17,-0.707106781187,0.707106781187
    ));
#5656 = DIRECTION('',(-1.,1.110223024625E-16,2.680278185005E-29));
#5657 = ADVANCED_FACE('',(#5658),#5676,.T.);
#5658 = FACE_BOUND('',#5659,.T.);
#5659 = EDGE_LOOP('',(#5660,#5661,#5662,#5670));
#5660 = ORIENTED_EDGE('',*,*,#5639,.F.);
#5661 = ORIENTED_EDGE('',*,*,#4366,.T.);
#5662 = ORIENTED_EDGE('',*,*,#5663,.T.);
#5663 = EDGE_CURVE('',#4359,#5664,#5666,.T.);
#5664 = VERTEX_POINT('',#5665);
#5665 = CARTESIAN_POINT('',(-0.3,-2.84,8.2));
#5666 = LINE('',#5667,#5668);
#5667 = CARTESIAN_POINT('',(-0.3,-2.84,8.2));
#5668 = VECTOR('',#5669,1.);
#5669 = DIRECTION('',(0.57735026919,0.57735026919,-0.57735026919));
#5670 = ORIENTED_EDGE('',*,*,#5671,.F.);
#5671 = EDGE_CURVE('',#5640,#5664,#5672,.T.);
#5672 = LINE('',#5673,#5674);
#5673 = CARTESIAN_POINT('',(-0.3,-1.94,8.2));
#5674 = VECTOR('',#5675,1.);
#5675 = DIRECTION('',(-1.110223024625E-16,-1.,0.));
#5676 = PLANE('',#5677);
#5677 = AXIS2_PLACEMENT_3D('',#5678,#5679,#5680);
#5678 = CARTESIAN_POINT('',(-0.45,-1.94,8.35));
#5679 = DIRECTION('',(0.707106781187,-7.850462293414E-17,0.707106781187)
  );
#5680 = DIRECTION('',(-1.110223024625E-16,-1.,2.680278185005E-29));
#5681 = ADVANCED_FACE('',(#5682),#5693,.T.);
#5682 = FACE_BOUND('',#5683,.T.);
#5683 = EDGE_LOOP('',(#5684,#5685,#5686,#5687));
#5684 = ORIENTED_EDGE('',*,*,#5663,.F.);
#5685 = ORIENTED_EDGE('',*,*,#4358,.T.);
#5686 = ORIENTED_EDGE('',*,*,#5606,.T.);
#5687 = ORIENTED_EDGE('',*,*,#5688,.F.);
#5688 = EDGE_CURVE('',#5664,#5607,#5689,.T.);
#5689 = LINE('',#5690,#5691);
#5690 = CARTESIAN_POINT('',(-0.6,-2.84,8.2));
#5691 = VECTOR('',#5692,1.);
#5692 = DIRECTION('',(1.,0.,-0.));
#5693 = PLANE('',#5694);
#5694 = AXIS2_PLACEMENT_3D('',#5695,#5696,#5697);
#5695 = CARTESIAN_POINT('',(-0.6,-2.99,8.35));
#5696 = DIRECTION('',(7.850462293414E-17,0.707106781187,0.707106781187)
  );
#5697 = DIRECTION('',(1.,-5.551115123122E-17,-5.551115123122E-17));
#5698 = ADVANCED_FACE('',(#5699),#5724,.T.);
#5699 = FACE_BOUND('',#5700,.T.);
#5700 = EDGE_LOOP('',(#5701,#5709,#5710,#5718));
#5701 = ORIENTED_EDGE('',*,*,#5702,.F.);
#5702 = EDGE_CURVE('',#4383,#5703,#5705,.T.);
#5703 = VERTEX_POINT('',#5704);
#5704 = CARTESIAN_POINT('',(0.3,-0.3,8.2));
#5705 = LINE('',#5706,#5707);
#5706 = CARTESIAN_POINT('',(0.3,-0.3,8.2));
#5707 = VECTOR('',#5708,1.);
#5708 = DIRECTION('',(-0.57735026919,0.57735026919,-0.57735026919));
#5709 = ORIENTED_EDGE('',*,*,#4382,.T.);
#5710 = ORIENTED_EDGE('',*,*,#5711,.T.);
#5711 = EDGE_CURVE('',#4385,#5712,#5714,.T.);
#5712 = VERTEX_POINT('',#5713);
#5713 = CARTESIAN_POINT('',(0.3,0.3,8.2));
#5714 = LINE('',#5715,#5716);
#5715 = CARTESIAN_POINT('',(0.3,0.3,8.2));
#5716 = VECTOR('',#5717,1.);
#5717 = DIRECTION('',(-0.57735026919,-0.57735026919,-0.57735026919));
#5718 = ORIENTED_EDGE('',*,*,#5719,.F.);
#5719 = EDGE_CURVE('',#5703,#5712,#5720,.T.);
#5720 = LINE('',#5721,#5722);
#5721 = CARTESIAN_POINT('',(0.3,-0.6,8.2));
#5722 = VECTOR('',#5723,1.);
#5723 = DIRECTION('',(1.110223024625E-16,1.,0.));
#5724 = PLANE('',#5725);
#5725 = AXIS2_PLACEMENT_3D('',#5726,#5727,#5728);
#5726 = CARTESIAN_POINT('',(0.45,-0.6,8.35));
#5727 = DIRECTION('',(-0.707106781187,7.850462293414E-17,0.707106781187)
  );
#5728 = DIRECTION('',(1.110223024625E-16,1.,2.680278185005E-29));
#5729 = ADVANCED_FACE('',(#5730),#5748,.T.);
#5730 = FACE_BOUND('',#5731,.T.);
#5731 = EDGE_LOOP('',(#5732,#5733,#5734,#5742));
#5732 = ORIENTED_EDGE('',*,*,#5711,.F.);
#5733 = ORIENTED_EDGE('',*,*,#4408,.T.);
#5734 = ORIENTED_EDGE('',*,*,#5735,.T.);
#5735 = EDGE_CURVE('',#4401,#5736,#5738,.T.);
#5736 = VERTEX_POINT('',#5737);
#5737 = CARTESIAN_POINT('',(-0.3,0.3,8.2));
#5738 = LINE('',#5739,#5740);
#5739 = CARTESIAN_POINT('',(-0.3,0.3,8.2));
#5740 = VECTOR('',#5741,1.);
#5741 = DIRECTION('',(0.57735026919,-0.57735026919,-0.57735026919));
#5742 = ORIENTED_EDGE('',*,*,#5743,.F.);
#5743 = EDGE_CURVE('',#5712,#5736,#5744,.T.);
#5744 = LINE('',#5745,#5746);
#5745 = CARTESIAN_POINT('',(0.6,0.3,8.2));
#5746 = VECTOR('',#5747,1.);
#5747 = DIRECTION('',(-1.,1.110223024625E-16,0.));
#5748 = PLANE('',#5749);
#5749 = AXIS2_PLACEMENT_3D('',#5750,#5751,#5752);
#5750 = CARTESIAN_POINT('',(0.6,0.45,8.35));
#5751 = DIRECTION('',(-7.850462293414E-17,-0.707106781187,0.707106781187
    ));
#5752 = DIRECTION('',(-1.,1.110223024625E-16,2.680278185005E-29));
#5753 = ADVANCED_FACE('',(#5754),#5772,.T.);
#5754 = FACE_BOUND('',#5755,.T.);
#5755 = EDGE_LOOP('',(#5756,#5757,#5758,#5766));
#5756 = ORIENTED_EDGE('',*,*,#5735,.F.);
#5757 = ORIENTED_EDGE('',*,*,#4400,.T.);
#5758 = ORIENTED_EDGE('',*,*,#5759,.T.);
#5759 = EDGE_CURVE('',#4393,#5760,#5762,.T.);
#5760 = VERTEX_POINT('',#5761);
#5761 = CARTESIAN_POINT('',(-0.3,-0.3,8.2));
#5762 = LINE('',#5763,#5764);
#5763 = CARTESIAN_POINT('',(-0.3,-0.3,8.2));
#5764 = VECTOR('',#5765,1.);
#5765 = DIRECTION('',(0.57735026919,0.57735026919,-0.57735026919));
#5766 = ORIENTED_EDGE('',*,*,#5767,.F.);
#5767 = EDGE_CURVE('',#5736,#5760,#5768,.T.);
#5768 = LINE('',#5769,#5770);
#5769 = CARTESIAN_POINT('',(-0.3,0.6,8.2));
#5770 = VECTOR('',#5771,1.);
#5771 = DIRECTION('',(-1.110223024625E-16,-1.,0.));
#5772 = PLANE('',#5773);
#5773 = AXIS2_PLACEMENT_3D('',#5774,#5775,#5776);
#5774 = CARTESIAN_POINT('',(-0.45,0.6,8.35));
#5775 = DIRECTION('',(0.707106781187,-7.850462293414E-17,0.707106781187)
  );
#5776 = DIRECTION('',(-1.110223024625E-16,-1.,2.680278185005E-29));
#5777 = ADVANCED_FACE('',(#5778),#5789,.T.);
#5778 = FACE_BOUND('',#5779,.T.);
#5779 = EDGE_LOOP('',(#5780,#5781,#5782,#5783));
#5780 = ORIENTED_EDGE('',*,*,#5759,.F.);
#5781 = ORIENTED_EDGE('',*,*,#4392,.T.);
#5782 = ORIENTED_EDGE('',*,*,#5702,.T.);
#5783 = ORIENTED_EDGE('',*,*,#5784,.F.);
#5784 = EDGE_CURVE('',#5760,#5703,#5785,.T.);
#5785 = LINE('',#5786,#5787);
#5786 = CARTESIAN_POINT('',(-0.6,-0.3,8.2));
#5787 = VECTOR('',#5788,1.);
#5788 = DIRECTION('',(1.,0.,-0.));
#5789 = PLANE('',#5790);
#5790 = AXIS2_PLACEMENT_3D('',#5791,#5792,#5793);
#5791 = CARTESIAN_POINT('',(-0.6,-0.45,8.35));
#5792 = DIRECTION('',(7.850462293414E-17,0.707106781187,0.707106781187)
  );
#5793 = DIRECTION('',(1.,-5.551115123122E-17,-5.551115123122E-17));
#5794 = ADVANCED_FACE('',(#5795),#5806,.T.);
#5795 = FACE_BOUND('',#5796,.T.);
#5796 = EDGE_LOOP('',(#5797,#5798,#5799,#5805));
#5797 = ORIENTED_EDGE('',*,*,#4472,.F.);
#5798 = ORIENTED_EDGE('',*,*,#4482,.T.);
#5799 = ORIENTED_EDGE('',*,*,#5800,.T.);
#5800 = EDGE_CURVE('',#4483,#4523,#5801,.T.);
#5801 = LINE('',#5802,#5803);
#5802 = CARTESIAN_POINT('',(-0.1,-18.08,0.2));
#5803 = VECTOR('',#5804,1.);
#5804 = DIRECTION('',(1.,0.,-0.));
#5805 = ORIENTED_EDGE('',*,*,#4530,.T.);
#5806 = PLANE('',#5807);
#5807 = AXIS2_PLACEMENT_3D('',#5808,#5809,#5810);
#5808 = CARTESIAN_POINT('',(-0.1,-18.08,0.2));
#5809 = DIRECTION('',(0.,-0.,-1.));
#5810 = DIRECTION('',(-1.110223024625E-16,-1.,0.));
#5811 = ADVANCED_FACE('',(#5812),#5853,.F.);
#5812 = FACE_BOUND('',#5813,.F.);
#5813 = EDGE_LOOP('',(#5814,#5822,#5823,#5831,#5839,#5847));
#5814 = ORIENTED_EDGE('',*,*,#5815,.T.);
#5815 = EDGE_CURVE('',#5816,#4523,#5818,.T.);
#5816 = VERTEX_POINT('',#5817);
#5817 = CARTESIAN_POINT('',(0.1,-18.08,-2.5));
#5818 = LINE('',#5819,#5820);
#5819 = CARTESIAN_POINT('',(0.1,-18.08,-2.5));
#5820 = VECTOR('',#5821,1.);
#5821 = DIRECTION('',(0.,0.,1.));
#5822 = ORIENTED_EDGE('',*,*,#4522,.F.);
#5823 = ORIENTED_EDGE('',*,*,#5824,.T.);
#5824 = EDGE_CURVE('',#4515,#5825,#5827,.T.);
#5825 = VERTEX_POINT('',#5826);
#5826 = CARTESIAN_POINT('',(0.1,-17.48,-2.5));
#5827 = LINE('',#5828,#5829);
#5828 = CARTESIAN_POINT('',(0.1,-17.48,0.2));
#5829 = VECTOR('',#5830,1.);
#5830 = DIRECTION('',(0.,-0.,-1.));
#5831 = ORIENTED_EDGE('',*,*,#5832,.T.);
#5832 = EDGE_CURVE('',#5825,#5833,#5835,.T.);
#5833 = VERTEX_POINT('',#5834);
#5834 = CARTESIAN_POINT('',(0.1,-17.63,-3.1));
#5835 = LINE('',#5836,#5837);
#5836 = CARTESIAN_POINT('',(0.1,-17.48,-2.5));
#5837 = VECTOR('',#5838,1.);
#5838 = DIRECTION('',(-2.692686352073E-17,-0.242535625036,
    -0.970142500145));
#5839 = ORIENTED_EDGE('',*,*,#5840,.T.);
#5840 = EDGE_CURVE('',#5833,#5841,#5843,.T.);
#5841 = VERTEX_POINT('',#5842);
#5842 = CARTESIAN_POINT('',(0.1,-17.93,-3.1));
#5843 = LINE('',#5844,#5845);
#5844 = CARTESIAN_POINT('',(0.1,-17.63,-3.1));
#5845 = VECTOR('',#5846,1.);
#5846 = DIRECTION('',(-1.110223024625E-16,-1.,0.));
#5847 = ORIENTED_EDGE('',*,*,#5848,.T.);
#5848 = EDGE_CURVE('',#5841,#5816,#5849,.T.);
#5849 = LINE('',#5850,#5851);
#5850 = CARTESIAN_POINT('',(0.1,-17.93,-3.1));
#5851 = VECTOR('',#5852,1.);
#5852 = DIRECTION('',(-2.692686352073E-17,-0.242535625036,0.970142500145
    ));
#5853 = PLANE('',#5854);
#5854 = AXIS2_PLACEMENT_3D('',#5855,#5856,#5857);
#5855 = CARTESIAN_POINT('',(0.1,-17.78,3.911477598424));
#5856 = DIRECTION('',(-1.,1.110223024625E-16,0.));
#5857 = DIRECTION('',(0.,0.,1.));
#5858 = ADVANCED_FACE('',(#5859),#5870,.T.);
#5859 = FACE_BOUND('',#5860,.T.);
#5860 = EDGE_LOOP('',(#5861,#5867,#5868,#5869));
#5861 = ORIENTED_EDGE('',*,*,#5862,.F.);
#5862 = EDGE_CURVE('',#4491,#4515,#5863,.T.);
#5863 = LINE('',#5864,#5865);
#5864 = CARTESIAN_POINT('',(-0.1,-17.48,0.2));
#5865 = VECTOR('',#5866,1.);
#5866 = DIRECTION('',(1.,0.,-0.));
#5867 = ORIENTED_EDGE('',*,*,#4498,.T.);
#5868 = ORIENTED_EDGE('',*,*,#4506,.T.);
#5869 = ORIENTED_EDGE('',*,*,#4514,.T.);
#5870 = PLANE('',#5871);
#5871 = AXIS2_PLACEMENT_3D('',#5872,#5873,#5874);
#5872 = CARTESIAN_POINT('',(-0.1,-18.08,0.2));
#5873 = DIRECTION('',(0.,-0.,-1.));
#5874 = DIRECTION('',(-1.110223024625E-16,-1.,0.));
#5875 = ADVANCED_FACE('',(#5876),#5917,.T.);
#5876 = FACE_BOUND('',#5877,.T.);
#5877 = EDGE_LOOP('',(#5878,#5886,#5887,#5895,#5903,#5911));
#5878 = ORIENTED_EDGE('',*,*,#5879,.T.);
#5879 = EDGE_CURVE('',#5880,#4483,#5882,.T.);
#5880 = VERTEX_POINT('',#5881);
#5881 = CARTESIAN_POINT('',(-0.1,-18.08,-2.5));
#5882 = LINE('',#5883,#5884);
#5883 = CARTESIAN_POINT('',(-0.1,-18.08,-2.5));
#5884 = VECTOR('',#5885,1.);
#5885 = DIRECTION('',(0.,0.,1.));
#5886 = ORIENTED_EDGE('',*,*,#4490,.F.);
#5887 = ORIENTED_EDGE('',*,*,#5888,.T.);
#5888 = EDGE_CURVE('',#4491,#5889,#5891,.T.);
#5889 = VERTEX_POINT('',#5890);
#5890 = CARTESIAN_POINT('',(-0.1,-17.48,-2.5));
#5891 = LINE('',#5892,#5893);
#5892 = CARTESIAN_POINT('',(-0.1,-17.48,0.2));
#5893 = VECTOR('',#5894,1.);
#5894 = DIRECTION('',(0.,-0.,-1.));
#5895 = ORIENTED_EDGE('',*,*,#5896,.T.);
#5896 = EDGE_CURVE('',#5889,#5897,#5899,.T.);
#5897 = VERTEX_POINT('',#5898);
#5898 = CARTESIAN_POINT('',(-0.1,-17.63,-3.1));
#5899 = LINE('',#5900,#5901);
#5900 = CARTESIAN_POINT('',(-0.1,-17.48,-2.5));
#5901 = VECTOR('',#5902,1.);
#5902 = DIRECTION('',(-2.692686352073E-17,-0.242535625036,
    -0.970142500145));
#5903 = ORIENTED_EDGE('',*,*,#5904,.F.);
#5904 = EDGE_CURVE('',#5905,#5897,#5907,.T.);
#5905 = VERTEX_POINT('',#5906);
#5906 = CARTESIAN_POINT('',(-0.1,-17.93,-3.1));
#5907 = LINE('',#5908,#5909);
#5908 = CARTESIAN_POINT('',(-0.1,-17.93,-3.1));
#5909 = VECTOR('',#5910,1.);
#5910 = DIRECTION('',(1.110223024625E-16,1.,0.));
#5911 = ORIENTED_EDGE('',*,*,#5912,.T.);
#5912 = EDGE_CURVE('',#5905,#5880,#5913,.T.);
#5913 = LINE('',#5914,#5915);
#5914 = CARTESIAN_POINT('',(-0.1,-17.93,-3.1));
#5915 = VECTOR('',#5916,1.);
#5916 = DIRECTION('',(-2.692686352073E-17,-0.242535625036,0.970142500145
    ));
#5917 = PLANE('',#5918);
#5918 = AXIS2_PLACEMENT_3D('',#5919,#5920,#5921);
#5919 = CARTESIAN_POINT('',(-0.1,-17.78,3.911477598424));
#5920 = DIRECTION('',(-1.,1.110223024625E-16,0.));
#5921 = DIRECTION('',(0.,0.,1.));
#5922 = ADVANCED_FACE('',(#5923),#5934,.T.);
#5923 = FACE_BOUND('',#5924,.T.);
#5924 = EDGE_LOOP('',(#5925,#5926,#5927,#5933));
#5925 = ORIENTED_EDGE('',*,*,#4538,.F.);
#5926 = ORIENTED_EDGE('',*,*,#4548,.T.);
#5927 = ORIENTED_EDGE('',*,*,#5928,.T.);
#5928 = EDGE_CURVE('',#4549,#4589,#5929,.T.);
#5929 = LINE('',#5930,#5931);
#5930 = CARTESIAN_POINT('',(-0.1,-15.54,0.2));
#5931 = VECTOR('',#5932,1.);
#5932 = DIRECTION('',(1.,0.,-0.));
#5933 = ORIENTED_EDGE('',*,*,#4596,.T.);
#5934 = PLANE('',#5935);
#5935 = AXIS2_PLACEMENT_3D('',#5936,#5937,#5938);
#5936 = CARTESIAN_POINT('',(-0.1,-15.54,0.2));
#5937 = DIRECTION('',(0.,-0.,-1.));
#5938 = DIRECTION('',(-1.110223024625E-16,-1.,0.));
#5939 = ADVANCED_FACE('',(#5940),#5981,.F.);
#5940 = FACE_BOUND('',#5941,.F.);
#5941 = EDGE_LOOP('',(#5942,#5950,#5951,#5959,#5967,#5975));
#5942 = ORIENTED_EDGE('',*,*,#5943,.T.);
#5943 = EDGE_CURVE('',#5944,#4589,#5946,.T.);
#5944 = VERTEX_POINT('',#5945);
#5945 = CARTESIAN_POINT('',(0.1,-15.54,-2.5));
#5946 = LINE('',#5947,#5948);
#5947 = CARTESIAN_POINT('',(0.1,-15.54,-2.5));
#5948 = VECTOR('',#5949,1.);
#5949 = DIRECTION('',(0.,0.,1.));
#5950 = ORIENTED_EDGE('',*,*,#4588,.F.);
#5951 = ORIENTED_EDGE('',*,*,#5952,.T.);
#5952 = EDGE_CURVE('',#4581,#5953,#5955,.T.);
#5953 = VERTEX_POINT('',#5954);
#5954 = CARTESIAN_POINT('',(0.1,-14.94,-2.5));
#5955 = LINE('',#5956,#5957);
#5956 = CARTESIAN_POINT('',(0.1,-14.94,0.2));
#5957 = VECTOR('',#5958,1.);
#5958 = DIRECTION('',(0.,-0.,-1.));
#5959 = ORIENTED_EDGE('',*,*,#5960,.T.);
#5960 = EDGE_CURVE('',#5953,#5961,#5963,.T.);
#5961 = VERTEX_POINT('',#5962);
#5962 = CARTESIAN_POINT('',(0.1,-15.09,-3.1));
#5963 = LINE('',#5964,#5965);
#5964 = CARTESIAN_POINT('',(0.1,-14.94,-2.5));
#5965 = VECTOR('',#5966,1.);
#5966 = DIRECTION('',(-2.692686352073E-17,-0.242535625036,
    -0.970142500145));
#5967 = ORIENTED_EDGE('',*,*,#5968,.T.);
#5968 = EDGE_CURVE('',#5961,#5969,#5971,.T.);
#5969 = VERTEX_POINT('',#5970);
#5970 = CARTESIAN_POINT('',(0.1,-15.39,-3.1));
#5971 = LINE('',#5972,#5973);
#5972 = CARTESIAN_POINT('',(0.1,-15.09,-3.1));
#5973 = VECTOR('',#5974,1.);
#5974 = DIRECTION('',(-1.110223024625E-16,-1.,0.));
#5975 = ORIENTED_EDGE('',*,*,#5976,.T.);
#5976 = EDGE_CURVE('',#5969,#5944,#5977,.T.);
#5977 = LINE('',#5978,#5979);
#5978 = CARTESIAN_POINT('',(0.1,-15.39,-3.1));
#5979 = VECTOR('',#5980,1.);
#5980 = DIRECTION('',(-2.692686352073E-17,-0.242535625036,0.970142500145
    ));
#5981 = PLANE('',#5982);
#5982 = AXIS2_PLACEMENT_3D('',#5983,#5984,#5985);
#5983 = CARTESIAN_POINT('',(0.1,-15.24,3.911477598424));
#5984 = DIRECTION('',(-1.,1.110223024625E-16,0.));
#5985 = DIRECTION('',(0.,0.,1.));
#5986 = ADVANCED_FACE('',(#5987),#5998,.T.);
#5987 = FACE_BOUND('',#5988,.T.);
#5988 = EDGE_LOOP('',(#5989,#5995,#5996,#5997));
#5989 = ORIENTED_EDGE('',*,*,#5990,.F.);
#5990 = EDGE_CURVE('',#4557,#4581,#5991,.T.);
#5991 = LINE('',#5992,#5993);
#5992 = CARTESIAN_POINT('',(-0.1,-14.94,0.2));
#5993 = VECTOR('',#5994,1.);
#5994 = DIRECTION('',(1.,0.,-0.));
#5995 = ORIENTED_EDGE('',*,*,#4564,.T.);
#5996 = ORIENTED_EDGE('',*,*,#4572,.T.);
#5997 = ORIENTED_EDGE('',*,*,#4580,.T.);
#5998 = PLANE('',#5999);
#5999 = AXIS2_PLACEMENT_3D('',#6000,#6001,#6002);
#6000 = CARTESIAN_POINT('',(-0.1,-15.54,0.2));
#6001 = DIRECTION('',(0.,-0.,-1.));
#6002 = DIRECTION('',(-1.110223024625E-16,-1.,0.));
#6003 = ADVANCED_FACE('',(#6004),#6045,.T.);
#6004 = FACE_BOUND('',#6005,.T.);
#6005 = EDGE_LOOP('',(#6006,#6014,#6015,#6023,#6031,#6039));
#6006 = ORIENTED_EDGE('',*,*,#6007,.T.);
#6007 = EDGE_CURVE('',#6008,#4549,#6010,.T.);
#6008 = VERTEX_POINT('',#6009);
#6009 = CARTESIAN_POINT('',(-0.1,-15.54,-2.5));
#6010 = LINE('',#6011,#6012);
#6011 = CARTESIAN_POINT('',(-0.1,-15.54,-2.5));
#6012 = VECTOR('',#6013,1.);
#6013 = DIRECTION('',(0.,0.,1.));
#6014 = ORIENTED_EDGE('',*,*,#4556,.F.);
#6015 = ORIENTED_EDGE('',*,*,#6016,.T.);
#6016 = EDGE_CURVE('',#4557,#6017,#6019,.T.);
#6017 = VERTEX_POINT('',#6018);
#6018 = CARTESIAN_POINT('',(-0.1,-14.94,-2.5));
#6019 = LINE('',#6020,#6021);
#6020 = CARTESIAN_POINT('',(-0.1,-14.94,0.2));
#6021 = VECTOR('',#6022,1.);
#6022 = DIRECTION('',(0.,-0.,-1.));
#6023 = ORIENTED_EDGE('',*,*,#6024,.T.);
#6024 = EDGE_CURVE('',#6017,#6025,#6027,.T.);
#6025 = VERTEX_POINT('',#6026);
#6026 = CARTESIAN_POINT('',(-0.1,-15.09,-3.1));
#6027 = LINE('',#6028,#6029);
#6028 = CARTESIAN_POINT('',(-0.1,-14.94,-2.5));
#6029 = VECTOR('',#6030,1.);
#6030 = DIRECTION('',(-2.692686352073E-17,-0.242535625036,
    -0.970142500145));
#6031 = ORIENTED_EDGE('',*,*,#6032,.F.);
#6032 = EDGE_CURVE('',#6033,#6025,#6035,.T.);
#6033 = VERTEX_POINT('',#6034);
#6034 = CARTESIAN_POINT('',(-0.1,-15.39,-3.1));
#6035 = LINE('',#6036,#6037);
#6036 = CARTESIAN_POINT('',(-0.1,-15.39,-3.1));
#6037 = VECTOR('',#6038,1.);
#6038 = DIRECTION('',(1.110223024625E-16,1.,0.));
#6039 = ORIENTED_EDGE('',*,*,#6040,.T.);
#6040 = EDGE_CURVE('',#6033,#6008,#6041,.T.);
#6041 = LINE('',#6042,#6043);
#6042 = CARTESIAN_POINT('',(-0.1,-15.39,-3.1));
#6043 = VECTOR('',#6044,1.);
#6044 = DIRECTION('',(-2.692686352073E-17,-0.242535625036,0.970142500145
    ));
#6045 = PLANE('',#6046);
#6046 = AXIS2_PLACEMENT_3D('',#6047,#6048,#6049);
#6047 = CARTESIAN_POINT('',(-0.1,-15.24,3.911477598424));
#6048 = DIRECTION('',(-1.,1.110223024625E-16,0.));
#6049 = DIRECTION('',(0.,0.,1.));
#6050 = ADVANCED_FACE('',(#6051),#6062,.T.);
#6051 = FACE_BOUND('',#6052,.T.);
#6052 = EDGE_LOOP('',(#6053,#6054,#6055,#6061));
#6053 = ORIENTED_EDGE('',*,*,#4604,.F.);
#6054 = ORIENTED_EDGE('',*,*,#4614,.T.);
#6055 = ORIENTED_EDGE('',*,*,#6056,.T.);
#6056 = EDGE_CURVE('',#4615,#4655,#6057,.T.);
#6057 = LINE('',#6058,#6059);
#6058 = CARTESIAN_POINT('',(-0.1,-13.,0.2));
#6059 = VECTOR('',#6060,1.);
#6060 = DIRECTION('',(1.,0.,-0.));
#6061 = ORIENTED_EDGE('',*,*,#4662,.T.);
#6062 = PLANE('',#6063);
#6063 = AXIS2_PLACEMENT_3D('',#6064,#6065,#6066);
#6064 = CARTESIAN_POINT('',(-0.1,-13.,0.2));
#6065 = DIRECTION('',(0.,-0.,-1.));
#6066 = DIRECTION('',(-1.110223024625E-16,-1.,0.));
#6067 = ADVANCED_FACE('',(#6068),#6109,.F.);
#6068 = FACE_BOUND('',#6069,.F.);
#6069 = EDGE_LOOP('',(#6070,#6078,#6079,#6087,#6095,#6103));
#6070 = ORIENTED_EDGE('',*,*,#6071,.T.);
#6071 = EDGE_CURVE('',#6072,#4655,#6074,.T.);
#6072 = VERTEX_POINT('',#6073);
#6073 = CARTESIAN_POINT('',(0.1,-13.,-2.5));
#6074 = LINE('',#6075,#6076);
#6075 = CARTESIAN_POINT('',(0.1,-13.,-2.5));
#6076 = VECTOR('',#6077,1.);
#6077 = DIRECTION('',(0.,0.,1.));
#6078 = ORIENTED_EDGE('',*,*,#4654,.F.);
#6079 = ORIENTED_EDGE('',*,*,#6080,.T.);
#6080 = EDGE_CURVE('',#4647,#6081,#6083,.T.);
#6081 = VERTEX_POINT('',#6082);
#6082 = CARTESIAN_POINT('',(0.1,-12.4,-2.5));
#6083 = LINE('',#6084,#6085);
#6084 = CARTESIAN_POINT('',(0.1,-12.4,0.2));
#6085 = VECTOR('',#6086,1.);
#6086 = DIRECTION('',(0.,-0.,-1.));
#6087 = ORIENTED_EDGE('',*,*,#6088,.T.);
#6088 = EDGE_CURVE('',#6081,#6089,#6091,.T.);
#6089 = VERTEX_POINT('',#6090);
#6090 = CARTESIAN_POINT('',(0.1,-12.55,-3.1));
#6091 = LINE('',#6092,#6093);
#6092 = CARTESIAN_POINT('',(0.1,-12.4,-2.5));
#6093 = VECTOR('',#6094,1.);
#6094 = DIRECTION('',(-2.692686352073E-17,-0.242535625036,
    -0.970142500145));
#6095 = ORIENTED_EDGE('',*,*,#6096,.T.);
#6096 = EDGE_CURVE('',#6089,#6097,#6099,.T.);
#6097 = VERTEX_POINT('',#6098);
#6098 = CARTESIAN_POINT('',(0.1,-12.85,-3.1));
#6099 = LINE('',#6100,#6101);
#6100 = CARTESIAN_POINT('',(0.1,-12.55,-3.1));
#6101 = VECTOR('',#6102,1.);
#6102 = DIRECTION('',(-1.110223024625E-16,-1.,0.));
#6103 = ORIENTED_EDGE('',*,*,#6104,.T.);
#6104 = EDGE_CURVE('',#6097,#6072,#6105,.T.);
#6105 = LINE('',#6106,#6107);
#6106 = CARTESIAN_POINT('',(0.1,-12.85,-3.1));
#6107 = VECTOR('',#6108,1.);
#6108 = DIRECTION('',(-2.692686352073E-17,-0.242535625036,0.970142500145
    ));
#6109 = PLANE('',#6110);
#6110 = AXIS2_PLACEMENT_3D('',#6111,#6112,#6113);
#6111 = CARTESIAN_POINT('',(0.1,-12.7,3.911477598424));
#6112 = DIRECTION('',(-1.,1.110223024625E-16,0.));
#6113 = DIRECTION('',(0.,0.,1.));
#6114 = ADVANCED_FACE('',(#6115),#6126,.T.);
#6115 = FACE_BOUND('',#6116,.T.);
#6116 = EDGE_LOOP('',(#6117,#6123,#6124,#6125));
#6117 = ORIENTED_EDGE('',*,*,#6118,.F.);
#6118 = EDGE_CURVE('',#4623,#4647,#6119,.T.);
#6119 = LINE('',#6120,#6121);
#6120 = CARTESIAN_POINT('',(-0.1,-12.4,0.2));
#6121 = VECTOR('',#6122,1.);
#6122 = DIRECTION('',(1.,0.,-0.));
#6123 = ORIENTED_EDGE('',*,*,#4630,.T.);
#6124 = ORIENTED_EDGE('',*,*,#4638,.T.);
#6125 = ORIENTED_EDGE('',*,*,#4646,.T.);
#6126 = PLANE('',#6127);
#6127 = AXIS2_PLACEMENT_3D('',#6128,#6129,#6130);
#6128 = CARTESIAN_POINT('',(-0.1,-13.,0.2));
#6129 = DIRECTION('',(0.,-0.,-1.));
#6130 = DIRECTION('',(-1.110223024625E-16,-1.,0.));
#6131 = ADVANCED_FACE('',(#6132),#6173,.T.);
#6132 = FACE_BOUND('',#6133,.T.);
#6133 = EDGE_LOOP('',(#6134,#6142,#6143,#6151,#6159,#6167));
#6134 = ORIENTED_EDGE('',*,*,#6135,.T.);
#6135 = EDGE_CURVE('',#6136,#4615,#6138,.T.);
#6136 = VERTEX_POINT('',#6137);
#6137 = CARTESIAN_POINT('',(-0.1,-13.,-2.5));
#6138 = LINE('',#6139,#6140);
#6139 = CARTESIAN_POINT('',(-0.1,-13.,-2.5));
#6140 = VECTOR('',#6141,1.);
#6141 = DIRECTION('',(0.,0.,1.));
#6142 = ORIENTED_EDGE('',*,*,#4622,.F.);
#6143 = ORIENTED_EDGE('',*,*,#6144,.T.);
#6144 = EDGE_CURVE('',#4623,#6145,#6147,.T.);
#6145 = VERTEX_POINT('',#6146);
#6146 = CARTESIAN_POINT('',(-0.1,-12.4,-2.5));
#6147 = LINE('',#6148,#6149);
#6148 = CARTESIAN_POINT('',(-0.1,-12.4,0.2));
#6149 = VECTOR('',#6150,1.);
#6150 = DIRECTION('',(0.,-0.,-1.));
#6151 = ORIENTED_EDGE('',*,*,#6152,.T.);
#6152 = EDGE_CURVE('',#6145,#6153,#6155,.T.);
#6153 = VERTEX_POINT('',#6154);
#6154 = CARTESIAN_POINT('',(-0.1,-12.55,-3.1));
#6155 = LINE('',#6156,#6157);
#6156 = CARTESIAN_POINT('',(-0.1,-12.4,-2.5));
#6157 = VECTOR('',#6158,1.);
#6158 = DIRECTION('',(-2.692686352073E-17,-0.242535625036,
    -0.970142500145));
#6159 = ORIENTED_EDGE('',*,*,#6160,.F.);
#6160 = EDGE_CURVE('',#6161,#6153,#6163,.T.);
#6161 = VERTEX_POINT('',#6162);
#6162 = CARTESIAN_POINT('',(-0.1,-12.85,-3.1));
#6163 = LINE('',#6164,#6165);
#6164 = CARTESIAN_POINT('',(-0.1,-12.85,-3.1));
#6165 = VECTOR('',#6166,1.);
#6166 = DIRECTION('',(1.110223024625E-16,1.,0.));
#6167 = ORIENTED_EDGE('',*,*,#6168,.T.);
#6168 = EDGE_CURVE('',#6161,#6136,#6169,.T.);
#6169 = LINE('',#6170,#6171);
#6170 = CARTESIAN_POINT('',(-0.1,-12.85,-3.1));
#6171 = VECTOR('',#6172,1.);
#6172 = DIRECTION('',(-2.692686352073E-17,-0.242535625036,0.970142500145
    ));
#6173 = PLANE('',#6174);
#6174 = AXIS2_PLACEMENT_3D('',#6175,#6176,#6177);
#6175 = CARTESIAN_POINT('',(-0.1,-12.7,3.911477598424));
#6176 = DIRECTION('',(-1.,1.110223024625E-16,0.));
#6177 = DIRECTION('',(0.,0.,1.));
#6178 = ADVANCED_FACE('',(#6179),#6190,.T.);
#6179 = FACE_BOUND('',#6180,.T.);
#6180 = EDGE_LOOP('',(#6181,#6182,#6183,#6189));
#6181 = ORIENTED_EDGE('',*,*,#4670,.F.);
#6182 = ORIENTED_EDGE('',*,*,#4680,.T.);
#6183 = ORIENTED_EDGE('',*,*,#6184,.T.);
#6184 = EDGE_CURVE('',#4681,#4721,#6185,.T.);
#6185 = LINE('',#6186,#6187);
#6186 = CARTESIAN_POINT('',(-0.1,-10.46,0.2));
#6187 = VECTOR('',#6188,1.);
#6188 = DIRECTION('',(1.,0.,-0.));
#6189 = ORIENTED_EDGE('',*,*,#4728,.T.);
#6190 = PLANE('',#6191);
#6191 = AXIS2_PLACEMENT_3D('',#6192,#6193,#6194);
#6192 = CARTESIAN_POINT('',(-0.1,-10.46,0.2));
#6193 = DIRECTION('',(0.,-0.,-1.));
#6194 = DIRECTION('',(-1.110223024625E-16,-1.,0.));
#6195 = ADVANCED_FACE('',(#6196),#6237,.F.);
#6196 = FACE_BOUND('',#6197,.F.);
#6197 = EDGE_LOOP('',(#6198,#6206,#6207,#6215,#6223,#6231));
#6198 = ORIENTED_EDGE('',*,*,#6199,.T.);
#6199 = EDGE_CURVE('',#6200,#4721,#6202,.T.);
#6200 = VERTEX_POINT('',#6201);
#6201 = CARTESIAN_POINT('',(0.1,-10.46,-2.5));
#6202 = LINE('',#6203,#6204);
#6203 = CARTESIAN_POINT('',(0.1,-10.46,-2.5));
#6204 = VECTOR('',#6205,1.);
#6205 = DIRECTION('',(0.,0.,1.));
#6206 = ORIENTED_EDGE('',*,*,#4720,.F.);
#6207 = ORIENTED_EDGE('',*,*,#6208,.T.);
#6208 = EDGE_CURVE('',#4713,#6209,#6211,.T.);
#6209 = VERTEX_POINT('',#6210);
#6210 = CARTESIAN_POINT('',(0.1,-9.86,-2.5));
#6211 = LINE('',#6212,#6213);
#6212 = CARTESIAN_POINT('',(0.1,-9.86,0.2));
#6213 = VECTOR('',#6214,1.);
#6214 = DIRECTION('',(0.,-0.,-1.));
#6215 = ORIENTED_EDGE('',*,*,#6216,.T.);
#6216 = EDGE_CURVE('',#6209,#6217,#6219,.T.);
#6217 = VERTEX_POINT('',#6218);
#6218 = CARTESIAN_POINT('',(0.1,-10.01,-3.1));
#6219 = LINE('',#6220,#6221);
#6220 = CARTESIAN_POINT('',(0.1,-9.86,-2.5));
#6221 = VECTOR('',#6222,1.);
#6222 = DIRECTION('',(-2.692686352073E-17,-0.242535625036,
    -0.970142500145));
#6223 = ORIENTED_EDGE('',*,*,#6224,.T.);
#6224 = EDGE_CURVE('',#6217,#6225,#6227,.T.);
#6225 = VERTEX_POINT('',#6226);
#6226 = CARTESIAN_POINT('',(0.1,-10.31,-3.1));
#6227 = LINE('',#6228,#6229);
#6228 = CARTESIAN_POINT('',(0.1,-10.01,-3.1));
#6229 = VECTOR('',#6230,1.);
#6230 = DIRECTION('',(-1.110223024625E-16,-1.,0.));
#6231 = ORIENTED_EDGE('',*,*,#6232,.T.);
#6232 = EDGE_CURVE('',#6225,#6200,#6233,.T.);
#6233 = LINE('',#6234,#6235);
#6234 = CARTESIAN_POINT('',(0.1,-10.31,-3.1));
#6235 = VECTOR('',#6236,1.);
#6236 = DIRECTION('',(-2.692686352073E-17,-0.242535625036,0.970142500145
    ));
#6237 = PLANE('',#6238);
#6238 = AXIS2_PLACEMENT_3D('',#6239,#6240,#6241);
#6239 = CARTESIAN_POINT('',(0.1,-10.16,3.911477598424));
#6240 = DIRECTION('',(-1.,1.110223024625E-16,0.));
#6241 = DIRECTION('',(0.,0.,1.));
#6242 = ADVANCED_FACE('',(#6243),#6254,.T.);
#6243 = FACE_BOUND('',#6244,.T.);
#6244 = EDGE_LOOP('',(#6245,#6251,#6252,#6253));
#6245 = ORIENTED_EDGE('',*,*,#6246,.F.);
#6246 = EDGE_CURVE('',#4689,#4713,#6247,.T.);
#6247 = LINE('',#6248,#6249);
#6248 = CARTESIAN_POINT('',(-0.1,-9.86,0.2));
#6249 = VECTOR('',#6250,1.);
#6250 = DIRECTION('',(1.,0.,-0.));
#6251 = ORIENTED_EDGE('',*,*,#4696,.T.);
#6252 = ORIENTED_EDGE('',*,*,#4704,.T.);
#6253 = ORIENTED_EDGE('',*,*,#4712,.T.);
#6254 = PLANE('',#6255);
#6255 = AXIS2_PLACEMENT_3D('',#6256,#6257,#6258);
#6256 = CARTESIAN_POINT('',(-0.1,-10.46,0.2));
#6257 = DIRECTION('',(0.,-0.,-1.));
#6258 = DIRECTION('',(-1.110223024625E-16,-1.,0.));
#6259 = ADVANCED_FACE('',(#6260),#6301,.T.);
#6260 = FACE_BOUND('',#6261,.T.);
#6261 = EDGE_LOOP('',(#6262,#6270,#6271,#6279,#6287,#6295));
#6262 = ORIENTED_EDGE('',*,*,#6263,.T.);
#6263 = EDGE_CURVE('',#6264,#4681,#6266,.T.);
#6264 = VERTEX_POINT('',#6265);
#6265 = CARTESIAN_POINT('',(-0.1,-10.46,-2.5));
#6266 = LINE('',#6267,#6268);
#6267 = CARTESIAN_POINT('',(-0.1,-10.46,-2.5));
#6268 = VECTOR('',#6269,1.);
#6269 = DIRECTION('',(0.,0.,1.));
#6270 = ORIENTED_EDGE('',*,*,#4688,.F.);
#6271 = ORIENTED_EDGE('',*,*,#6272,.T.);
#6272 = EDGE_CURVE('',#4689,#6273,#6275,.T.);
#6273 = VERTEX_POINT('',#6274);
#6274 = CARTESIAN_POINT('',(-0.1,-9.86,-2.5));
#6275 = LINE('',#6276,#6277);
#6276 = CARTESIAN_POINT('',(-0.1,-9.86,0.2));
#6277 = VECTOR('',#6278,1.);
#6278 = DIRECTION('',(0.,-0.,-1.));
#6279 = ORIENTED_EDGE('',*,*,#6280,.T.);
#6280 = EDGE_CURVE('',#6273,#6281,#6283,.T.);
#6281 = VERTEX_POINT('',#6282);
#6282 = CARTESIAN_POINT('',(-0.1,-10.01,-3.1));
#6283 = LINE('',#6284,#6285);
#6284 = CARTESIAN_POINT('',(-0.1,-9.86,-2.5));
#6285 = VECTOR('',#6286,1.);
#6286 = DIRECTION('',(-2.692686352073E-17,-0.242535625036,
    -0.970142500145));
#6287 = ORIENTED_EDGE('',*,*,#6288,.F.);
#6288 = EDGE_CURVE('',#6289,#6281,#6291,.T.);
#6289 = VERTEX_POINT('',#6290);
#6290 = CARTESIAN_POINT('',(-0.1,-10.31,-3.1));
#6291 = LINE('',#6292,#6293);
#6292 = CARTESIAN_POINT('',(-0.1,-10.31,-3.1));
#6293 = VECTOR('',#6294,1.);
#6294 = DIRECTION('',(1.110223024625E-16,1.,0.));
#6295 = ORIENTED_EDGE('',*,*,#6296,.T.);
#6296 = EDGE_CURVE('',#6289,#6264,#6297,.T.);
#6297 = LINE('',#6298,#6299);
#6298 = CARTESIAN_POINT('',(-0.1,-10.31,-3.1));
#6299 = VECTOR('',#6300,1.);
#6300 = DIRECTION('',(-2.692686352073E-17,-0.242535625036,0.970142500145
    ));
#6301 = PLANE('',#6302);
#6302 = AXIS2_PLACEMENT_3D('',#6303,#6304,#6305);
#6303 = CARTESIAN_POINT('',(-0.1,-10.16,3.911477598424));
#6304 = DIRECTION('',(-1.,1.110223024625E-16,0.));
#6305 = DIRECTION('',(0.,0.,1.));
#6306 = ADVANCED_FACE('',(#6307),#6318,.T.);
#6307 = FACE_BOUND('',#6308,.T.);
#6308 = EDGE_LOOP('',(#6309,#6310,#6311,#6317));
#6309 = ORIENTED_EDGE('',*,*,#4736,.F.);
#6310 = ORIENTED_EDGE('',*,*,#4746,.T.);
#6311 = ORIENTED_EDGE('',*,*,#6312,.T.);
#6312 = EDGE_CURVE('',#4747,#4787,#6313,.T.);
#6313 = LINE('',#6314,#6315);
#6314 = CARTESIAN_POINT('',(-0.1,-7.92,0.2));
#6315 = VECTOR('',#6316,1.);
#6316 = DIRECTION('',(1.,0.,-0.));
#6317 = ORIENTED_EDGE('',*,*,#4794,.T.);
#6318 = PLANE('',#6319);
#6319 = AXIS2_PLACEMENT_3D('',#6320,#6321,#6322);
#6320 = CARTESIAN_POINT('',(-0.1,-7.92,0.2));
#6321 = DIRECTION('',(0.,-0.,-1.));
#6322 = DIRECTION('',(-1.110223024625E-16,-1.,0.));
#6323 = ADVANCED_FACE('',(#6324),#6365,.F.);
#6324 = FACE_BOUND('',#6325,.F.);
#6325 = EDGE_LOOP('',(#6326,#6334,#6335,#6343,#6351,#6359));
#6326 = ORIENTED_EDGE('',*,*,#6327,.T.);
#6327 = EDGE_CURVE('',#6328,#4787,#6330,.T.);
#6328 = VERTEX_POINT('',#6329);
#6329 = CARTESIAN_POINT('',(0.1,-7.92,-2.5));
#6330 = LINE('',#6331,#6332);
#6331 = CARTESIAN_POINT('',(0.1,-7.92,-2.5));
#6332 = VECTOR('',#6333,1.);
#6333 = DIRECTION('',(0.,0.,1.));
#6334 = ORIENTED_EDGE('',*,*,#4786,.F.);
#6335 = ORIENTED_EDGE('',*,*,#6336,.T.);
#6336 = EDGE_CURVE('',#4779,#6337,#6339,.T.);
#6337 = VERTEX_POINT('',#6338);
#6338 = CARTESIAN_POINT('',(0.1,-7.32,-2.5));
#6339 = LINE('',#6340,#6341);
#6340 = CARTESIAN_POINT('',(0.1,-7.32,0.2));
#6341 = VECTOR('',#6342,1.);
#6342 = DIRECTION('',(0.,-0.,-1.));
#6343 = ORIENTED_EDGE('',*,*,#6344,.T.);
#6344 = EDGE_CURVE('',#6337,#6345,#6347,.T.);
#6345 = VERTEX_POINT('',#6346);
#6346 = CARTESIAN_POINT('',(0.1,-7.47,-3.1));
#6347 = LINE('',#6348,#6349);
#6348 = CARTESIAN_POINT('',(0.1,-7.32,-2.5));
#6349 = VECTOR('',#6350,1.);
#6350 = DIRECTION('',(-2.692686352073E-17,-0.242535625036,
    -0.970142500145));
#6351 = ORIENTED_EDGE('',*,*,#6352,.T.);
#6352 = EDGE_CURVE('',#6345,#6353,#6355,.T.);
#6353 = VERTEX_POINT('',#6354);
#6354 = CARTESIAN_POINT('',(0.1,-7.77,-3.1));
#6355 = LINE('',#6356,#6357);
#6356 = CARTESIAN_POINT('',(0.1,-7.47,-3.1));
#6357 = VECTOR('',#6358,1.);
#6358 = DIRECTION('',(-1.110223024625E-16,-1.,0.));
#6359 = ORIENTED_EDGE('',*,*,#6360,.T.);
#6360 = EDGE_CURVE('',#6353,#6328,#6361,.T.);
#6361 = LINE('',#6362,#6363);
#6362 = CARTESIAN_POINT('',(0.1,-7.77,-3.1));
#6363 = VECTOR('',#6364,1.);
#6364 = DIRECTION('',(-2.692686352073E-17,-0.242535625036,0.970142500145
    ));
#6365 = PLANE('',#6366);
#6366 = AXIS2_PLACEMENT_3D('',#6367,#6368,#6369);
#6367 = CARTESIAN_POINT('',(0.1,-7.62,3.911477598424));
#6368 = DIRECTION('',(-1.,1.110223024625E-16,0.));
#6369 = DIRECTION('',(0.,0.,1.));
#6370 = ADVANCED_FACE('',(#6371),#6382,.T.);
#6371 = FACE_BOUND('',#6372,.T.);
#6372 = EDGE_LOOP('',(#6373,#6379,#6380,#6381));
#6373 = ORIENTED_EDGE('',*,*,#6374,.F.);
#6374 = EDGE_CURVE('',#4755,#4779,#6375,.T.);
#6375 = LINE('',#6376,#6377);
#6376 = CARTESIAN_POINT('',(-0.1,-7.32,0.2));
#6377 = VECTOR('',#6378,1.);
#6378 = DIRECTION('',(1.,0.,-0.));
#6379 = ORIENTED_EDGE('',*,*,#4762,.T.);
#6380 = ORIENTED_EDGE('',*,*,#4770,.T.);
#6381 = ORIENTED_EDGE('',*,*,#4778,.T.);
#6382 = PLANE('',#6383);
#6383 = AXIS2_PLACEMENT_3D('',#6384,#6385,#6386);
#6384 = CARTESIAN_POINT('',(-0.1,-7.92,0.2));
#6385 = DIRECTION('',(0.,-0.,-1.));
#6386 = DIRECTION('',(-1.110223024625E-16,-1.,0.));
#6387 = ADVANCED_FACE('',(#6388),#6429,.T.);
#6388 = FACE_BOUND('',#6389,.T.);
#6389 = EDGE_LOOP('',(#6390,#6398,#6399,#6407,#6415,#6423));
#6390 = ORIENTED_EDGE('',*,*,#6391,.T.);
#6391 = EDGE_CURVE('',#6392,#4747,#6394,.T.);
#6392 = VERTEX_POINT('',#6393);
#6393 = CARTESIAN_POINT('',(-0.1,-7.92,-2.5));
#6394 = LINE('',#6395,#6396);
#6395 = CARTESIAN_POINT('',(-0.1,-7.92,-2.5));
#6396 = VECTOR('',#6397,1.);
#6397 = DIRECTION('',(0.,0.,1.));
#6398 = ORIENTED_EDGE('',*,*,#4754,.F.);
#6399 = ORIENTED_EDGE('',*,*,#6400,.T.);
#6400 = EDGE_CURVE('',#4755,#6401,#6403,.T.);
#6401 = VERTEX_POINT('',#6402);
#6402 = CARTESIAN_POINT('',(-0.1,-7.32,-2.5));
#6403 = LINE('',#6404,#6405);
#6404 = CARTESIAN_POINT('',(-0.1,-7.32,0.2));
#6405 = VECTOR('',#6406,1.);
#6406 = DIRECTION('',(0.,-0.,-1.));
#6407 = ORIENTED_EDGE('',*,*,#6408,.T.);
#6408 = EDGE_CURVE('',#6401,#6409,#6411,.T.);
#6409 = VERTEX_POINT('',#6410);
#6410 = CARTESIAN_POINT('',(-0.1,-7.47,-3.1));
#6411 = LINE('',#6412,#6413);
#6412 = CARTESIAN_POINT('',(-0.1,-7.32,-2.5));
#6413 = VECTOR('',#6414,1.);
#6414 = DIRECTION('',(-2.692686352073E-17,-0.242535625036,
    -0.970142500145));
#6415 = ORIENTED_EDGE('',*,*,#6416,.F.);
#6416 = EDGE_CURVE('',#6417,#6409,#6419,.T.);
#6417 = VERTEX_POINT('',#6418);
#6418 = CARTESIAN_POINT('',(-0.1,-7.77,-3.1));
#6419 = LINE('',#6420,#6421);
#6420 = CARTESIAN_POINT('',(-0.1,-7.77,-3.1));
#6421 = VECTOR('',#6422,1.);
#6422 = DIRECTION('',(1.110223024625E-16,1.,0.));
#6423 = ORIENTED_EDGE('',*,*,#6424,.T.);
#6424 = EDGE_CURVE('',#6417,#6392,#6425,.T.);
#6425 = LINE('',#6426,#6427);
#6426 = CARTESIAN_POINT('',(-0.1,-7.77,-3.1));
#6427 = VECTOR('',#6428,1.);
#6428 = DIRECTION('',(-2.692686352073E-17,-0.242535625036,0.970142500145
    ));
#6429 = PLANE('',#6430);
#6430 = AXIS2_PLACEMENT_3D('',#6431,#6432,#6433);
#6431 = CARTESIAN_POINT('',(-0.1,-7.62,3.911477598424));
#6432 = DIRECTION('',(-1.,1.110223024625E-16,0.));
#6433 = DIRECTION('',(0.,0.,1.));
#6434 = ADVANCED_FACE('',(#6435),#6446,.T.);
#6435 = FACE_BOUND('',#6436,.T.);
#6436 = EDGE_LOOP('',(#6437,#6438,#6439,#6445));
#6437 = ORIENTED_EDGE('',*,*,#4802,.F.);
#6438 = ORIENTED_EDGE('',*,*,#4812,.T.);
#6439 = ORIENTED_EDGE('',*,*,#6440,.T.);
#6440 = EDGE_CURVE('',#4813,#4853,#6441,.T.);
#6441 = LINE('',#6442,#6443);
#6442 = CARTESIAN_POINT('',(-0.1,-5.38,0.2));
#6443 = VECTOR('',#6444,1.);
#6444 = DIRECTION('',(1.,0.,-0.));
#6445 = ORIENTED_EDGE('',*,*,#4860,.T.);
#6446 = PLANE('',#6447);
#6447 = AXIS2_PLACEMENT_3D('',#6448,#6449,#6450);
#6448 = CARTESIAN_POINT('',(-0.1,-5.38,0.2));
#6449 = DIRECTION('',(0.,-0.,-1.));
#6450 = DIRECTION('',(-1.110223024625E-16,-1.,0.));
#6451 = ADVANCED_FACE('',(#6452),#6493,.F.);
#6452 = FACE_BOUND('',#6453,.F.);
#6453 = EDGE_LOOP('',(#6454,#6462,#6463,#6471,#6479,#6487));
#6454 = ORIENTED_EDGE('',*,*,#6455,.T.);
#6455 = EDGE_CURVE('',#6456,#4853,#6458,.T.);
#6456 = VERTEX_POINT('',#6457);
#6457 = CARTESIAN_POINT('',(0.1,-5.38,-2.5));
#6458 = LINE('',#6459,#6460);
#6459 = CARTESIAN_POINT('',(0.1,-5.38,-2.5));
#6460 = VECTOR('',#6461,1.);
#6461 = DIRECTION('',(0.,0.,1.));
#6462 = ORIENTED_EDGE('',*,*,#4852,.F.);
#6463 = ORIENTED_EDGE('',*,*,#6464,.T.);
#6464 = EDGE_CURVE('',#4845,#6465,#6467,.T.);
#6465 = VERTEX_POINT('',#6466);
#6466 = CARTESIAN_POINT('',(0.1,-4.78,-2.5));
#6467 = LINE('',#6468,#6469);
#6468 = CARTESIAN_POINT('',(0.1,-4.78,0.2));
#6469 = VECTOR('',#6470,1.);
#6470 = DIRECTION('',(0.,-0.,-1.));
#6471 = ORIENTED_EDGE('',*,*,#6472,.T.);
#6472 = EDGE_CURVE('',#6465,#6473,#6475,.T.);
#6473 = VERTEX_POINT('',#6474);
#6474 = CARTESIAN_POINT('',(0.1,-4.93,-3.1));
#6475 = LINE('',#6476,#6477);
#6476 = CARTESIAN_POINT('',(0.1,-4.78,-2.5));
#6477 = VECTOR('',#6478,1.);
#6478 = DIRECTION('',(-2.692686352073E-17,-0.242535625036,
    -0.970142500145));
#6479 = ORIENTED_EDGE('',*,*,#6480,.T.);
#6480 = EDGE_CURVE('',#6473,#6481,#6483,.T.);
#6481 = VERTEX_POINT('',#6482);
#6482 = CARTESIAN_POINT('',(0.1,-5.23,-3.1));
#6483 = LINE('',#6484,#6485);
#6484 = CARTESIAN_POINT('',(0.1,-4.93,-3.1));
#6485 = VECTOR('',#6486,1.);
#6486 = DIRECTION('',(-1.110223024625E-16,-1.,0.));
#6487 = ORIENTED_EDGE('',*,*,#6488,.T.);
#6488 = EDGE_CURVE('',#6481,#6456,#6489,.T.);
#6489 = LINE('',#6490,#6491);
#6490 = CARTESIAN_POINT('',(0.1,-5.23,-3.1));
#6491 = VECTOR('',#6492,1.);
#6492 = DIRECTION('',(-2.692686352073E-17,-0.242535625036,0.970142500145
    ));
#6493 = PLANE('',#6494);
#6494 = AXIS2_PLACEMENT_3D('',#6495,#6496,#6497);
#6495 = CARTESIAN_POINT('',(0.1,-5.08,3.911477598424));
#6496 = DIRECTION('',(-1.,1.110223024625E-16,0.));
#6497 = DIRECTION('',(0.,0.,1.));
#6498 = ADVANCED_FACE('',(#6499),#6510,.T.);
#6499 = FACE_BOUND('',#6500,.T.);
#6500 = EDGE_LOOP('',(#6501,#6507,#6508,#6509));
#6501 = ORIENTED_EDGE('',*,*,#6502,.F.);
#6502 = EDGE_CURVE('',#4821,#4845,#6503,.T.);
#6503 = LINE('',#6504,#6505);
#6504 = CARTESIAN_POINT('',(-0.1,-4.78,0.2));
#6505 = VECTOR('',#6506,1.);
#6506 = DIRECTION('',(1.,0.,-0.));
#6507 = ORIENTED_EDGE('',*,*,#4828,.T.);
#6508 = ORIENTED_EDGE('',*,*,#4836,.T.);
#6509 = ORIENTED_EDGE('',*,*,#4844,.T.);
#6510 = PLANE('',#6511);
#6511 = AXIS2_PLACEMENT_3D('',#6512,#6513,#6514);
#6512 = CARTESIAN_POINT('',(-0.1,-5.38,0.2));
#6513 = DIRECTION('',(0.,-0.,-1.));
#6514 = DIRECTION('',(-1.110223024625E-16,-1.,0.));
#6515 = ADVANCED_FACE('',(#6516),#6557,.T.);
#6516 = FACE_BOUND('',#6517,.T.);
#6517 = EDGE_LOOP('',(#6518,#6526,#6527,#6535,#6543,#6551));
#6518 = ORIENTED_EDGE('',*,*,#6519,.T.);
#6519 = EDGE_CURVE('',#6520,#4813,#6522,.T.);
#6520 = VERTEX_POINT('',#6521);
#6521 = CARTESIAN_POINT('',(-0.1,-5.38,-2.5));
#6522 = LINE('',#6523,#6524);
#6523 = CARTESIAN_POINT('',(-0.1,-5.38,-2.5));
#6524 = VECTOR('',#6525,1.);
#6525 = DIRECTION('',(0.,0.,1.));
#6526 = ORIENTED_EDGE('',*,*,#4820,.F.);
#6527 = ORIENTED_EDGE('',*,*,#6528,.T.);
#6528 = EDGE_CURVE('',#4821,#6529,#6531,.T.);
#6529 = VERTEX_POINT('',#6530);
#6530 = CARTESIAN_POINT('',(-0.1,-4.78,-2.5));
#6531 = LINE('',#6532,#6533);
#6532 = CARTESIAN_POINT('',(-0.1,-4.78,0.2));
#6533 = VECTOR('',#6534,1.);
#6534 = DIRECTION('',(0.,-0.,-1.));
#6535 = ORIENTED_EDGE('',*,*,#6536,.T.);
#6536 = EDGE_CURVE('',#6529,#6537,#6539,.T.);
#6537 = VERTEX_POINT('',#6538);
#6538 = CARTESIAN_POINT('',(-0.1,-4.93,-3.1));
#6539 = LINE('',#6540,#6541);
#6540 = CARTESIAN_POINT('',(-0.1,-4.78,-2.5));
#6541 = VECTOR('',#6542,1.);
#6542 = DIRECTION('',(-2.692686352073E-17,-0.242535625036,
    -0.970142500145));
#6543 = ORIENTED_EDGE('',*,*,#6544,.F.);
#6544 = EDGE_CURVE('',#6545,#6537,#6547,.T.);
#6545 = VERTEX_POINT('',#6546);
#6546 = CARTESIAN_POINT('',(-0.1,-5.23,-3.1));
#6547 = LINE('',#6548,#6549);
#6548 = CARTESIAN_POINT('',(-0.1,-5.23,-3.1));
#6549 = VECTOR('',#6550,1.);
#6550 = DIRECTION('',(1.110223024625E-16,1.,0.));
#6551 = ORIENTED_EDGE('',*,*,#6552,.T.);
#6552 = EDGE_CURVE('',#6545,#6520,#6553,.T.);
#6553 = LINE('',#6554,#6555);
#6554 = CARTESIAN_POINT('',(-0.1,-5.23,-3.1));
#6555 = VECTOR('',#6556,1.);
#6556 = DIRECTION('',(-2.692686352073E-17,-0.242535625036,0.970142500145
    ));
#6557 = PLANE('',#6558);
#6558 = AXIS2_PLACEMENT_3D('',#6559,#6560,#6561);
#6559 = CARTESIAN_POINT('',(-0.1,-5.08,3.911477598424));
#6560 = DIRECTION('',(-1.,1.110223024625E-16,0.));
#6561 = DIRECTION('',(0.,0.,1.));
#6562 = ADVANCED_FACE('',(#6563),#6574,.T.);
#6563 = FACE_BOUND('',#6564,.T.);
#6564 = EDGE_LOOP('',(#6565,#6566,#6567,#6573));
#6565 = ORIENTED_EDGE('',*,*,#4868,.F.);
#6566 = ORIENTED_EDGE('',*,*,#4878,.T.);
#6567 = ORIENTED_EDGE('',*,*,#6568,.T.);
#6568 = EDGE_CURVE('',#4879,#4919,#6569,.T.);
#6569 = LINE('',#6570,#6571);
#6570 = CARTESIAN_POINT('',(-0.1,-2.84,0.2));
#6571 = VECTOR('',#6572,1.);
#6572 = DIRECTION('',(1.,0.,-0.));
#6573 = ORIENTED_EDGE('',*,*,#4926,.T.);
#6574 = PLANE('',#6575);
#6575 = AXIS2_PLACEMENT_3D('',#6576,#6577,#6578);
#6576 = CARTESIAN_POINT('',(-0.1,-2.84,0.2));
#6577 = DIRECTION('',(0.,-0.,-1.));
#6578 = DIRECTION('',(-1.110223024625E-16,-1.,0.));
#6579 = ADVANCED_FACE('',(#6580),#6621,.F.);
#6580 = FACE_BOUND('',#6581,.F.);
#6581 = EDGE_LOOP('',(#6582,#6590,#6591,#6599,#6607,#6615));
#6582 = ORIENTED_EDGE('',*,*,#6583,.T.);
#6583 = EDGE_CURVE('',#6584,#4919,#6586,.T.);
#6584 = VERTEX_POINT('',#6585);
#6585 = CARTESIAN_POINT('',(0.1,-2.84,-2.5));
#6586 = LINE('',#6587,#6588);
#6587 = CARTESIAN_POINT('',(0.1,-2.84,-2.5));
#6588 = VECTOR('',#6589,1.);
#6589 = DIRECTION('',(0.,0.,1.));
#6590 = ORIENTED_EDGE('',*,*,#4918,.F.);
#6591 = ORIENTED_EDGE('',*,*,#6592,.T.);
#6592 = EDGE_CURVE('',#4911,#6593,#6595,.T.);
#6593 = VERTEX_POINT('',#6594);
#6594 = CARTESIAN_POINT('',(0.1,-2.24,-2.5));
#6595 = LINE('',#6596,#6597);
#6596 = CARTESIAN_POINT('',(0.1,-2.24,0.2));
#6597 = VECTOR('',#6598,1.);
#6598 = DIRECTION('',(0.,-0.,-1.));
#6599 = ORIENTED_EDGE('',*,*,#6600,.T.);
#6600 = EDGE_CURVE('',#6593,#6601,#6603,.T.);
#6601 = VERTEX_POINT('',#6602);
#6602 = CARTESIAN_POINT('',(0.1,-2.39,-3.1));
#6603 = LINE('',#6604,#6605);
#6604 = CARTESIAN_POINT('',(0.1,-2.24,-2.5));
#6605 = VECTOR('',#6606,1.);
#6606 = DIRECTION('',(-2.692686352073E-17,-0.242535625036,
    -0.970142500145));
#6607 = ORIENTED_EDGE('',*,*,#6608,.T.);
#6608 = EDGE_CURVE('',#6601,#6609,#6611,.T.);
#6609 = VERTEX_POINT('',#6610);
#6610 = CARTESIAN_POINT('',(0.1,-2.69,-3.1));
#6611 = LINE('',#6612,#6613);
#6612 = CARTESIAN_POINT('',(0.1,-2.39,-3.1));
#6613 = VECTOR('',#6614,1.);
#6614 = DIRECTION('',(-1.110223024625E-16,-1.,0.));
#6615 = ORIENTED_EDGE('',*,*,#6616,.T.);
#6616 = EDGE_CURVE('',#6609,#6584,#6617,.T.);
#6617 = LINE('',#6618,#6619);
#6618 = CARTESIAN_POINT('',(0.1,-2.69,-3.1));
#6619 = VECTOR('',#6620,1.);
#6620 = DIRECTION('',(-2.692686352073E-17,-0.242535625036,0.970142500145
    ));
#6621 = PLANE('',#6622);
#6622 = AXIS2_PLACEMENT_3D('',#6623,#6624,#6625);
#6623 = CARTESIAN_POINT('',(0.1,-2.54,3.911477598424));
#6624 = DIRECTION('',(-1.,1.110223024625E-16,0.));
#6625 = DIRECTION('',(0.,0.,1.));
#6626 = ADVANCED_FACE('',(#6627),#6638,.T.);
#6627 = FACE_BOUND('',#6628,.T.);
#6628 = EDGE_LOOP('',(#6629,#6635,#6636,#6637));
#6629 = ORIENTED_EDGE('',*,*,#6630,.F.);
#6630 = EDGE_CURVE('',#4887,#4911,#6631,.T.);
#6631 = LINE('',#6632,#6633);
#6632 = CARTESIAN_POINT('',(-0.1,-2.24,0.2));
#6633 = VECTOR('',#6634,1.);
#6634 = DIRECTION('',(1.,0.,-0.));
#6635 = ORIENTED_EDGE('',*,*,#4894,.T.);
#6636 = ORIENTED_EDGE('',*,*,#4902,.T.);
#6637 = ORIENTED_EDGE('',*,*,#4910,.T.);
#6638 = PLANE('',#6639);
#6639 = AXIS2_PLACEMENT_3D('',#6640,#6641,#6642);
#6640 = CARTESIAN_POINT('',(-0.1,-2.84,0.2));
#6641 = DIRECTION('',(0.,-0.,-1.));
#6642 = DIRECTION('',(-1.110223024625E-16,-1.,0.));
#6643 = ADVANCED_FACE('',(#6644),#6685,.T.);
#6644 = FACE_BOUND('',#6645,.T.);
#6645 = EDGE_LOOP('',(#6646,#6654,#6655,#6663,#6671,#6679));
#6646 = ORIENTED_EDGE('',*,*,#6647,.T.);
#6647 = EDGE_CURVE('',#6648,#4879,#6650,.T.);
#6648 = VERTEX_POINT('',#6649);
#6649 = CARTESIAN_POINT('',(-0.1,-2.84,-2.5));
#6650 = LINE('',#6651,#6652);
#6651 = CARTESIAN_POINT('',(-0.1,-2.84,-2.5));
#6652 = VECTOR('',#6653,1.);
#6653 = DIRECTION('',(0.,0.,1.));
#6654 = ORIENTED_EDGE('',*,*,#4886,.F.);
#6655 = ORIENTED_EDGE('',*,*,#6656,.T.);
#6656 = EDGE_CURVE('',#4887,#6657,#6659,.T.);
#6657 = VERTEX_POINT('',#6658);
#6658 = CARTESIAN_POINT('',(-0.1,-2.24,-2.5));
#6659 = LINE('',#6660,#6661);
#6660 = CARTESIAN_POINT('',(-0.1,-2.24,0.2));
#6661 = VECTOR('',#6662,1.);
#6662 = DIRECTION('',(0.,-0.,-1.));
#6663 = ORIENTED_EDGE('',*,*,#6664,.T.);
#6664 = EDGE_CURVE('',#6657,#6665,#6667,.T.);
#6665 = VERTEX_POINT('',#6666);
#6666 = CARTESIAN_POINT('',(-0.1,-2.39,-3.1));
#6667 = LINE('',#6668,#6669);
#6668 = CARTESIAN_POINT('',(-0.1,-2.24,-2.5));
#6669 = VECTOR('',#6670,1.);
#6670 = DIRECTION('',(-2.692686352073E-17,-0.242535625036,
    -0.970142500145));
#6671 = ORIENTED_EDGE('',*,*,#6672,.F.);
#6672 = EDGE_CURVE('',#6673,#6665,#6675,.T.);
#6673 = VERTEX_POINT('',#6674);
#6674 = CARTESIAN_POINT('',(-0.1,-2.69,-3.1));
#6675 = LINE('',#6676,#6677);
#6676 = CARTESIAN_POINT('',(-0.1,-2.69,-3.1));
#6677 = VECTOR('',#6678,1.);
#6678 = DIRECTION('',(1.110223024625E-16,1.,0.));
#6679 = ORIENTED_EDGE('',*,*,#6680,.T.);
#6680 = EDGE_CURVE('',#6673,#6648,#6681,.T.);
#6681 = LINE('',#6682,#6683);
#6682 = CARTESIAN_POINT('',(-0.1,-2.69,-3.1));
#6683 = VECTOR('',#6684,1.);
#6684 = DIRECTION('',(-2.692686352073E-17,-0.242535625036,0.970142500145
    ));
#6685 = PLANE('',#6686);
#6686 = AXIS2_PLACEMENT_3D('',#6687,#6688,#6689);
#6687 = CARTESIAN_POINT('',(-0.1,-2.54,3.911477598424));
#6688 = DIRECTION('',(-1.,1.110223024625E-16,0.));
#6689 = DIRECTION('',(0.,0.,1.));
#6690 = ADVANCED_FACE('',(#6691),#6702,.T.);
#6691 = FACE_BOUND('',#6692,.T.);
#6692 = EDGE_LOOP('',(#6693,#6694,#6695,#6701));
#6693 = ORIENTED_EDGE('',*,*,#4934,.F.);
#6694 = ORIENTED_EDGE('',*,*,#4944,.T.);
#6695 = ORIENTED_EDGE('',*,*,#6696,.T.);
#6696 = EDGE_CURVE('',#4945,#4985,#6697,.T.);
#6697 = LINE('',#6698,#6699);
#6698 = CARTESIAN_POINT('',(-0.1,-0.3,0.2));
#6699 = VECTOR('',#6700,1.);
#6700 = DIRECTION('',(1.,0.,-0.));
#6701 = ORIENTED_EDGE('',*,*,#4992,.T.);
#6702 = PLANE('',#6703);
#6703 = AXIS2_PLACEMENT_3D('',#6704,#6705,#6706);
#6704 = CARTESIAN_POINT('',(-0.1,-0.3,0.2));
#6705 = DIRECTION('',(0.,-0.,-1.));
#6706 = DIRECTION('',(-1.110223024625E-16,-1.,0.));
#6707 = ADVANCED_FACE('',(#6708),#6749,.F.);
#6708 = FACE_BOUND('',#6709,.F.);
#6709 = EDGE_LOOP('',(#6710,#6718,#6719,#6727,#6735,#6743));
#6710 = ORIENTED_EDGE('',*,*,#6711,.T.);
#6711 = EDGE_CURVE('',#6712,#4985,#6714,.T.);
#6712 = VERTEX_POINT('',#6713);
#6713 = CARTESIAN_POINT('',(0.1,-0.3,-2.5));
#6714 = LINE('',#6715,#6716);
#6715 = CARTESIAN_POINT('',(0.1,-0.3,-2.5));
#6716 = VECTOR('',#6717,1.);
#6717 = DIRECTION('',(0.,0.,1.));
#6718 = ORIENTED_EDGE('',*,*,#4984,.F.);
#6719 = ORIENTED_EDGE('',*,*,#6720,.T.);
#6720 = EDGE_CURVE('',#4977,#6721,#6723,.T.);
#6721 = VERTEX_POINT('',#6722);
#6722 = CARTESIAN_POINT('',(0.1,0.3,-2.5));
#6723 = LINE('',#6724,#6725);
#6724 = CARTESIAN_POINT('',(0.1,0.3,0.2));
#6725 = VECTOR('',#6726,1.);
#6726 = DIRECTION('',(0.,-0.,-1.));
#6727 = ORIENTED_EDGE('',*,*,#6728,.T.);
#6728 = EDGE_CURVE('',#6721,#6729,#6731,.T.);
#6729 = VERTEX_POINT('',#6730);
#6730 = CARTESIAN_POINT('',(0.1,0.15,-3.1));
#6731 = LINE('',#6732,#6733);
#6732 = CARTESIAN_POINT('',(0.1,0.3,-2.5));
#6733 = VECTOR('',#6734,1.);
#6734 = DIRECTION('',(-2.692686352073E-17,-0.242535625036,
    -0.970142500145));
#6735 = ORIENTED_EDGE('',*,*,#6736,.T.);
#6736 = EDGE_CURVE('',#6729,#6737,#6739,.T.);
#6737 = VERTEX_POINT('',#6738);
#6738 = CARTESIAN_POINT('',(0.1,-0.15,-3.1));
#6739 = LINE('',#6740,#6741);
#6740 = CARTESIAN_POINT('',(0.1,0.15,-3.1));
#6741 = VECTOR('',#6742,1.);
#6742 = DIRECTION('',(-1.110223024625E-16,-1.,0.));
#6743 = ORIENTED_EDGE('',*,*,#6744,.T.);
#6744 = EDGE_CURVE('',#6737,#6712,#6745,.T.);
#6745 = LINE('',#6746,#6747);
#6746 = CARTESIAN_POINT('',(0.1,-0.15,-3.1));
#6747 = VECTOR('',#6748,1.);
#6748 = DIRECTION('',(-2.692686352073E-17,-0.242535625036,0.970142500145
    ));
#6749 = PLANE('',#6750);
#6750 = AXIS2_PLACEMENT_3D('',#6751,#6752,#6753);
#6751 = CARTESIAN_POINT('',(0.1,-1.110223024625E-17,3.911477598424));
#6752 = DIRECTION('',(-1.,1.110223024625E-16,0.));
#6753 = DIRECTION('',(0.,0.,1.));
#6754 = ADVANCED_FACE('',(#6755),#6766,.T.);
#6755 = FACE_BOUND('',#6756,.T.);
#6756 = EDGE_LOOP('',(#6757,#6763,#6764,#6765));
#6757 = ORIENTED_EDGE('',*,*,#6758,.F.);
#6758 = EDGE_CURVE('',#4953,#4977,#6759,.T.);
#6759 = LINE('',#6760,#6761);
#6760 = CARTESIAN_POINT('',(-0.1,0.3,0.2));
#6761 = VECTOR('',#6762,1.);
#6762 = DIRECTION('',(1.,0.,-0.));
#6763 = ORIENTED_EDGE('',*,*,#4960,.T.);
#6764 = ORIENTED_EDGE('',*,*,#4968,.T.);
#6765 = ORIENTED_EDGE('',*,*,#4976,.T.);
#6766 = PLANE('',#6767);
#6767 = AXIS2_PLACEMENT_3D('',#6768,#6769,#6770);
#6768 = CARTESIAN_POINT('',(-0.1,-0.3,0.2));
#6769 = DIRECTION('',(0.,-0.,-1.));
#6770 = DIRECTION('',(-1.110223024625E-16,-1.,0.));
#6771 = ADVANCED_FACE('',(#6772),#6813,.T.);
#6772 = FACE_BOUND('',#6773,.T.);
#6773 = EDGE_LOOP('',(#6774,#6782,#6783,#6791,#6799,#6807));
#6774 = ORIENTED_EDGE('',*,*,#6775,.T.);
#6775 = EDGE_CURVE('',#6776,#4945,#6778,.T.);
#6776 = VERTEX_POINT('',#6777);
#6777 = CARTESIAN_POINT('',(-0.1,-0.3,-2.5));
#6778 = LINE('',#6779,#6780);
#6779 = CARTESIAN_POINT('',(-0.1,-0.3,-2.5));
#6780 = VECTOR('',#6781,1.);
#6781 = DIRECTION('',(0.,0.,1.));
#6782 = ORIENTED_EDGE('',*,*,#4952,.F.);
#6783 = ORIENTED_EDGE('',*,*,#6784,.T.);
#6784 = EDGE_CURVE('',#4953,#6785,#6787,.T.);
#6785 = VERTEX_POINT('',#6786);
#6786 = CARTESIAN_POINT('',(-0.1,0.3,-2.5));
#6787 = LINE('',#6788,#6789);
#6788 = CARTESIAN_POINT('',(-0.1,0.3,0.2));
#6789 = VECTOR('',#6790,1.);
#6790 = DIRECTION('',(0.,-0.,-1.));
#6791 = ORIENTED_EDGE('',*,*,#6792,.T.);
#6792 = EDGE_CURVE('',#6785,#6793,#6795,.T.);
#6793 = VERTEX_POINT('',#6794);
#6794 = CARTESIAN_POINT('',(-0.1,0.15,-3.1));
#6795 = LINE('',#6796,#6797);
#6796 = CARTESIAN_POINT('',(-0.1,0.3,-2.5));
#6797 = VECTOR('',#6798,1.);
#6798 = DIRECTION('',(-2.692686352073E-17,-0.242535625036,
    -0.970142500145));
#6799 = ORIENTED_EDGE('',*,*,#6800,.F.);
#6800 = EDGE_CURVE('',#6801,#6793,#6803,.T.);
#6801 = VERTEX_POINT('',#6802);
#6802 = CARTESIAN_POINT('',(-0.1,-0.15,-3.1));
#6803 = LINE('',#6804,#6805);
#6804 = CARTESIAN_POINT('',(-0.1,-0.15,-3.1));
#6805 = VECTOR('',#6806,1.);
#6806 = DIRECTION('',(1.110223024625E-16,1.,0.));
#6807 = ORIENTED_EDGE('',*,*,#6808,.T.);
#6808 = EDGE_CURVE('',#6801,#6776,#6809,.T.);
#6809 = LINE('',#6810,#6811);
#6810 = CARTESIAN_POINT('',(-0.1,-0.15,-3.1));
#6811 = VECTOR('',#6812,1.);
#6812 = DIRECTION('',(-2.692686352073E-17,-0.242535625036,0.970142500145
    ));
#6813 = PLANE('',#6814);
#6814 = AXIS2_PLACEMENT_3D('',#6815,#6816,#6817);
#6815 = CARTESIAN_POINT('',(-0.1,1.110223024625E-17,3.911477598424));
#6816 = DIRECTION('',(-1.,1.110223024625E-16,0.));
#6817 = DIRECTION('',(0.,0.,1.));
#6818 = ADVANCED_FACE('',(#6819),#6844,.F.);
#6819 = FACE_BOUND('',#6820,.F.);
#6820 = EDGE_LOOP('',(#6821,#6829,#6837,#6843));
#6821 = ORIENTED_EDGE('',*,*,#6822,.T.);
#6822 = EDGE_CURVE('',#5031,#6823,#6825,.T.);
#6823 = VERTEX_POINT('',#6824);
#6824 = CARTESIAN_POINT('',(0.3,-18.08,0.9));
#6825 = LINE('',#6826,#6827);
#6826 = CARTESIAN_POINT('',(0.3,-18.08,8.2));
#6827 = VECTOR('',#6828,1.);
#6828 = DIRECTION('',(0.,-0.,-1.));
#6829 = ORIENTED_EDGE('',*,*,#6830,.T.);
#6830 = EDGE_CURVE('',#6823,#6831,#6833,.T.);
#6831 = VERTEX_POINT('',#6832);
#6832 = CARTESIAN_POINT('',(0.3,-17.48,0.9));
#6833 = LINE('',#6834,#6835);
#6834 = CARTESIAN_POINT('',(0.3,-18.08,0.9));
#6835 = VECTOR('',#6836,1.);
#6836 = DIRECTION('',(1.110223024625E-16,1.,0.));
#6837 = ORIENTED_EDGE('',*,*,#6838,.F.);
#6838 = EDGE_CURVE('',#5040,#6831,#6839,.T.);
#6839 = LINE('',#6840,#6841);
#6840 = CARTESIAN_POINT('',(0.3,-17.48,8.2));
#6841 = VECTOR('',#6842,1.);
#6842 = DIRECTION('',(0.,-0.,-1.));
#6843 = ORIENTED_EDGE('',*,*,#5047,.F.);
#6844 = PLANE('',#6845);
#6845 = AXIS2_PLACEMENT_3D('',#6846,#6847,#6848);
#6846 = CARTESIAN_POINT('',(0.3,-18.08,8.2));
#6847 = DIRECTION('',(1.,0.,-0.));
#6848 = DIRECTION('',(0.,1.,0.));
#6849 = ADVANCED_FACE('',(#6850),#6900,.F.);
#6850 = FACE_BOUND('',#6851,.F.);
#6851 = EDGE_LOOP('',(#6852,#6853,#6854,#6862,#6870,#6878,#6886,#6894));
#6852 = ORIENTED_EDGE('',*,*,#5071,.F.);
#6853 = ORIENTED_EDGE('',*,*,#6838,.T.);
#6854 = ORIENTED_EDGE('',*,*,#6855,.T.);
#6855 = EDGE_CURVE('',#6831,#6856,#6858,.T.);
#6856 = VERTEX_POINT('',#6857);
#6857 = CARTESIAN_POINT('',(0.1,-17.48,0.9));
#6858 = LINE('',#6859,#6860);
#6859 = CARTESIAN_POINT('',(0.3,-17.48,0.9));
#6860 = VECTOR('',#6861,1.);
#6861 = DIRECTION('',(-1.,1.110223024625E-16,0.));
#6862 = ORIENTED_EDGE('',*,*,#6863,.T.);
#6863 = EDGE_CURVE('',#6856,#6864,#6866,.T.);
#6864 = VERTEX_POINT('',#6865);
#6865 = CARTESIAN_POINT('',(0.1,-17.48,7.4));
#6866 = LINE('',#6867,#6868);
#6867 = CARTESIAN_POINT('',(0.1,-17.48,6.055738799212));
#6868 = VECTOR('',#6869,1.);
#6869 = DIRECTION('',(0.,0.,1.));
#6870 = ORIENTED_EDGE('',*,*,#6871,.F.);
#6871 = EDGE_CURVE('',#6872,#6864,#6874,.T.);
#6872 = VERTEX_POINT('',#6873);
#6873 = CARTESIAN_POINT('',(-0.1,-17.48,7.4));
#6874 = LINE('',#6875,#6876);
#6875 = CARTESIAN_POINT('',(-0.1,-17.48,7.4));
#6876 = VECTOR('',#6877,1.);
#6877 = DIRECTION('',(1.,0.,-0.));
#6878 = ORIENTED_EDGE('',*,*,#6879,.F.);
#6879 = EDGE_CURVE('',#6880,#6872,#6882,.T.);
#6880 = VERTEX_POINT('',#6881);
#6881 = CARTESIAN_POINT('',(-0.1,-17.48,0.9));
#6882 = LINE('',#6883,#6884);
#6883 = CARTESIAN_POINT('',(-0.1,-17.48,6.055738799212));
#6884 = VECTOR('',#6885,1.);
#6885 = DIRECTION('',(0.,0.,1.));
#6886 = ORIENTED_EDGE('',*,*,#6887,.T.);
#6887 = EDGE_CURVE('',#6880,#6888,#6890,.T.);
#6888 = VERTEX_POINT('',#6889);
#6889 = CARTESIAN_POINT('',(-0.3,-17.48,0.9));
#6890 = LINE('',#6891,#6892);
#6891 = CARTESIAN_POINT('',(0.3,-17.48,0.9));
#6892 = VECTOR('',#6893,1.);
#6893 = DIRECTION('',(-1.,1.110223024625E-16,0.));
#6894 = ORIENTED_EDGE('',*,*,#6895,.F.);
#6895 = EDGE_CURVE('',#5064,#6888,#6896,.T.);
#6896 = LINE('',#6897,#6898);
#6897 = CARTESIAN_POINT('',(-0.3,-17.48,8.2));
#6898 = VECTOR('',#6899,1.);
#6899 = DIRECTION('',(0.,-0.,-1.));
#6900 = PLANE('',#6901);
#6901 = AXIS2_PLACEMENT_3D('',#6902,#6903,#6904);
#6902 = CARTESIAN_POINT('',(0.3,-17.48,8.2));
#6903 = DIRECTION('',(1.110223024625E-16,1.,0.));
#6904 = DIRECTION('',(-1.,1.110223024625E-16,0.));
#6905 = ADVANCED_FACE('',(#6906),#6924,.F.);
#6906 = FACE_BOUND('',#6907,.F.);
#6907 = EDGE_LOOP('',(#6908,#6909,#6917,#6923));
#6908 = ORIENTED_EDGE('',*,*,#6895,.T.);
#6909 = ORIENTED_EDGE('',*,*,#6910,.T.);
#6910 = EDGE_CURVE('',#6888,#6911,#6913,.T.);
#6911 = VERTEX_POINT('',#6912);
#6912 = CARTESIAN_POINT('',(-0.3,-18.08,0.9));
#6913 = LINE('',#6914,#6915);
#6914 = CARTESIAN_POINT('',(-0.3,-17.48,0.9));
#6915 = VECTOR('',#6916,1.);
#6916 = DIRECTION('',(-1.110223024625E-16,-1.,0.));
#6917 = ORIENTED_EDGE('',*,*,#6918,.F.);
#6918 = EDGE_CURVE('',#5088,#6911,#6919,.T.);
#6919 = LINE('',#6920,#6921);
#6920 = CARTESIAN_POINT('',(-0.3,-18.08,8.2));
#6921 = VECTOR('',#6922,1.);
#6922 = DIRECTION('',(0.,-0.,-1.));
#6923 = ORIENTED_EDGE('',*,*,#5095,.F.);
#6924 = PLANE('',#6925);
#6925 = AXIS2_PLACEMENT_3D('',#6926,#6927,#6928);
#6926 = CARTESIAN_POINT('',(-0.3,-17.48,8.2));
#6927 = DIRECTION('',(-1.,1.110223024625E-16,0.));
#6928 = DIRECTION('',(-1.110223024625E-16,-1.,0.));
#6929 = ADVANCED_FACE('',(#6930),#6973,.F.);
#6930 = FACE_BOUND('',#6931,.F.);
#6931 = EDGE_LOOP('',(#6932,#6933,#6934,#6942,#6950,#6958,#6966,#6972));
#6932 = ORIENTED_EDGE('',*,*,#5112,.F.);
#6933 = ORIENTED_EDGE('',*,*,#6918,.T.);
#6934 = ORIENTED_EDGE('',*,*,#6935,.T.);
#6935 = EDGE_CURVE('',#6911,#6936,#6938,.T.);
#6936 = VERTEX_POINT('',#6937);
#6937 = CARTESIAN_POINT('',(-0.1,-18.08,0.9));
#6938 = LINE('',#6939,#6940);
#6939 = CARTESIAN_POINT('',(-0.3,-18.08,0.9));
#6940 = VECTOR('',#6941,1.);
#6941 = DIRECTION('',(1.,0.,-0.));
#6942 = ORIENTED_EDGE('',*,*,#6943,.F.);
#6943 = EDGE_CURVE('',#6944,#6936,#6946,.T.);
#6944 = VERTEX_POINT('',#6945);
#6945 = CARTESIAN_POINT('',(-0.1,-18.08,7.4));
#6946 = LINE('',#6947,#6948);
#6947 = CARTESIAN_POINT('',(-0.1,-18.08,6.055738799212));
#6948 = VECTOR('',#6949,1.);
#6949 = DIRECTION('',(0.,-0.,-1.));
#6950 = ORIENTED_EDGE('',*,*,#6951,.T.);
#6951 = EDGE_CURVE('',#6944,#6952,#6954,.T.);
#6952 = VERTEX_POINT('',#6953);
#6953 = CARTESIAN_POINT('',(0.1,-18.08,7.4));
#6954 = LINE('',#6955,#6956);
#6955 = CARTESIAN_POINT('',(-0.1,-18.08,7.4));
#6956 = VECTOR('',#6957,1.);
#6957 = DIRECTION('',(1.,0.,-0.));
#6958 = ORIENTED_EDGE('',*,*,#6959,.T.);
#6959 = EDGE_CURVE('',#6952,#6960,#6962,.T.);
#6960 = VERTEX_POINT('',#6961);
#6961 = CARTESIAN_POINT('',(0.1,-18.08,0.9));
#6962 = LINE('',#6963,#6964);
#6963 = CARTESIAN_POINT('',(0.1,-18.08,6.055738799212));
#6964 = VECTOR('',#6965,1.);
#6965 = DIRECTION('',(0.,-0.,-1.));
#6966 = ORIENTED_EDGE('',*,*,#6967,.T.);
#6967 = EDGE_CURVE('',#6960,#6823,#6968,.T.);
#6968 = LINE('',#6969,#6970);
#6969 = CARTESIAN_POINT('',(-0.3,-18.08,0.9));
#6970 = VECTOR('',#6971,1.);
#6971 = DIRECTION('',(1.,0.,-0.));
#6972 = ORIENTED_EDGE('',*,*,#6822,.F.);
#6973 = PLANE('',#6974);
#6974 = AXIS2_PLACEMENT_3D('',#6975,#6976,#6977);
#6975 = CARTESIAN_POINT('',(-0.3,-18.08,8.2));
#6976 = DIRECTION('',(-1.110223024625E-16,-1.,0.));
#6977 = DIRECTION('',(1.,-1.110223024625E-16,0.));
#6978 = ADVANCED_FACE('',(#6979),#7004,.F.);
#6979 = FACE_BOUND('',#6980,.F.);
#6980 = EDGE_LOOP('',(#6981,#6989,#6997,#7003));
#6981 = ORIENTED_EDGE('',*,*,#6982,.T.);
#6982 = EDGE_CURVE('',#5127,#6983,#6985,.T.);
#6983 = VERTEX_POINT('',#6984);
#6984 = CARTESIAN_POINT('',(0.3,-15.54,0.9));
#6985 = LINE('',#6986,#6987);
#6986 = CARTESIAN_POINT('',(0.3,-15.54,8.2));
#6987 = VECTOR('',#6988,1.);
#6988 = DIRECTION('',(0.,-0.,-1.));
#6989 = ORIENTED_EDGE('',*,*,#6990,.T.);
#6990 = EDGE_CURVE('',#6983,#6991,#6993,.T.);
#6991 = VERTEX_POINT('',#6992);
#6992 = CARTESIAN_POINT('',(0.3,-14.94,0.9));
#6993 = LINE('',#6994,#6995);
#6994 = CARTESIAN_POINT('',(0.3,-15.54,0.9));
#6995 = VECTOR('',#6996,1.);
#6996 = DIRECTION('',(1.110223024625E-16,1.,0.));
#6997 = ORIENTED_EDGE('',*,*,#6998,.F.);
#6998 = EDGE_CURVE('',#5136,#6991,#6999,.T.);
#6999 = LINE('',#7000,#7001);
#7000 = CARTESIAN_POINT('',(0.3,-14.94,8.2));
#7001 = VECTOR('',#7002,1.);
#7002 = DIRECTION('',(0.,-0.,-1.));
#7003 = ORIENTED_EDGE('',*,*,#5143,.F.);
#7004 = PLANE('',#7005);
#7005 = AXIS2_PLACEMENT_3D('',#7006,#7007,#7008);
#7006 = CARTESIAN_POINT('',(0.3,-15.54,8.2));
#7007 = DIRECTION('',(1.,0.,-0.));
#7008 = DIRECTION('',(0.,1.,0.));
#7009 = ADVANCED_FACE('',(#7010),#7060,.F.);
#7010 = FACE_BOUND('',#7011,.F.);
#7011 = EDGE_LOOP('',(#7012,#7013,#7014,#7022,#7030,#7038,#7046,#7054));
#7012 = ORIENTED_EDGE('',*,*,#5167,.F.);
#7013 = ORIENTED_EDGE('',*,*,#6998,.T.);
#7014 = ORIENTED_EDGE('',*,*,#7015,.T.);
#7015 = EDGE_CURVE('',#6991,#7016,#7018,.T.);
#7016 = VERTEX_POINT('',#7017);
#7017 = CARTESIAN_POINT('',(0.1,-14.94,0.9));
#7018 = LINE('',#7019,#7020);
#7019 = CARTESIAN_POINT('',(0.3,-14.94,0.9));
#7020 = VECTOR('',#7021,1.);
#7021 = DIRECTION('',(-1.,1.110223024625E-16,0.));
#7022 = ORIENTED_EDGE('',*,*,#7023,.T.);
#7023 = EDGE_CURVE('',#7016,#7024,#7026,.T.);
#7024 = VERTEX_POINT('',#7025);
#7025 = CARTESIAN_POINT('',(0.1,-14.94,7.4));
#7026 = LINE('',#7027,#7028);
#7027 = CARTESIAN_POINT('',(0.1,-14.94,6.055738799212));
#7028 = VECTOR('',#7029,1.);
#7029 = DIRECTION('',(0.,0.,1.));
#7030 = ORIENTED_EDGE('',*,*,#7031,.F.);
#7031 = EDGE_CURVE('',#7032,#7024,#7034,.T.);
#7032 = VERTEX_POINT('',#7033);
#7033 = CARTESIAN_POINT('',(-0.1,-14.94,7.4));
#7034 = LINE('',#7035,#7036);
#7035 = CARTESIAN_POINT('',(-0.1,-14.94,7.4));
#7036 = VECTOR('',#7037,1.);
#7037 = DIRECTION('',(1.,0.,-0.));
#7038 = ORIENTED_EDGE('',*,*,#7039,.F.);
#7039 = EDGE_CURVE('',#7040,#7032,#7042,.T.);
#7040 = VERTEX_POINT('',#7041);
#7041 = CARTESIAN_POINT('',(-0.1,-14.94,0.9));
#7042 = LINE('',#7043,#7044);
#7043 = CARTESIAN_POINT('',(-0.1,-14.94,6.055738799212));
#7044 = VECTOR('',#7045,1.);
#7045 = DIRECTION('',(0.,0.,1.));
#7046 = ORIENTED_EDGE('',*,*,#7047,.T.);
#7047 = EDGE_CURVE('',#7040,#7048,#7050,.T.);
#7048 = VERTEX_POINT('',#7049);
#7049 = CARTESIAN_POINT('',(-0.3,-14.94,0.9));
#7050 = LINE('',#7051,#7052);
#7051 = CARTESIAN_POINT('',(0.3,-14.94,0.9));
#7052 = VECTOR('',#7053,1.);
#7053 = DIRECTION('',(-1.,1.110223024625E-16,0.));
#7054 = ORIENTED_EDGE('',*,*,#7055,.F.);
#7055 = EDGE_CURVE('',#5160,#7048,#7056,.T.);
#7056 = LINE('',#7057,#7058);
#7057 = CARTESIAN_POINT('',(-0.3,-14.94,8.2));
#7058 = VECTOR('',#7059,1.);
#7059 = DIRECTION('',(0.,-0.,-1.));
#7060 = PLANE('',#7061);
#7061 = AXIS2_PLACEMENT_3D('',#7062,#7063,#7064);
#7062 = CARTESIAN_POINT('',(0.3,-14.94,8.2));
#7063 = DIRECTION('',(1.110223024625E-16,1.,0.));
#7064 = DIRECTION('',(-1.,1.110223024625E-16,0.));
#7065 = ADVANCED_FACE('',(#7066),#7084,.F.);
#7066 = FACE_BOUND('',#7067,.F.);
#7067 = EDGE_LOOP('',(#7068,#7069,#7077,#7083));
#7068 = ORIENTED_EDGE('',*,*,#7055,.T.);
#7069 = ORIENTED_EDGE('',*,*,#7070,.T.);
#7070 = EDGE_CURVE('',#7048,#7071,#7073,.T.);
#7071 = VERTEX_POINT('',#7072);
#7072 = CARTESIAN_POINT('',(-0.3,-15.54,0.9));
#7073 = LINE('',#7074,#7075);
#7074 = CARTESIAN_POINT('',(-0.3,-14.94,0.9));
#7075 = VECTOR('',#7076,1.);
#7076 = DIRECTION('',(-1.110223024625E-16,-1.,0.));
#7077 = ORIENTED_EDGE('',*,*,#7078,.F.);
#7078 = EDGE_CURVE('',#5184,#7071,#7079,.T.);
#7079 = LINE('',#7080,#7081);
#7080 = CARTESIAN_POINT('',(-0.3,-15.54,8.2));
#7081 = VECTOR('',#7082,1.);
#7082 = DIRECTION('',(0.,-0.,-1.));
#7083 = ORIENTED_EDGE('',*,*,#5191,.F.);
#7084 = PLANE('',#7085);
#7085 = AXIS2_PLACEMENT_3D('',#7086,#7087,#7088);
#7086 = CARTESIAN_POINT('',(-0.3,-14.94,8.2));
#7087 = DIRECTION('',(-1.,1.110223024625E-16,0.));
#7088 = DIRECTION('',(-1.110223024625E-16,-1.,0.));
#7089 = ADVANCED_FACE('',(#7090),#7133,.F.);
#7090 = FACE_BOUND('',#7091,.F.);
#7091 = EDGE_LOOP('',(#7092,#7093,#7094,#7102,#7110,#7118,#7126,#7132));
#7092 = ORIENTED_EDGE('',*,*,#5208,.F.);
#7093 = ORIENTED_EDGE('',*,*,#7078,.T.);
#7094 = ORIENTED_EDGE('',*,*,#7095,.T.);
#7095 = EDGE_CURVE('',#7071,#7096,#7098,.T.);
#7096 = VERTEX_POINT('',#7097);
#7097 = CARTESIAN_POINT('',(-0.1,-15.54,0.9));
#7098 = LINE('',#7099,#7100);
#7099 = CARTESIAN_POINT('',(-0.3,-15.54,0.9));
#7100 = VECTOR('',#7101,1.);
#7101 = DIRECTION('',(1.,0.,-0.));
#7102 = ORIENTED_EDGE('',*,*,#7103,.F.);
#7103 = EDGE_CURVE('',#7104,#7096,#7106,.T.);
#7104 = VERTEX_POINT('',#7105);
#7105 = CARTESIAN_POINT('',(-0.1,-15.54,7.4));
#7106 = LINE('',#7107,#7108);
#7107 = CARTESIAN_POINT('',(-0.1,-15.54,6.055738799212));
#7108 = VECTOR('',#7109,1.);
#7109 = DIRECTION('',(0.,-0.,-1.));
#7110 = ORIENTED_EDGE('',*,*,#7111,.T.);
#7111 = EDGE_CURVE('',#7104,#7112,#7114,.T.);
#7112 = VERTEX_POINT('',#7113);
#7113 = CARTESIAN_POINT('',(0.1,-15.54,7.4));
#7114 = LINE('',#7115,#7116);
#7115 = CARTESIAN_POINT('',(-0.1,-15.54,7.4));
#7116 = VECTOR('',#7117,1.);
#7117 = DIRECTION('',(1.,0.,-0.));
#7118 = ORIENTED_EDGE('',*,*,#7119,.T.);
#7119 = EDGE_CURVE('',#7112,#7120,#7122,.T.);
#7120 = VERTEX_POINT('',#7121);
#7121 = CARTESIAN_POINT('',(0.1,-15.54,0.9));
#7122 = LINE('',#7123,#7124);
#7123 = CARTESIAN_POINT('',(0.1,-15.54,6.055738799212));
#7124 = VECTOR('',#7125,1.);
#7125 = DIRECTION('',(0.,-0.,-1.));
#7126 = ORIENTED_EDGE('',*,*,#7127,.T.);
#7127 = EDGE_CURVE('',#7120,#6983,#7128,.T.);
#7128 = LINE('',#7129,#7130);
#7129 = CARTESIAN_POINT('',(-0.3,-15.54,0.9));
#7130 = VECTOR('',#7131,1.);
#7131 = DIRECTION('',(1.,0.,-0.));
#7132 = ORIENTED_EDGE('',*,*,#6982,.F.);
#7133 = PLANE('',#7134);
#7134 = AXIS2_PLACEMENT_3D('',#7135,#7136,#7137);
#7135 = CARTESIAN_POINT('',(-0.3,-15.54,8.2));
#7136 = DIRECTION('',(-1.110223024625E-16,-1.,0.));
#7137 = DIRECTION('',(1.,-1.110223024625E-16,0.));
#7138 = ADVANCED_FACE('',(#7139),#7164,.F.);
#7139 = FACE_BOUND('',#7140,.F.);
#7140 = EDGE_LOOP('',(#7141,#7149,#7157,#7163));
#7141 = ORIENTED_EDGE('',*,*,#7142,.T.);
#7142 = EDGE_CURVE('',#5223,#7143,#7145,.T.);
#7143 = VERTEX_POINT('',#7144);
#7144 = CARTESIAN_POINT('',(0.3,-13.,0.9));
#7145 = LINE('',#7146,#7147);
#7146 = CARTESIAN_POINT('',(0.3,-13.,8.2));
#7147 = VECTOR('',#7148,1.);
#7148 = DIRECTION('',(0.,-0.,-1.));
#7149 = ORIENTED_EDGE('',*,*,#7150,.T.);
#7150 = EDGE_CURVE('',#7143,#7151,#7153,.T.);
#7151 = VERTEX_POINT('',#7152);
#7152 = CARTESIAN_POINT('',(0.3,-12.4,0.9));
#7153 = LINE('',#7154,#7155);
#7154 = CARTESIAN_POINT('',(0.3,-13.,0.9));
#7155 = VECTOR('',#7156,1.);
#7156 = DIRECTION('',(1.110223024625E-16,1.,0.));
#7157 = ORIENTED_EDGE('',*,*,#7158,.F.);
#7158 = EDGE_CURVE('',#5232,#7151,#7159,.T.);
#7159 = LINE('',#7160,#7161);
#7160 = CARTESIAN_POINT('',(0.3,-12.4,8.2));
#7161 = VECTOR('',#7162,1.);
#7162 = DIRECTION('',(0.,-0.,-1.));
#7163 = ORIENTED_EDGE('',*,*,#5239,.F.);
#7164 = PLANE('',#7165);
#7165 = AXIS2_PLACEMENT_3D('',#7166,#7167,#7168);
#7166 = CARTESIAN_POINT('',(0.3,-13.,8.2));
#7167 = DIRECTION('',(1.,0.,-0.));
#7168 = DIRECTION('',(0.,1.,0.));
#7169 = ADVANCED_FACE('',(#7170),#7220,.F.);
#7170 = FACE_BOUND('',#7171,.F.);
#7171 = EDGE_LOOP('',(#7172,#7173,#7174,#7182,#7190,#7198,#7206,#7214));
#7172 = ORIENTED_EDGE('',*,*,#5263,.F.);
#7173 = ORIENTED_EDGE('',*,*,#7158,.T.);
#7174 = ORIENTED_EDGE('',*,*,#7175,.T.);
#7175 = EDGE_CURVE('',#7151,#7176,#7178,.T.);
#7176 = VERTEX_POINT('',#7177);
#7177 = CARTESIAN_POINT('',(0.1,-12.4,0.9));
#7178 = LINE('',#7179,#7180);
#7179 = CARTESIAN_POINT('',(0.3,-12.4,0.9));
#7180 = VECTOR('',#7181,1.);
#7181 = DIRECTION('',(-1.,1.110223024625E-16,0.));
#7182 = ORIENTED_EDGE('',*,*,#7183,.T.);
#7183 = EDGE_CURVE('',#7176,#7184,#7186,.T.);
#7184 = VERTEX_POINT('',#7185);
#7185 = CARTESIAN_POINT('',(0.1,-12.4,7.4));
#7186 = LINE('',#7187,#7188);
#7187 = CARTESIAN_POINT('',(0.1,-12.4,6.055738799212));
#7188 = VECTOR('',#7189,1.);
#7189 = DIRECTION('',(0.,0.,1.));
#7190 = ORIENTED_EDGE('',*,*,#7191,.F.);
#7191 = EDGE_CURVE('',#7192,#7184,#7194,.T.);
#7192 = VERTEX_POINT('',#7193);
#7193 = CARTESIAN_POINT('',(-0.1,-12.4,7.4));
#7194 = LINE('',#7195,#7196);
#7195 = CARTESIAN_POINT('',(-0.1,-12.4,7.4));
#7196 = VECTOR('',#7197,1.);
#7197 = DIRECTION('',(1.,0.,-0.));
#7198 = ORIENTED_EDGE('',*,*,#7199,.F.);
#7199 = EDGE_CURVE('',#7200,#7192,#7202,.T.);
#7200 = VERTEX_POINT('',#7201);
#7201 = CARTESIAN_POINT('',(-0.1,-12.4,0.9));
#7202 = LINE('',#7203,#7204);
#7203 = CARTESIAN_POINT('',(-0.1,-12.4,6.055738799212));
#7204 = VECTOR('',#7205,1.);
#7205 = DIRECTION('',(0.,0.,1.));
#7206 = ORIENTED_EDGE('',*,*,#7207,.T.);
#7207 = EDGE_CURVE('',#7200,#7208,#7210,.T.);
#7208 = VERTEX_POINT('',#7209);
#7209 = CARTESIAN_POINT('',(-0.3,-12.4,0.9));
#7210 = LINE('',#7211,#7212);
#7211 = CARTESIAN_POINT('',(0.3,-12.4,0.9));
#7212 = VECTOR('',#7213,1.);
#7213 = DIRECTION('',(-1.,1.110223024625E-16,0.));
#7214 = ORIENTED_EDGE('',*,*,#7215,.F.);
#7215 = EDGE_CURVE('',#5256,#7208,#7216,.T.);
#7216 = LINE('',#7217,#7218);
#7217 = CARTESIAN_POINT('',(-0.3,-12.4,8.2));
#7218 = VECTOR('',#7219,1.);
#7219 = DIRECTION('',(0.,-0.,-1.));
#7220 = PLANE('',#7221);
#7221 = AXIS2_PLACEMENT_3D('',#7222,#7223,#7224);
#7222 = CARTESIAN_POINT('',(0.3,-12.4,8.2));
#7223 = DIRECTION('',(1.110223024625E-16,1.,0.));
#7224 = DIRECTION('',(-1.,1.110223024625E-16,0.));
#7225 = ADVANCED_FACE('',(#7226),#7244,.F.);
#7226 = FACE_BOUND('',#7227,.F.);
#7227 = EDGE_LOOP('',(#7228,#7229,#7237,#7243));
#7228 = ORIENTED_EDGE('',*,*,#7215,.T.);
#7229 = ORIENTED_EDGE('',*,*,#7230,.T.);
#7230 = EDGE_CURVE('',#7208,#7231,#7233,.T.);
#7231 = VERTEX_POINT('',#7232);
#7232 = CARTESIAN_POINT('',(-0.3,-13.,0.9));
#7233 = LINE('',#7234,#7235);
#7234 = CARTESIAN_POINT('',(-0.3,-12.4,0.9));
#7235 = VECTOR('',#7236,1.);
#7236 = DIRECTION('',(-1.110223024625E-16,-1.,0.));
#7237 = ORIENTED_EDGE('',*,*,#7238,.F.);
#7238 = EDGE_CURVE('',#5280,#7231,#7239,.T.);
#7239 = LINE('',#7240,#7241);
#7240 = CARTESIAN_POINT('',(-0.3,-13.,8.2));
#7241 = VECTOR('',#7242,1.);
#7242 = DIRECTION('',(0.,-0.,-1.));
#7243 = ORIENTED_EDGE('',*,*,#5287,.F.);
#7244 = PLANE('',#7245);
#7245 = AXIS2_PLACEMENT_3D('',#7246,#7247,#7248);
#7246 = CARTESIAN_POINT('',(-0.3,-12.4,8.2));
#7247 = DIRECTION('',(-1.,1.110223024625E-16,0.));
#7248 = DIRECTION('',(-1.110223024625E-16,-1.,0.));
#7249 = ADVANCED_FACE('',(#7250),#7293,.F.);
#7250 = FACE_BOUND('',#7251,.F.);
#7251 = EDGE_LOOP('',(#7252,#7253,#7254,#7262,#7270,#7278,#7286,#7292));
#7252 = ORIENTED_EDGE('',*,*,#5304,.F.);
#7253 = ORIENTED_EDGE('',*,*,#7238,.T.);
#7254 = ORIENTED_EDGE('',*,*,#7255,.T.);
#7255 = EDGE_CURVE('',#7231,#7256,#7258,.T.);
#7256 = VERTEX_POINT('',#7257);
#7257 = CARTESIAN_POINT('',(-0.1,-13.,0.9));
#7258 = LINE('',#7259,#7260);
#7259 = CARTESIAN_POINT('',(-0.3,-13.,0.9));
#7260 = VECTOR('',#7261,1.);
#7261 = DIRECTION('',(1.,0.,-0.));
#7262 = ORIENTED_EDGE('',*,*,#7263,.F.);
#7263 = EDGE_CURVE('',#7264,#7256,#7266,.T.);
#7264 = VERTEX_POINT('',#7265);
#7265 = CARTESIAN_POINT('',(-0.1,-13.,7.4));
#7266 = LINE('',#7267,#7268);
#7267 = CARTESIAN_POINT('',(-0.1,-13.,6.055738799212));
#7268 = VECTOR('',#7269,1.);
#7269 = DIRECTION('',(0.,-0.,-1.));
#7270 = ORIENTED_EDGE('',*,*,#7271,.T.);
#7271 = EDGE_CURVE('',#7264,#7272,#7274,.T.);
#7272 = VERTEX_POINT('',#7273);
#7273 = CARTESIAN_POINT('',(0.1,-13.,7.4));
#7274 = LINE('',#7275,#7276);
#7275 = CARTESIAN_POINT('',(-0.1,-13.,7.4));
#7276 = VECTOR('',#7277,1.);
#7277 = DIRECTION('',(1.,0.,-0.));
#7278 = ORIENTED_EDGE('',*,*,#7279,.T.);
#7279 = EDGE_CURVE('',#7272,#7280,#7282,.T.);
#7280 = VERTEX_POINT('',#7281);
#7281 = CARTESIAN_POINT('',(0.1,-13.,0.9));
#7282 = LINE('',#7283,#7284);
#7283 = CARTESIAN_POINT('',(0.1,-13.,6.055738799212));
#7284 = VECTOR('',#7285,1.);
#7285 = DIRECTION('',(0.,-0.,-1.));
#7286 = ORIENTED_EDGE('',*,*,#7287,.T.);
#7287 = EDGE_CURVE('',#7280,#7143,#7288,.T.);
#7288 = LINE('',#7289,#7290);
#7289 = CARTESIAN_POINT('',(-0.3,-13.,0.9));
#7290 = VECTOR('',#7291,1.);
#7291 = DIRECTION('',(1.,0.,-0.));
#7292 = ORIENTED_EDGE('',*,*,#7142,.F.);
#7293 = PLANE('',#7294);
#7294 = AXIS2_PLACEMENT_3D('',#7295,#7296,#7297);
#7295 = CARTESIAN_POINT('',(-0.3,-13.,8.2));
#7296 = DIRECTION('',(-1.110223024625E-16,-1.,0.));
#7297 = DIRECTION('',(1.,-1.110223024625E-16,0.));
#7298 = ADVANCED_FACE('',(#7299),#7324,.F.);
#7299 = FACE_BOUND('',#7300,.F.);
#7300 = EDGE_LOOP('',(#7301,#7309,#7317,#7323));
#7301 = ORIENTED_EDGE('',*,*,#7302,.T.);
#7302 = EDGE_CURVE('',#5319,#7303,#7305,.T.);
#7303 = VERTEX_POINT('',#7304);
#7304 = CARTESIAN_POINT('',(0.3,-10.46,0.9));
#7305 = LINE('',#7306,#7307);
#7306 = CARTESIAN_POINT('',(0.3,-10.46,8.2));
#7307 = VECTOR('',#7308,1.);
#7308 = DIRECTION('',(0.,-0.,-1.));
#7309 = ORIENTED_EDGE('',*,*,#7310,.T.);
#7310 = EDGE_CURVE('',#7303,#7311,#7313,.T.);
#7311 = VERTEX_POINT('',#7312);
#7312 = CARTESIAN_POINT('',(0.3,-9.86,0.9));
#7313 = LINE('',#7314,#7315);
#7314 = CARTESIAN_POINT('',(0.3,-10.46,0.9));
#7315 = VECTOR('',#7316,1.);
#7316 = DIRECTION('',(1.110223024625E-16,1.,0.));
#7317 = ORIENTED_EDGE('',*,*,#7318,.F.);
#7318 = EDGE_CURVE('',#5328,#7311,#7319,.T.);
#7319 = LINE('',#7320,#7321);
#7320 = CARTESIAN_POINT('',(0.3,-9.86,8.2));
#7321 = VECTOR('',#7322,1.);
#7322 = DIRECTION('',(0.,-0.,-1.));
#7323 = ORIENTED_EDGE('',*,*,#5335,.F.);
#7324 = PLANE('',#7325);
#7325 = AXIS2_PLACEMENT_3D('',#7326,#7327,#7328);
#7326 = CARTESIAN_POINT('',(0.3,-10.46,8.2));
#7327 = DIRECTION('',(1.,0.,-0.));
#7328 = DIRECTION('',(0.,1.,0.));
#7329 = ADVANCED_FACE('',(#7330),#7380,.F.);
#7330 = FACE_BOUND('',#7331,.F.);
#7331 = EDGE_LOOP('',(#7332,#7333,#7334,#7342,#7350,#7358,#7366,#7374));
#7332 = ORIENTED_EDGE('',*,*,#5359,.F.);
#7333 = ORIENTED_EDGE('',*,*,#7318,.T.);
#7334 = ORIENTED_EDGE('',*,*,#7335,.T.);
#7335 = EDGE_CURVE('',#7311,#7336,#7338,.T.);
#7336 = VERTEX_POINT('',#7337);
#7337 = CARTESIAN_POINT('',(0.1,-9.86,0.9));
#7338 = LINE('',#7339,#7340);
#7339 = CARTESIAN_POINT('',(0.3,-9.86,0.9));
#7340 = VECTOR('',#7341,1.);
#7341 = DIRECTION('',(-1.,1.110223024625E-16,0.));
#7342 = ORIENTED_EDGE('',*,*,#7343,.T.);
#7343 = EDGE_CURVE('',#7336,#7344,#7346,.T.);
#7344 = VERTEX_POINT('',#7345);
#7345 = CARTESIAN_POINT('',(0.1,-9.86,7.4));
#7346 = LINE('',#7347,#7348);
#7347 = CARTESIAN_POINT('',(0.1,-9.86,6.055738799212));
#7348 = VECTOR('',#7349,1.);
#7349 = DIRECTION('',(0.,0.,1.));
#7350 = ORIENTED_EDGE('',*,*,#7351,.F.);
#7351 = EDGE_CURVE('',#7352,#7344,#7354,.T.);
#7352 = VERTEX_POINT('',#7353);
#7353 = CARTESIAN_POINT('',(-0.1,-9.86,7.4));
#7354 = LINE('',#7355,#7356);
#7355 = CARTESIAN_POINT('',(-0.1,-9.86,7.4));
#7356 = VECTOR('',#7357,1.);
#7357 = DIRECTION('',(1.,0.,-0.));
#7358 = ORIENTED_EDGE('',*,*,#7359,.F.);
#7359 = EDGE_CURVE('',#7360,#7352,#7362,.T.);
#7360 = VERTEX_POINT('',#7361);
#7361 = CARTESIAN_POINT('',(-0.1,-9.86,0.9));
#7362 = LINE('',#7363,#7364);
#7363 = CARTESIAN_POINT('',(-0.1,-9.86,6.055738799212));
#7364 = VECTOR('',#7365,1.);
#7365 = DIRECTION('',(0.,0.,1.));
#7366 = ORIENTED_EDGE('',*,*,#7367,.T.);
#7367 = EDGE_CURVE('',#7360,#7368,#7370,.T.);
#7368 = VERTEX_POINT('',#7369);
#7369 = CARTESIAN_POINT('',(-0.3,-9.86,0.9));
#7370 = LINE('',#7371,#7372);
#7371 = CARTESIAN_POINT('',(0.3,-9.86,0.9));
#7372 = VECTOR('',#7373,1.);
#7373 = DIRECTION('',(-1.,1.110223024625E-16,0.));
#7374 = ORIENTED_EDGE('',*,*,#7375,.F.);
#7375 = EDGE_CURVE('',#5352,#7368,#7376,.T.);
#7376 = LINE('',#7377,#7378);
#7377 = CARTESIAN_POINT('',(-0.3,-9.86,8.2));
#7378 = VECTOR('',#7379,1.);
#7379 = DIRECTION('',(0.,-0.,-1.));
#7380 = PLANE('',#7381);
#7381 = AXIS2_PLACEMENT_3D('',#7382,#7383,#7384);
#7382 = CARTESIAN_POINT('',(0.3,-9.86,8.2));
#7383 = DIRECTION('',(1.110223024625E-16,1.,0.));
#7384 = DIRECTION('',(-1.,1.110223024625E-16,0.));
#7385 = ADVANCED_FACE('',(#7386),#7404,.F.);
#7386 = FACE_BOUND('',#7387,.F.);
#7387 = EDGE_LOOP('',(#7388,#7389,#7397,#7403));
#7388 = ORIENTED_EDGE('',*,*,#7375,.T.);
#7389 = ORIENTED_EDGE('',*,*,#7390,.T.);
#7390 = EDGE_CURVE('',#7368,#7391,#7393,.T.);
#7391 = VERTEX_POINT('',#7392);
#7392 = CARTESIAN_POINT('',(-0.3,-10.46,0.9));
#7393 = LINE('',#7394,#7395);
#7394 = CARTESIAN_POINT('',(-0.3,-9.86,0.9));
#7395 = VECTOR('',#7396,1.);
#7396 = DIRECTION('',(-1.110223024625E-16,-1.,0.));
#7397 = ORIENTED_EDGE('',*,*,#7398,.F.);
#7398 = EDGE_CURVE('',#5376,#7391,#7399,.T.);
#7399 = LINE('',#7400,#7401);
#7400 = CARTESIAN_POINT('',(-0.3,-10.46,8.2));
#7401 = VECTOR('',#7402,1.);
#7402 = DIRECTION('',(0.,-0.,-1.));
#7403 = ORIENTED_EDGE('',*,*,#5383,.F.);
#7404 = PLANE('',#7405);
#7405 = AXIS2_PLACEMENT_3D('',#7406,#7407,#7408);
#7406 = CARTESIAN_POINT('',(-0.3,-9.86,8.2));
#7407 = DIRECTION('',(-1.,1.110223024625E-16,0.));
#7408 = DIRECTION('',(-1.110223024625E-16,-1.,0.));
#7409 = ADVANCED_FACE('',(#7410),#7453,.F.);
#7410 = FACE_BOUND('',#7411,.F.);
#7411 = EDGE_LOOP('',(#7412,#7413,#7414,#7422,#7430,#7438,#7446,#7452));
#7412 = ORIENTED_EDGE('',*,*,#5400,.F.);
#7413 = ORIENTED_EDGE('',*,*,#7398,.T.);
#7414 = ORIENTED_EDGE('',*,*,#7415,.T.);
#7415 = EDGE_CURVE('',#7391,#7416,#7418,.T.);
#7416 = VERTEX_POINT('',#7417);
#7417 = CARTESIAN_POINT('',(-0.1,-10.46,0.9));
#7418 = LINE('',#7419,#7420);
#7419 = CARTESIAN_POINT('',(-0.3,-10.46,0.9));
#7420 = VECTOR('',#7421,1.);
#7421 = DIRECTION('',(1.,0.,-0.));
#7422 = ORIENTED_EDGE('',*,*,#7423,.F.);
#7423 = EDGE_CURVE('',#7424,#7416,#7426,.T.);
#7424 = VERTEX_POINT('',#7425);
#7425 = CARTESIAN_POINT('',(-0.1,-10.46,7.4));
#7426 = LINE('',#7427,#7428);
#7427 = CARTESIAN_POINT('',(-0.1,-10.46,6.055738799212));
#7428 = VECTOR('',#7429,1.);
#7429 = DIRECTION('',(0.,-0.,-1.));
#7430 = ORIENTED_EDGE('',*,*,#7431,.T.);
#7431 = EDGE_CURVE('',#7424,#7432,#7434,.T.);
#7432 = VERTEX_POINT('',#7433);
#7433 = CARTESIAN_POINT('',(0.1,-10.46,7.4));
#7434 = LINE('',#7435,#7436);
#7435 = CARTESIAN_POINT('',(-0.1,-10.46,7.4));
#7436 = VECTOR('',#7437,1.);
#7437 = DIRECTION('',(1.,0.,-0.));
#7438 = ORIENTED_EDGE('',*,*,#7439,.T.);
#7439 = EDGE_CURVE('',#7432,#7440,#7442,.T.);
#7440 = VERTEX_POINT('',#7441);
#7441 = CARTESIAN_POINT('',(0.1,-10.46,0.9));
#7442 = LINE('',#7443,#7444);
#7443 = CARTESIAN_POINT('',(0.1,-10.46,6.055738799212));
#7444 = VECTOR('',#7445,1.);
#7445 = DIRECTION('',(0.,-0.,-1.));
#7446 = ORIENTED_EDGE('',*,*,#7447,.T.);
#7447 = EDGE_CURVE('',#7440,#7303,#7448,.T.);
#7448 = LINE('',#7449,#7450);
#7449 = CARTESIAN_POINT('',(-0.3,-10.46,0.9));
#7450 = VECTOR('',#7451,1.);
#7451 = DIRECTION('',(1.,0.,-0.));
#7452 = ORIENTED_EDGE('',*,*,#7302,.F.);
#7453 = PLANE('',#7454);
#7454 = AXIS2_PLACEMENT_3D('',#7455,#7456,#7457);
#7455 = CARTESIAN_POINT('',(-0.3,-10.46,8.2));
#7456 = DIRECTION('',(-1.110223024625E-16,-1.,0.));
#7457 = DIRECTION('',(1.,-1.110223024625E-16,0.));
#7458 = ADVANCED_FACE('',(#7459),#7484,.F.);
#7459 = FACE_BOUND('',#7460,.F.);
#7460 = EDGE_LOOP('',(#7461,#7469,#7477,#7483));
#7461 = ORIENTED_EDGE('',*,*,#7462,.T.);
#7462 = EDGE_CURVE('',#5415,#7463,#7465,.T.);
#7463 = VERTEX_POINT('',#7464);
#7464 = CARTESIAN_POINT('',(0.3,-7.92,0.9));
#7465 = LINE('',#7466,#7467);
#7466 = CARTESIAN_POINT('',(0.3,-7.92,8.2));
#7467 = VECTOR('',#7468,1.);
#7468 = DIRECTION('',(0.,-0.,-1.));
#7469 = ORIENTED_EDGE('',*,*,#7470,.T.);
#7470 = EDGE_CURVE('',#7463,#7471,#7473,.T.);
#7471 = VERTEX_POINT('',#7472);
#7472 = CARTESIAN_POINT('',(0.3,-7.32,0.9));
#7473 = LINE('',#7474,#7475);
#7474 = CARTESIAN_POINT('',(0.3,-7.92,0.9));
#7475 = VECTOR('',#7476,1.);
#7476 = DIRECTION('',(1.110223024625E-16,1.,0.));
#7477 = ORIENTED_EDGE('',*,*,#7478,.F.);
#7478 = EDGE_CURVE('',#5424,#7471,#7479,.T.);
#7479 = LINE('',#7480,#7481);
#7480 = CARTESIAN_POINT('',(0.3,-7.32,8.2));
#7481 = VECTOR('',#7482,1.);
#7482 = DIRECTION('',(0.,-0.,-1.));
#7483 = ORIENTED_EDGE('',*,*,#5431,.F.);
#7484 = PLANE('',#7485);
#7485 = AXIS2_PLACEMENT_3D('',#7486,#7487,#7488);
#7486 = CARTESIAN_POINT('',(0.3,-7.92,8.2));
#7487 = DIRECTION('',(1.,0.,-0.));
#7488 = DIRECTION('',(0.,1.,0.));
#7489 = ADVANCED_FACE('',(#7490),#7540,.F.);
#7490 = FACE_BOUND('',#7491,.F.);
#7491 = EDGE_LOOP('',(#7492,#7493,#7494,#7502,#7510,#7518,#7526,#7534));
#7492 = ORIENTED_EDGE('',*,*,#5455,.F.);
#7493 = ORIENTED_EDGE('',*,*,#7478,.T.);
#7494 = ORIENTED_EDGE('',*,*,#7495,.T.);
#7495 = EDGE_CURVE('',#7471,#7496,#7498,.T.);
#7496 = VERTEX_POINT('',#7497);
#7497 = CARTESIAN_POINT('',(0.1,-7.32,0.9));
#7498 = LINE('',#7499,#7500);
#7499 = CARTESIAN_POINT('',(0.3,-7.32,0.9));
#7500 = VECTOR('',#7501,1.);
#7501 = DIRECTION('',(-1.,1.110223024625E-16,0.));
#7502 = ORIENTED_EDGE('',*,*,#7503,.T.);
#7503 = EDGE_CURVE('',#7496,#7504,#7506,.T.);
#7504 = VERTEX_POINT('',#7505);
#7505 = CARTESIAN_POINT('',(0.1,-7.32,7.4));
#7506 = LINE('',#7507,#7508);
#7507 = CARTESIAN_POINT('',(0.1,-7.32,6.055738799212));
#7508 = VECTOR('',#7509,1.);
#7509 = DIRECTION('',(0.,0.,1.));
#7510 = ORIENTED_EDGE('',*,*,#7511,.F.);
#7511 = EDGE_CURVE('',#7512,#7504,#7514,.T.);
#7512 = VERTEX_POINT('',#7513);
#7513 = CARTESIAN_POINT('',(-0.1,-7.32,7.4));
#7514 = LINE('',#7515,#7516);
#7515 = CARTESIAN_POINT('',(-0.1,-7.32,7.4));
#7516 = VECTOR('',#7517,1.);
#7517 = DIRECTION('',(1.,0.,-0.));
#7518 = ORIENTED_EDGE('',*,*,#7519,.F.);
#7519 = EDGE_CURVE('',#7520,#7512,#7522,.T.);
#7520 = VERTEX_POINT('',#7521);
#7521 = CARTESIAN_POINT('',(-0.1,-7.32,0.9));
#7522 = LINE('',#7523,#7524);
#7523 = CARTESIAN_POINT('',(-0.1,-7.32,6.055738799212));
#7524 = VECTOR('',#7525,1.);
#7525 = DIRECTION('',(0.,0.,1.));
#7526 = ORIENTED_EDGE('',*,*,#7527,.T.);
#7527 = EDGE_CURVE('',#7520,#7528,#7530,.T.);
#7528 = VERTEX_POINT('',#7529);
#7529 = CARTESIAN_POINT('',(-0.3,-7.32,0.9));
#7530 = LINE('',#7531,#7532);
#7531 = CARTESIAN_POINT('',(0.3,-7.32,0.9));
#7532 = VECTOR('',#7533,1.);
#7533 = DIRECTION('',(-1.,1.110223024625E-16,0.));
#7534 = ORIENTED_EDGE('',*,*,#7535,.F.);
#7535 = EDGE_CURVE('',#5448,#7528,#7536,.T.);
#7536 = LINE('',#7537,#7538);
#7537 = CARTESIAN_POINT('',(-0.3,-7.32,8.2));
#7538 = VECTOR('',#7539,1.);
#7539 = DIRECTION('',(0.,-0.,-1.));
#7540 = PLANE('',#7541);
#7541 = AXIS2_PLACEMENT_3D('',#7542,#7543,#7544);
#7542 = CARTESIAN_POINT('',(0.3,-7.32,8.2));
#7543 = DIRECTION('',(1.110223024625E-16,1.,0.));
#7544 = DIRECTION('',(-1.,1.110223024625E-16,0.));
#7545 = ADVANCED_FACE('',(#7546),#7564,.F.);
#7546 = FACE_BOUND('',#7547,.F.);
#7547 = EDGE_LOOP('',(#7548,#7549,#7557,#7563));
#7548 = ORIENTED_EDGE('',*,*,#7535,.T.);
#7549 = ORIENTED_EDGE('',*,*,#7550,.T.);
#7550 = EDGE_CURVE('',#7528,#7551,#7553,.T.);
#7551 = VERTEX_POINT('',#7552);
#7552 = CARTESIAN_POINT('',(-0.3,-7.92,0.9));
#7553 = LINE('',#7554,#7555);
#7554 = CARTESIAN_POINT('',(-0.3,-7.32,0.9));
#7555 = VECTOR('',#7556,1.);
#7556 = DIRECTION('',(-1.110223024625E-16,-1.,0.));
#7557 = ORIENTED_EDGE('',*,*,#7558,.F.);
#7558 = EDGE_CURVE('',#5472,#7551,#7559,.T.);
#7559 = LINE('',#7560,#7561);
#7560 = CARTESIAN_POINT('',(-0.3,-7.92,8.2));
#7561 = VECTOR('',#7562,1.);
#7562 = DIRECTION('',(0.,-0.,-1.));
#7563 = ORIENTED_EDGE('',*,*,#5479,.F.);
#7564 = PLANE('',#7565);
#7565 = AXIS2_PLACEMENT_3D('',#7566,#7567,#7568);
#7566 = CARTESIAN_POINT('',(-0.3,-7.32,8.2));
#7567 = DIRECTION('',(-1.,1.110223024625E-16,0.));
#7568 = DIRECTION('',(-1.110223024625E-16,-1.,0.));
#7569 = ADVANCED_FACE('',(#7570),#7613,.F.);
#7570 = FACE_BOUND('',#7571,.F.);
#7571 = EDGE_LOOP('',(#7572,#7573,#7574,#7582,#7590,#7598,#7606,#7612));
#7572 = ORIENTED_EDGE('',*,*,#5496,.F.);
#7573 = ORIENTED_EDGE('',*,*,#7558,.T.);
#7574 = ORIENTED_EDGE('',*,*,#7575,.T.);
#7575 = EDGE_CURVE('',#7551,#7576,#7578,.T.);
#7576 = VERTEX_POINT('',#7577);
#7577 = CARTESIAN_POINT('',(-0.1,-7.92,0.9));
#7578 = LINE('',#7579,#7580);
#7579 = CARTESIAN_POINT('',(-0.3,-7.92,0.9));
#7580 = VECTOR('',#7581,1.);
#7581 = DIRECTION('',(1.,0.,-0.));
#7582 = ORIENTED_EDGE('',*,*,#7583,.F.);
#7583 = EDGE_CURVE('',#7584,#7576,#7586,.T.);
#7584 = VERTEX_POINT('',#7585);
#7585 = CARTESIAN_POINT('',(-0.1,-7.92,7.4));
#7586 = LINE('',#7587,#7588);
#7587 = CARTESIAN_POINT('',(-0.1,-7.92,6.055738799212));
#7588 = VECTOR('',#7589,1.);
#7589 = DIRECTION('',(0.,-0.,-1.));
#7590 = ORIENTED_EDGE('',*,*,#7591,.T.);
#7591 = EDGE_CURVE('',#7584,#7592,#7594,.T.);
#7592 = VERTEX_POINT('',#7593);
#7593 = CARTESIAN_POINT('',(0.1,-7.92,7.4));
#7594 = LINE('',#7595,#7596);
#7595 = CARTESIAN_POINT('',(-0.1,-7.92,7.4));
#7596 = VECTOR('',#7597,1.);
#7597 = DIRECTION('',(1.,0.,-0.));
#7598 = ORIENTED_EDGE('',*,*,#7599,.T.);
#7599 = EDGE_CURVE('',#7592,#7600,#7602,.T.);
#7600 = VERTEX_POINT('',#7601);
#7601 = CARTESIAN_POINT('',(0.1,-7.92,0.9));
#7602 = LINE('',#7603,#7604);
#7603 = CARTESIAN_POINT('',(0.1,-7.92,6.055738799212));
#7604 = VECTOR('',#7605,1.);
#7605 = DIRECTION('',(0.,-0.,-1.));
#7606 = ORIENTED_EDGE('',*,*,#7607,.T.);
#7607 = EDGE_CURVE('',#7600,#7463,#7608,.T.);
#7608 = LINE('',#7609,#7610);
#7609 = CARTESIAN_POINT('',(-0.3,-7.92,0.9));
#7610 = VECTOR('',#7611,1.);
#7611 = DIRECTION('',(1.,0.,-0.));
#7612 = ORIENTED_EDGE('',*,*,#7462,.F.);
#7613 = PLANE('',#7614);
#7614 = AXIS2_PLACEMENT_3D('',#7615,#7616,#7617);
#7615 = CARTESIAN_POINT('',(-0.3,-7.92,8.2));
#7616 = DIRECTION('',(-1.110223024625E-16,-1.,0.));
#7617 = DIRECTION('',(1.,-1.110223024625E-16,0.));
#7618 = ADVANCED_FACE('',(#7619),#7644,.F.);
#7619 = FACE_BOUND('',#7620,.F.);
#7620 = EDGE_LOOP('',(#7621,#7629,#7637,#7643));
#7621 = ORIENTED_EDGE('',*,*,#7622,.T.);
#7622 = EDGE_CURVE('',#5511,#7623,#7625,.T.);
#7623 = VERTEX_POINT('',#7624);
#7624 = CARTESIAN_POINT('',(0.3,-5.38,0.9));
#7625 = LINE('',#7626,#7627);
#7626 = CARTESIAN_POINT('',(0.3,-5.38,8.2));
#7627 = VECTOR('',#7628,1.);
#7628 = DIRECTION('',(0.,-0.,-1.));
#7629 = ORIENTED_EDGE('',*,*,#7630,.T.);
#7630 = EDGE_CURVE('',#7623,#7631,#7633,.T.);
#7631 = VERTEX_POINT('',#7632);
#7632 = CARTESIAN_POINT('',(0.3,-4.78,0.9));
#7633 = LINE('',#7634,#7635);
#7634 = CARTESIAN_POINT('',(0.3,-5.38,0.9));
#7635 = VECTOR('',#7636,1.);
#7636 = DIRECTION('',(1.110223024625E-16,1.,0.));
#7637 = ORIENTED_EDGE('',*,*,#7638,.F.);
#7638 = EDGE_CURVE('',#5520,#7631,#7639,.T.);
#7639 = LINE('',#7640,#7641);
#7640 = CARTESIAN_POINT('',(0.3,-4.78,8.2));
#7641 = VECTOR('',#7642,1.);
#7642 = DIRECTION('',(0.,-0.,-1.));
#7643 = ORIENTED_EDGE('',*,*,#5527,.F.);
#7644 = PLANE('',#7645);
#7645 = AXIS2_PLACEMENT_3D('',#7646,#7647,#7648);
#7646 = CARTESIAN_POINT('',(0.3,-5.38,8.2));
#7647 = DIRECTION('',(1.,0.,-0.));
#7648 = DIRECTION('',(0.,1.,0.));
#7649 = ADVANCED_FACE('',(#7650),#7700,.F.);
#7650 = FACE_BOUND('',#7651,.F.);
#7651 = EDGE_LOOP('',(#7652,#7653,#7654,#7662,#7670,#7678,#7686,#7694));
#7652 = ORIENTED_EDGE('',*,*,#5551,.F.);
#7653 = ORIENTED_EDGE('',*,*,#7638,.T.);
#7654 = ORIENTED_EDGE('',*,*,#7655,.T.);
#7655 = EDGE_CURVE('',#7631,#7656,#7658,.T.);
#7656 = VERTEX_POINT('',#7657);
#7657 = CARTESIAN_POINT('',(0.1,-4.78,0.9));
#7658 = LINE('',#7659,#7660);
#7659 = CARTESIAN_POINT('',(0.3,-4.78,0.9));
#7660 = VECTOR('',#7661,1.);
#7661 = DIRECTION('',(-1.,1.110223024625E-16,0.));
#7662 = ORIENTED_EDGE('',*,*,#7663,.T.);
#7663 = EDGE_CURVE('',#7656,#7664,#7666,.T.);
#7664 = VERTEX_POINT('',#7665);
#7665 = CARTESIAN_POINT('',(0.1,-4.78,7.4));
#7666 = LINE('',#7667,#7668);
#7667 = CARTESIAN_POINT('',(0.1,-4.78,6.055738799212));
#7668 = VECTOR('',#7669,1.);
#7669 = DIRECTION('',(0.,0.,1.));
#7670 = ORIENTED_EDGE('',*,*,#7671,.F.);
#7671 = EDGE_CURVE('',#7672,#7664,#7674,.T.);
#7672 = VERTEX_POINT('',#7673);
#7673 = CARTESIAN_POINT('',(-0.1,-4.78,7.4));
#7674 = LINE('',#7675,#7676);
#7675 = CARTESIAN_POINT('',(-0.1,-4.78,7.4));
#7676 = VECTOR('',#7677,1.);
#7677 = DIRECTION('',(1.,0.,-0.));
#7678 = ORIENTED_EDGE('',*,*,#7679,.F.);
#7679 = EDGE_CURVE('',#7680,#7672,#7682,.T.);
#7680 = VERTEX_POINT('',#7681);
#7681 = CARTESIAN_POINT('',(-0.1,-4.78,0.9));
#7682 = LINE('',#7683,#7684);
#7683 = CARTESIAN_POINT('',(-0.1,-4.78,6.055738799212));
#7684 = VECTOR('',#7685,1.);
#7685 = DIRECTION('',(0.,0.,1.));
#7686 = ORIENTED_EDGE('',*,*,#7687,.T.);
#7687 = EDGE_CURVE('',#7680,#7688,#7690,.T.);
#7688 = VERTEX_POINT('',#7689);
#7689 = CARTESIAN_POINT('',(-0.3,-4.78,0.9));
#7690 = LINE('',#7691,#7692);
#7691 = CARTESIAN_POINT('',(0.3,-4.78,0.9));
#7692 = VECTOR('',#7693,1.);
#7693 = DIRECTION('',(-1.,1.110223024625E-16,0.));
#7694 = ORIENTED_EDGE('',*,*,#7695,.F.);
#7695 = EDGE_CURVE('',#5544,#7688,#7696,.T.);
#7696 = LINE('',#7697,#7698);
#7697 = CARTESIAN_POINT('',(-0.3,-4.78,8.2));
#7698 = VECTOR('',#7699,1.);
#7699 = DIRECTION('',(0.,-0.,-1.));
#7700 = PLANE('',#7701);
#7701 = AXIS2_PLACEMENT_3D('',#7702,#7703,#7704);
#7702 = CARTESIAN_POINT('',(0.3,-4.78,8.2));
#7703 = DIRECTION('',(1.110223024625E-16,1.,0.));
#7704 = DIRECTION('',(-1.,1.110223024625E-16,0.));
#7705 = ADVANCED_FACE('',(#7706),#7724,.F.);
#7706 = FACE_BOUND('',#7707,.F.);
#7707 = EDGE_LOOP('',(#7708,#7709,#7717,#7723));
#7708 = ORIENTED_EDGE('',*,*,#7695,.T.);
#7709 = ORIENTED_EDGE('',*,*,#7710,.T.);
#7710 = EDGE_CURVE('',#7688,#7711,#7713,.T.);
#7711 = VERTEX_POINT('',#7712);
#7712 = CARTESIAN_POINT('',(-0.3,-5.38,0.9));
#7713 = LINE('',#7714,#7715);
#7714 = CARTESIAN_POINT('',(-0.3,-4.78,0.9));
#7715 = VECTOR('',#7716,1.);
#7716 = DIRECTION('',(-1.110223024625E-16,-1.,0.));
#7717 = ORIENTED_EDGE('',*,*,#7718,.F.);
#7718 = EDGE_CURVE('',#5568,#7711,#7719,.T.);
#7719 = LINE('',#7720,#7721);
#7720 = CARTESIAN_POINT('',(-0.3,-5.38,8.2));
#7721 = VECTOR('',#7722,1.);
#7722 = DIRECTION('',(0.,-0.,-1.));
#7723 = ORIENTED_EDGE('',*,*,#5575,.F.);
#7724 = PLANE('',#7725);
#7725 = AXIS2_PLACEMENT_3D('',#7726,#7727,#7728);
#7726 = CARTESIAN_POINT('',(-0.3,-4.78,8.2));
#7727 = DIRECTION('',(-1.,1.110223024625E-16,0.));
#7728 = DIRECTION('',(-1.110223024625E-16,-1.,0.));
#7729 = ADVANCED_FACE('',(#7730),#7773,.F.);
#7730 = FACE_BOUND('',#7731,.F.);
#7731 = EDGE_LOOP('',(#7732,#7733,#7734,#7742,#7750,#7758,#7766,#7772));
#7732 = ORIENTED_EDGE('',*,*,#5592,.F.);
#7733 = ORIENTED_EDGE('',*,*,#7718,.T.);
#7734 = ORIENTED_EDGE('',*,*,#7735,.T.);
#7735 = EDGE_CURVE('',#7711,#7736,#7738,.T.);
#7736 = VERTEX_POINT('',#7737);
#7737 = CARTESIAN_POINT('',(-0.1,-5.38,0.9));
#7738 = LINE('',#7739,#7740);
#7739 = CARTESIAN_POINT('',(-0.3,-5.38,0.9));
#7740 = VECTOR('',#7741,1.);
#7741 = DIRECTION('',(1.,0.,-0.));
#7742 = ORIENTED_EDGE('',*,*,#7743,.F.);
#7743 = EDGE_CURVE('',#7744,#7736,#7746,.T.);
#7744 = VERTEX_POINT('',#7745);
#7745 = CARTESIAN_POINT('',(-0.1,-5.38,7.4));
#7746 = LINE('',#7747,#7748);
#7747 = CARTESIAN_POINT('',(-0.1,-5.38,6.055738799212));
#7748 = VECTOR('',#7749,1.);
#7749 = DIRECTION('',(0.,-0.,-1.));
#7750 = ORIENTED_EDGE('',*,*,#7751,.T.);
#7751 = EDGE_CURVE('',#7744,#7752,#7754,.T.);
#7752 = VERTEX_POINT('',#7753);
#7753 = CARTESIAN_POINT('',(0.1,-5.38,7.4));
#7754 = LINE('',#7755,#7756);
#7755 = CARTESIAN_POINT('',(-0.1,-5.38,7.4));
#7756 = VECTOR('',#7757,1.);
#7757 = DIRECTION('',(1.,0.,-0.));
#7758 = ORIENTED_EDGE('',*,*,#7759,.T.);
#7759 = EDGE_CURVE('',#7752,#7760,#7762,.T.);
#7760 = VERTEX_POINT('',#7761);
#7761 = CARTESIAN_POINT('',(0.1,-5.38,0.9));
#7762 = LINE('',#7763,#7764);
#7763 = CARTESIAN_POINT('',(0.1,-5.38,6.055738799212));
#7764 = VECTOR('',#7765,1.);
#7765 = DIRECTION('',(0.,-0.,-1.));
#7766 = ORIENTED_EDGE('',*,*,#7767,.T.);
#7767 = EDGE_CURVE('',#7760,#7623,#7768,.T.);
#7768 = LINE('',#7769,#7770);
#7769 = CARTESIAN_POINT('',(-0.3,-5.38,0.9));
#7770 = VECTOR('',#7771,1.);
#7771 = DIRECTION('',(1.,0.,-0.));
#7772 = ORIENTED_EDGE('',*,*,#7622,.F.);
#7773 = PLANE('',#7774);
#7774 = AXIS2_PLACEMENT_3D('',#7775,#7776,#7777);
#7775 = CARTESIAN_POINT('',(-0.3,-5.38,8.2));
#7776 = DIRECTION('',(-1.110223024625E-16,-1.,0.));
#7777 = DIRECTION('',(1.,-1.110223024625E-16,0.));
#7778 = ADVANCED_FACE('',(#7779),#7804,.F.);
#7779 = FACE_BOUND('',#7780,.F.);
#7780 = EDGE_LOOP('',(#7781,#7789,#7797,#7803));
#7781 = ORIENTED_EDGE('',*,*,#7782,.T.);
#7782 = EDGE_CURVE('',#5607,#7783,#7785,.T.);
#7783 = VERTEX_POINT('',#7784);
#7784 = CARTESIAN_POINT('',(0.3,-2.84,0.9));
#7785 = LINE('',#7786,#7787);
#7786 = CARTESIAN_POINT('',(0.3,-2.84,8.2));
#7787 = VECTOR('',#7788,1.);
#7788 = DIRECTION('',(0.,-0.,-1.));
#7789 = ORIENTED_EDGE('',*,*,#7790,.T.);
#7790 = EDGE_CURVE('',#7783,#7791,#7793,.T.);
#7791 = VERTEX_POINT('',#7792);
#7792 = CARTESIAN_POINT('',(0.3,-2.24,0.9));
#7793 = LINE('',#7794,#7795);
#7794 = CARTESIAN_POINT('',(0.3,-2.84,0.9));
#7795 = VECTOR('',#7796,1.);
#7796 = DIRECTION('',(1.110223024625E-16,1.,0.));
#7797 = ORIENTED_EDGE('',*,*,#7798,.F.);
#7798 = EDGE_CURVE('',#5616,#7791,#7799,.T.);
#7799 = LINE('',#7800,#7801);
#7800 = CARTESIAN_POINT('',(0.3,-2.24,8.2));
#7801 = VECTOR('',#7802,1.);
#7802 = DIRECTION('',(0.,-0.,-1.));
#7803 = ORIENTED_EDGE('',*,*,#5623,.F.);
#7804 = PLANE('',#7805);
#7805 = AXIS2_PLACEMENT_3D('',#7806,#7807,#7808);
#7806 = CARTESIAN_POINT('',(0.3,-2.84,8.2));
#7807 = DIRECTION('',(1.,0.,-0.));
#7808 = DIRECTION('',(0.,1.,0.));
#7809 = ADVANCED_FACE('',(#7810),#7860,.F.);
#7810 = FACE_BOUND('',#7811,.F.);
#7811 = EDGE_LOOP('',(#7812,#7813,#7814,#7822,#7830,#7838,#7846,#7854));
#7812 = ORIENTED_EDGE('',*,*,#5647,.F.);
#7813 = ORIENTED_EDGE('',*,*,#7798,.T.);
#7814 = ORIENTED_EDGE('',*,*,#7815,.T.);
#7815 = EDGE_CURVE('',#7791,#7816,#7818,.T.);
#7816 = VERTEX_POINT('',#7817);
#7817 = CARTESIAN_POINT('',(0.1,-2.24,0.9));
#7818 = LINE('',#7819,#7820);
#7819 = CARTESIAN_POINT('',(0.3,-2.24,0.9));
#7820 = VECTOR('',#7821,1.);
#7821 = DIRECTION('',(-1.,1.110223024625E-16,0.));
#7822 = ORIENTED_EDGE('',*,*,#7823,.T.);
#7823 = EDGE_CURVE('',#7816,#7824,#7826,.T.);
#7824 = VERTEX_POINT('',#7825);
#7825 = CARTESIAN_POINT('',(0.1,-2.24,7.4));
#7826 = LINE('',#7827,#7828);
#7827 = CARTESIAN_POINT('',(0.1,-2.24,6.055738799212));
#7828 = VECTOR('',#7829,1.);
#7829 = DIRECTION('',(0.,0.,1.));
#7830 = ORIENTED_EDGE('',*,*,#7831,.F.);
#7831 = EDGE_CURVE('',#7832,#7824,#7834,.T.);
#7832 = VERTEX_POINT('',#7833);
#7833 = CARTESIAN_POINT('',(-0.1,-2.24,7.4));
#7834 = LINE('',#7835,#7836);
#7835 = CARTESIAN_POINT('',(-0.1,-2.24,7.4));
#7836 = VECTOR('',#7837,1.);
#7837 = DIRECTION('',(1.,0.,-0.));
#7838 = ORIENTED_EDGE('',*,*,#7839,.F.);
#7839 = EDGE_CURVE('',#7840,#7832,#7842,.T.);
#7840 = VERTEX_POINT('',#7841);
#7841 = CARTESIAN_POINT('',(-0.1,-2.24,0.9));
#7842 = LINE('',#7843,#7844);
#7843 = CARTESIAN_POINT('',(-0.1,-2.24,6.055738799212));
#7844 = VECTOR('',#7845,1.);
#7845 = DIRECTION('',(0.,0.,1.));
#7846 = ORIENTED_EDGE('',*,*,#7847,.T.);
#7847 = EDGE_CURVE('',#7840,#7848,#7850,.T.);
#7848 = VERTEX_POINT('',#7849);
#7849 = CARTESIAN_POINT('',(-0.3,-2.24,0.9));
#7850 = LINE('',#7851,#7852);
#7851 = CARTESIAN_POINT('',(0.3,-2.24,0.9));
#7852 = VECTOR('',#7853,1.);
#7853 = DIRECTION('',(-1.,1.110223024625E-16,0.));
#7854 = ORIENTED_EDGE('',*,*,#7855,.F.);
#7855 = EDGE_CURVE('',#5640,#7848,#7856,.T.);
#7856 = LINE('',#7857,#7858);
#7857 = CARTESIAN_POINT('',(-0.3,-2.24,8.2));
#7858 = VECTOR('',#7859,1.);
#7859 = DIRECTION('',(0.,-0.,-1.));
#7860 = PLANE('',#7861);
#7861 = AXIS2_PLACEMENT_3D('',#7862,#7863,#7864);
#7862 = CARTESIAN_POINT('',(0.3,-2.24,8.2));
#7863 = DIRECTION('',(1.110223024625E-16,1.,0.));
#7864 = DIRECTION('',(-1.,1.110223024625E-16,0.));
#7865 = ADVANCED_FACE('',(#7866),#7884,.F.);
#7866 = FACE_BOUND('',#7867,.F.);
#7867 = EDGE_LOOP('',(#7868,#7869,#7877,#7883));
#7868 = ORIENTED_EDGE('',*,*,#7855,.T.);
#7869 = ORIENTED_EDGE('',*,*,#7870,.T.);
#7870 = EDGE_CURVE('',#7848,#7871,#7873,.T.);
#7871 = VERTEX_POINT('',#7872);
#7872 = CARTESIAN_POINT('',(-0.3,-2.84,0.9));
#7873 = LINE('',#7874,#7875);
#7874 = CARTESIAN_POINT('',(-0.3,-2.24,0.9));
#7875 = VECTOR('',#7876,1.);
#7876 = DIRECTION('',(-1.110223024625E-16,-1.,0.));
#7877 = ORIENTED_EDGE('',*,*,#7878,.F.);
#7878 = EDGE_CURVE('',#5664,#7871,#7879,.T.);
#7879 = LINE('',#7880,#7881);
#7880 = CARTESIAN_POINT('',(-0.3,-2.84,8.2));
#7881 = VECTOR('',#7882,1.);
#7882 = DIRECTION('',(0.,-0.,-1.));
#7883 = ORIENTED_EDGE('',*,*,#5671,.F.);
#7884 = PLANE('',#7885);
#7885 = AXIS2_PLACEMENT_3D('',#7886,#7887,#7888);
#7886 = CARTESIAN_POINT('',(-0.3,-2.24,8.2));
#7887 = DIRECTION('',(-1.,1.110223024625E-16,0.));
#7888 = DIRECTION('',(-1.110223024625E-16,-1.,0.));
#7889 = ADVANCED_FACE('',(#7890),#7933,.F.);
#7890 = FACE_BOUND('',#7891,.F.);
#7891 = EDGE_LOOP('',(#7892,#7893,#7894,#7902,#7910,#7918,#7926,#7932));
#7892 = ORIENTED_EDGE('',*,*,#5688,.F.);
#7893 = ORIENTED_EDGE('',*,*,#7878,.T.);
#7894 = ORIENTED_EDGE('',*,*,#7895,.T.);
#7895 = EDGE_CURVE('',#7871,#7896,#7898,.T.);
#7896 = VERTEX_POINT('',#7897);
#7897 = CARTESIAN_POINT('',(-0.1,-2.84,0.9));
#7898 = LINE('',#7899,#7900);
#7899 = CARTESIAN_POINT('',(-0.3,-2.84,0.9));
#7900 = VECTOR('',#7901,1.);
#7901 = DIRECTION('',(1.,0.,-0.));
#7902 = ORIENTED_EDGE('',*,*,#7903,.F.);
#7903 = EDGE_CURVE('',#7904,#7896,#7906,.T.);
#7904 = VERTEX_POINT('',#7905);
#7905 = CARTESIAN_POINT('',(-0.1,-2.84,7.4));
#7906 = LINE('',#7907,#7908);
#7907 = CARTESIAN_POINT('',(-0.1,-2.84,6.055738799212));
#7908 = VECTOR('',#7909,1.);
#7909 = DIRECTION('',(0.,-0.,-1.));
#7910 = ORIENTED_EDGE('',*,*,#7911,.T.);
#7911 = EDGE_CURVE('',#7904,#7912,#7914,.T.);
#7912 = VERTEX_POINT('',#7913);
#7913 = CARTESIAN_POINT('',(0.1,-2.84,7.4));
#7914 = LINE('',#7915,#7916);
#7915 = CARTESIAN_POINT('',(-0.1,-2.84,7.4));
#7916 = VECTOR('',#7917,1.);
#7917 = DIRECTION('',(1.,0.,-0.));
#7918 = ORIENTED_EDGE('',*,*,#7919,.T.);
#7919 = EDGE_CURVE('',#7912,#7920,#7922,.T.);
#7920 = VERTEX_POINT('',#7921);
#7921 = CARTESIAN_POINT('',(0.1,-2.84,0.9));
#7922 = LINE('',#7923,#7924);
#7923 = CARTESIAN_POINT('',(0.1,-2.84,6.055738799212));
#7924 = VECTOR('',#7925,1.);
#7925 = DIRECTION('',(0.,-0.,-1.));
#7926 = ORIENTED_EDGE('',*,*,#7927,.T.);
#7927 = EDGE_CURVE('',#7920,#7783,#7928,.T.);
#7928 = LINE('',#7929,#7930);
#7929 = CARTESIAN_POINT('',(-0.3,-2.84,0.9));
#7930 = VECTOR('',#7931,1.);
#7931 = DIRECTION('',(1.,0.,-0.));
#7932 = ORIENTED_EDGE('',*,*,#7782,.F.);
#7933 = PLANE('',#7934);
#7934 = AXIS2_PLACEMENT_3D('',#7935,#7936,#7937);
#7935 = CARTESIAN_POINT('',(-0.3,-2.84,8.2));
#7936 = DIRECTION('',(-1.110223024625E-16,-1.,0.));
#7937 = DIRECTION('',(1.,-1.110223024625E-16,0.));
#7938 = ADVANCED_FACE('',(#7939),#7964,.F.);
#7939 = FACE_BOUND('',#7940,.F.);
#7940 = EDGE_LOOP('',(#7941,#7949,#7957,#7963));
#7941 = ORIENTED_EDGE('',*,*,#7942,.T.);
#7942 = EDGE_CURVE('',#5703,#7943,#7945,.T.);
#7943 = VERTEX_POINT('',#7944);
#7944 = CARTESIAN_POINT('',(0.3,-0.3,0.9));
#7945 = LINE('',#7946,#7947);
#7946 = CARTESIAN_POINT('',(0.3,-0.3,8.2));
#7947 = VECTOR('',#7948,1.);
#7948 = DIRECTION('',(0.,-0.,-1.));
#7949 = ORIENTED_EDGE('',*,*,#7950,.T.);
#7950 = EDGE_CURVE('',#7943,#7951,#7953,.T.);
#7951 = VERTEX_POINT('',#7952);
#7952 = CARTESIAN_POINT('',(0.3,0.3,0.9));
#7953 = LINE('',#7954,#7955);
#7954 = CARTESIAN_POINT('',(0.3,-0.3,0.9));
#7955 = VECTOR('',#7956,1.);
#7956 = DIRECTION('',(1.110223024625E-16,1.,0.));
#7957 = ORIENTED_EDGE('',*,*,#7958,.F.);
#7958 = EDGE_CURVE('',#5712,#7951,#7959,.T.);
#7959 = LINE('',#7960,#7961);
#7960 = CARTESIAN_POINT('',(0.3,0.3,8.2));
#7961 = VECTOR('',#7962,1.);
#7962 = DIRECTION('',(0.,-0.,-1.));
#7963 = ORIENTED_EDGE('',*,*,#5719,.F.);
#7964 = PLANE('',#7965);
#7965 = AXIS2_PLACEMENT_3D('',#7966,#7967,#7968);
#7966 = CARTESIAN_POINT('',(0.3,-0.3,8.2));
#7967 = DIRECTION('',(1.,0.,-0.));
#7968 = DIRECTION('',(0.,1.,0.));
#7969 = ADVANCED_FACE('',(#7970),#8020,.F.);
#7970 = FACE_BOUND('',#7971,.F.);
#7971 = EDGE_LOOP('',(#7972,#7973,#7974,#7982,#7990,#7998,#8006,#8014));
#7972 = ORIENTED_EDGE('',*,*,#5743,.F.);
#7973 = ORIENTED_EDGE('',*,*,#7958,.T.);
#7974 = ORIENTED_EDGE('',*,*,#7975,.T.);
#7975 = EDGE_CURVE('',#7951,#7976,#7978,.T.);
#7976 = VERTEX_POINT('',#7977);
#7977 = CARTESIAN_POINT('',(0.1,0.3,0.9));
#7978 = LINE('',#7979,#7980);
#7979 = CARTESIAN_POINT('',(0.3,0.3,0.9));
#7980 = VECTOR('',#7981,1.);
#7981 = DIRECTION('',(-1.,1.110223024625E-16,0.));
#7982 = ORIENTED_EDGE('',*,*,#7983,.T.);
#7983 = EDGE_CURVE('',#7976,#7984,#7986,.T.);
#7984 = VERTEX_POINT('',#7985);
#7985 = CARTESIAN_POINT('',(0.1,0.3,7.4));
#7986 = LINE('',#7987,#7988);
#7987 = CARTESIAN_POINT('',(0.1,0.3,6.055738799212));
#7988 = VECTOR('',#7989,1.);
#7989 = DIRECTION('',(0.,0.,1.));
#7990 = ORIENTED_EDGE('',*,*,#7991,.F.);
#7991 = EDGE_CURVE('',#7992,#7984,#7994,.T.);
#7992 = VERTEX_POINT('',#7993);
#7993 = CARTESIAN_POINT('',(-0.1,0.3,7.4));
#7994 = LINE('',#7995,#7996);
#7995 = CARTESIAN_POINT('',(-0.1,0.3,7.4));
#7996 = VECTOR('',#7997,1.);
#7997 = DIRECTION('',(1.,0.,-0.));
#7998 = ORIENTED_EDGE('',*,*,#7999,.F.);
#7999 = EDGE_CURVE('',#8000,#7992,#8002,.T.);
#8000 = VERTEX_POINT('',#8001);
#8001 = CARTESIAN_POINT('',(-0.1,0.3,0.9));
#8002 = LINE('',#8003,#8004);
#8003 = CARTESIAN_POINT('',(-0.1,0.3,6.055738799212));
#8004 = VECTOR('',#8005,1.);
#8005 = DIRECTION('',(0.,0.,1.));
#8006 = ORIENTED_EDGE('',*,*,#8007,.T.);
#8007 = EDGE_CURVE('',#8000,#8008,#8010,.T.);
#8008 = VERTEX_POINT('',#8009);
#8009 = CARTESIAN_POINT('',(-0.3,0.3,0.9));
#8010 = LINE('',#8011,#8012);
#8011 = CARTESIAN_POINT('',(0.3,0.3,0.9));
#8012 = VECTOR('',#8013,1.);
#8013 = DIRECTION('',(-1.,1.110223024625E-16,0.));
#8014 = ORIENTED_EDGE('',*,*,#8015,.F.);
#8015 = EDGE_CURVE('',#5736,#8008,#8016,.T.);
#8016 = LINE('',#8017,#8018);
#8017 = CARTESIAN_POINT('',(-0.3,0.3,8.2));
#8018 = VECTOR('',#8019,1.);
#8019 = DIRECTION('',(0.,-0.,-1.));
#8020 = PLANE('',#8021);
#8021 = AXIS2_PLACEMENT_3D('',#8022,#8023,#8024);
#8022 = CARTESIAN_POINT('',(0.3,0.3,8.2));
#8023 = DIRECTION('',(1.110223024625E-16,1.,0.));
#8024 = DIRECTION('',(-1.,1.110223024625E-16,0.));
#8025 = ADVANCED_FACE('',(#8026),#8044,.F.);
#8026 = FACE_BOUND('',#8027,.F.);
#8027 = EDGE_LOOP('',(#8028,#8029,#8037,#8043));
#8028 = ORIENTED_EDGE('',*,*,#8015,.T.);
#8029 = ORIENTED_EDGE('',*,*,#8030,.T.);
#8030 = EDGE_CURVE('',#8008,#8031,#8033,.T.);
#8031 = VERTEX_POINT('',#8032);
#8032 = CARTESIAN_POINT('',(-0.3,-0.3,0.9));
#8033 = LINE('',#8034,#8035);
#8034 = CARTESIAN_POINT('',(-0.3,0.3,0.9));
#8035 = VECTOR('',#8036,1.);
#8036 = DIRECTION('',(-1.110223024625E-16,-1.,0.));
#8037 = ORIENTED_EDGE('',*,*,#8038,.F.);
#8038 = EDGE_CURVE('',#5760,#8031,#8039,.T.);
#8039 = LINE('',#8040,#8041);
#8040 = CARTESIAN_POINT('',(-0.3,-0.3,8.2));
#8041 = VECTOR('',#8042,1.);
#8042 = DIRECTION('',(0.,-0.,-1.));
#8043 = ORIENTED_EDGE('',*,*,#5767,.F.);
#8044 = PLANE('',#8045);
#8045 = AXIS2_PLACEMENT_3D('',#8046,#8047,#8048);
#8046 = CARTESIAN_POINT('',(-0.3,0.3,8.2));
#8047 = DIRECTION('',(-1.,1.110223024625E-16,0.));
#8048 = DIRECTION('',(-1.110223024625E-16,-1.,0.));
#8049 = ADVANCED_FACE('',(#8050),#8093,.F.);
#8050 = FACE_BOUND('',#8051,.F.);
#8051 = EDGE_LOOP('',(#8052,#8053,#8054,#8062,#8070,#8078,#8086,#8092));
#8052 = ORIENTED_EDGE('',*,*,#5784,.F.);
#8053 = ORIENTED_EDGE('',*,*,#8038,.T.);
#8054 = ORIENTED_EDGE('',*,*,#8055,.T.);
#8055 = EDGE_CURVE('',#8031,#8056,#8058,.T.);
#8056 = VERTEX_POINT('',#8057);
#8057 = CARTESIAN_POINT('',(-0.1,-0.3,0.9));
#8058 = LINE('',#8059,#8060);
#8059 = CARTESIAN_POINT('',(-0.3,-0.3,0.9));
#8060 = VECTOR('',#8061,1.);
#8061 = DIRECTION('',(1.,0.,-0.));
#8062 = ORIENTED_EDGE('',*,*,#8063,.F.);
#8063 = EDGE_CURVE('',#8064,#8056,#8066,.T.);
#8064 = VERTEX_POINT('',#8065);
#8065 = CARTESIAN_POINT('',(-0.1,-0.3,7.4));
#8066 = LINE('',#8067,#8068);
#8067 = CARTESIAN_POINT('',(-0.1,-0.3,6.055738799212));
#8068 = VECTOR('',#8069,1.);
#8069 = DIRECTION('',(0.,-0.,-1.));
#8070 = ORIENTED_EDGE('',*,*,#8071,.T.);
#8071 = EDGE_CURVE('',#8064,#8072,#8074,.T.);
#8072 = VERTEX_POINT('',#8073);
#8073 = CARTESIAN_POINT('',(0.1,-0.3,7.4));
#8074 = LINE('',#8075,#8076);
#8075 = CARTESIAN_POINT('',(-0.1,-0.3,7.4));
#8076 = VECTOR('',#8077,1.);
#8077 = DIRECTION('',(1.,0.,-0.));
#8078 = ORIENTED_EDGE('',*,*,#8079,.T.);
#8079 = EDGE_CURVE('',#8072,#8080,#8082,.T.);
#8080 = VERTEX_POINT('',#8081);
#8081 = CARTESIAN_POINT('',(0.1,-0.3,0.9));
#8082 = LINE('',#8083,#8084);
#8083 = CARTESIAN_POINT('',(0.1,-0.3,6.055738799212));
#8084 = VECTOR('',#8085,1.);
#8085 = DIRECTION('',(0.,-0.,-1.));
#8086 = ORIENTED_EDGE('',*,*,#8087,.T.);
#8087 = EDGE_CURVE('',#8080,#7943,#8088,.T.);
#8088 = LINE('',#8089,#8090);
#8089 = CARTESIAN_POINT('',(-0.3,-0.3,0.9));
#8090 = VECTOR('',#8091,1.);
#8091 = DIRECTION('',(1.,0.,-0.));
#8092 = ORIENTED_EDGE('',*,*,#7942,.F.);
#8093 = PLANE('',#8094);
#8094 = AXIS2_PLACEMENT_3D('',#8095,#8096,#8097);
#8095 = CARTESIAN_POINT('',(-0.3,-0.3,8.2));
#8096 = DIRECTION('',(-1.110223024625E-16,-1.,0.));
#8097 = DIRECTION('',(1.,-1.110223024625E-16,0.));
#8098 = ADVANCED_FACE('',(#8099),#8110,.T.);
#8099 = FACE_BOUND('',#8100,.T.);
#8100 = EDGE_LOOP('',(#8101,#8107,#8108,#8109));
#8101 = ORIENTED_EDGE('',*,*,#8102,.T.);
#8102 = EDGE_CURVE('',#5880,#5816,#8103,.T.);
#8103 = LINE('',#8104,#8105);
#8104 = CARTESIAN_POINT('',(-0.1,-18.08,-2.5));
#8105 = VECTOR('',#8106,1.);
#8106 = DIRECTION('',(1.,0.,-0.));
#8107 = ORIENTED_EDGE('',*,*,#5815,.T.);
#8108 = ORIENTED_EDGE('',*,*,#5800,.F.);
#8109 = ORIENTED_EDGE('',*,*,#5879,.F.);
#8110 = PLANE('',#8111);
#8111 = AXIS2_PLACEMENT_3D('',#8112,#8113,#8114);
#8112 = CARTESIAN_POINT('',(-0.1,-18.08,-2.5));
#8113 = DIRECTION('',(-1.110223024625E-16,-1.,0.));
#8114 = DIRECTION('',(0.,0.,1.));
#8115 = ADVANCED_FACE('',(#8116),#8127,.T.);
#8116 = FACE_BOUND('',#8117,.T.);
#8117 = EDGE_LOOP('',(#8118,#8124,#8125,#8126));
#8118 = ORIENTED_EDGE('',*,*,#8119,.T.);
#8119 = EDGE_CURVE('',#5905,#5841,#8120,.T.);
#8120 = LINE('',#8121,#8122);
#8121 = CARTESIAN_POINT('',(-0.1,-17.93,-3.1));
#8122 = VECTOR('',#8123,1.);
#8123 = DIRECTION('',(1.,0.,-0.));
#8124 = ORIENTED_EDGE('',*,*,#5848,.T.);
#8125 = ORIENTED_EDGE('',*,*,#8102,.F.);
#8126 = ORIENTED_EDGE('',*,*,#5912,.F.);
#8127 = PLANE('',#8128);
#8128 = AXIS2_PLACEMENT_3D('',#8129,#8130,#8131);
#8129 = CARTESIAN_POINT('',(-0.1,-17.93,-3.1));
#8130 = DIRECTION('',(-1.077074540829E-16,-0.970142500145,
    -0.242535625036));
#8131 = DIRECTION('',(-2.692686352073E-17,-0.242535625036,0.970142500145
    ));
#8132 = ADVANCED_FACE('',(#8133),#8144,.T.);
#8133 = FACE_BOUND('',#8134,.T.);
#8134 = EDGE_LOOP('',(#8135,#8141,#8142,#8143));
#8135 = ORIENTED_EDGE('',*,*,#8136,.T.);
#8136 = EDGE_CURVE('',#5897,#5833,#8137,.T.);
#8137 = LINE('',#8138,#8139);
#8138 = CARTESIAN_POINT('',(-0.1,-17.63,-3.1));
#8139 = VECTOR('',#8140,1.);
#8140 = DIRECTION('',(1.,0.,-0.));
#8141 = ORIENTED_EDGE('',*,*,#5840,.T.);
#8142 = ORIENTED_EDGE('',*,*,#8119,.F.);
#8143 = ORIENTED_EDGE('',*,*,#5904,.T.);
#8144 = PLANE('',#8145);
#8145 = AXIS2_PLACEMENT_3D('',#8146,#8147,#8148);
#8146 = CARTESIAN_POINT('',(-0.1,-17.63,-3.1));
#8147 = DIRECTION('',(0.,-0.,-1.));
#8148 = DIRECTION('',(-1.110223024625E-16,-1.,0.));
#8149 = ADVANCED_FACE('',(#8150),#8161,.T.);
#8150 = FACE_BOUND('',#8151,.T.);
#8151 = EDGE_LOOP('',(#8152,#8158,#8159,#8160));
#8152 = ORIENTED_EDGE('',*,*,#8153,.T.);
#8153 = EDGE_CURVE('',#5889,#5825,#8154,.T.);
#8154 = LINE('',#8155,#8156);
#8155 = CARTESIAN_POINT('',(-0.1,-17.48,-2.5));
#8156 = VECTOR('',#8157,1.);
#8157 = DIRECTION('',(1.,0.,-0.));
#8158 = ORIENTED_EDGE('',*,*,#5832,.T.);
#8159 = ORIENTED_EDGE('',*,*,#8136,.F.);
#8160 = ORIENTED_EDGE('',*,*,#5896,.F.);
#8161 = PLANE('',#8162);
#8162 = AXIS2_PLACEMENT_3D('',#8163,#8164,#8165);
#8163 = CARTESIAN_POINT('',(-0.1,-17.48,-2.5));
#8164 = DIRECTION('',(1.077074540829E-16,0.970142500145,-0.242535625036)
  );
#8165 = DIRECTION('',(-2.692686352073E-17,-0.242535625036,
    -0.970142500145));
#8166 = ADVANCED_FACE('',(#8167),#8173,.T.);
#8167 = FACE_BOUND('',#8168,.T.);
#8168 = EDGE_LOOP('',(#8169,#8170,#8171,#8172));
#8169 = ORIENTED_EDGE('',*,*,#5862,.T.);
#8170 = ORIENTED_EDGE('',*,*,#5824,.T.);
#8171 = ORIENTED_EDGE('',*,*,#8153,.F.);
#8172 = ORIENTED_EDGE('',*,*,#5888,.F.);
#8173 = PLANE('',#8174);
#8174 = AXIS2_PLACEMENT_3D('',#8175,#8176,#8177);
#8175 = CARTESIAN_POINT('',(-0.1,-17.48,0.2));
#8176 = DIRECTION('',(1.110223024625E-16,1.,0.));
#8177 = DIRECTION('',(0.,0.,-1.));
#8178 = ADVANCED_FACE('',(#8179),#8190,.T.);
#8179 = FACE_BOUND('',#8180,.T.);
#8180 = EDGE_LOOP('',(#8181,#8187,#8188,#8189));
#8181 = ORIENTED_EDGE('',*,*,#8182,.T.);
#8182 = EDGE_CURVE('',#6008,#5944,#8183,.T.);
#8183 = LINE('',#8184,#8185);
#8184 = CARTESIAN_POINT('',(-0.1,-15.54,-2.5));
#8185 = VECTOR('',#8186,1.);
#8186 = DIRECTION('',(1.,0.,-0.));
#8187 = ORIENTED_EDGE('',*,*,#5943,.T.);
#8188 = ORIENTED_EDGE('',*,*,#5928,.F.);
#8189 = ORIENTED_EDGE('',*,*,#6007,.F.);
#8190 = PLANE('',#8191);
#8191 = AXIS2_PLACEMENT_3D('',#8192,#8193,#8194);
#8192 = CARTESIAN_POINT('',(-0.1,-15.54,-2.5));
#8193 = DIRECTION('',(-1.110223024625E-16,-1.,0.));
#8194 = DIRECTION('',(0.,0.,1.));
#8195 = ADVANCED_FACE('',(#8196),#8207,.T.);
#8196 = FACE_BOUND('',#8197,.T.);
#8197 = EDGE_LOOP('',(#8198,#8204,#8205,#8206));
#8198 = ORIENTED_EDGE('',*,*,#8199,.T.);
#8199 = EDGE_CURVE('',#6033,#5969,#8200,.T.);
#8200 = LINE('',#8201,#8202);
#8201 = CARTESIAN_POINT('',(-0.1,-15.39,-3.1));
#8202 = VECTOR('',#8203,1.);
#8203 = DIRECTION('',(1.,0.,-0.));
#8204 = ORIENTED_EDGE('',*,*,#5976,.T.);
#8205 = ORIENTED_EDGE('',*,*,#8182,.F.);
#8206 = ORIENTED_EDGE('',*,*,#6040,.F.);
#8207 = PLANE('',#8208);
#8208 = AXIS2_PLACEMENT_3D('',#8209,#8210,#8211);
#8209 = CARTESIAN_POINT('',(-0.1,-15.39,-3.1));
#8210 = DIRECTION('',(-1.077074540829E-16,-0.970142500145,
    -0.242535625036));
#8211 = DIRECTION('',(-2.692686352073E-17,-0.242535625036,0.970142500145
    ));
#8212 = ADVANCED_FACE('',(#8213),#8224,.T.);
#8213 = FACE_BOUND('',#8214,.T.);
#8214 = EDGE_LOOP('',(#8215,#8221,#8222,#8223));
#8215 = ORIENTED_EDGE('',*,*,#8216,.T.);
#8216 = EDGE_CURVE('',#6025,#5961,#8217,.T.);
#8217 = LINE('',#8218,#8219);
#8218 = CARTESIAN_POINT('',(-0.1,-15.09,-3.1));
#8219 = VECTOR('',#8220,1.);
#8220 = DIRECTION('',(1.,0.,-0.));
#8221 = ORIENTED_EDGE('',*,*,#5968,.T.);
#8222 = ORIENTED_EDGE('',*,*,#8199,.F.);
#8223 = ORIENTED_EDGE('',*,*,#6032,.T.);
#8224 = PLANE('',#8225);
#8225 = AXIS2_PLACEMENT_3D('',#8226,#8227,#8228);
#8226 = CARTESIAN_POINT('',(-0.1,-15.09,-3.1));
#8227 = DIRECTION('',(0.,-0.,-1.));
#8228 = DIRECTION('',(-1.110223024625E-16,-1.,0.));
#8229 = ADVANCED_FACE('',(#8230),#8241,.T.);
#8230 = FACE_BOUND('',#8231,.T.);
#8231 = EDGE_LOOP('',(#8232,#8238,#8239,#8240));
#8232 = ORIENTED_EDGE('',*,*,#8233,.T.);
#8233 = EDGE_CURVE('',#6017,#5953,#8234,.T.);
#8234 = LINE('',#8235,#8236);
#8235 = CARTESIAN_POINT('',(-0.1,-14.94,-2.5));
#8236 = VECTOR('',#8237,1.);
#8237 = DIRECTION('',(1.,0.,-0.));
#8238 = ORIENTED_EDGE('',*,*,#5960,.T.);
#8239 = ORIENTED_EDGE('',*,*,#8216,.F.);
#8240 = ORIENTED_EDGE('',*,*,#6024,.F.);
#8241 = PLANE('',#8242);
#8242 = AXIS2_PLACEMENT_3D('',#8243,#8244,#8245);
#8243 = CARTESIAN_POINT('',(-0.1,-14.94,-2.5));
#8244 = DIRECTION('',(1.077074540829E-16,0.970142500145,-0.242535625036)
  );
#8245 = DIRECTION('',(-2.692686352073E-17,-0.242535625036,
    -0.970142500145));
#8246 = ADVANCED_FACE('',(#8247),#8253,.T.);
#8247 = FACE_BOUND('',#8248,.T.);
#8248 = EDGE_LOOP('',(#8249,#8250,#8251,#8252));
#8249 = ORIENTED_EDGE('',*,*,#5990,.T.);
#8250 = ORIENTED_EDGE('',*,*,#5952,.T.);
#8251 = ORIENTED_EDGE('',*,*,#8233,.F.);
#8252 = ORIENTED_EDGE('',*,*,#6016,.F.);
#8253 = PLANE('',#8254);
#8254 = AXIS2_PLACEMENT_3D('',#8255,#8256,#8257);
#8255 = CARTESIAN_POINT('',(-0.1,-14.94,0.2));
#8256 = DIRECTION('',(1.110223024625E-16,1.,0.));
#8257 = DIRECTION('',(0.,0.,-1.));
#8258 = ADVANCED_FACE('',(#8259),#8270,.T.);
#8259 = FACE_BOUND('',#8260,.T.);
#8260 = EDGE_LOOP('',(#8261,#8267,#8268,#8269));
#8261 = ORIENTED_EDGE('',*,*,#8262,.T.);
#8262 = EDGE_CURVE('',#6136,#6072,#8263,.T.);
#8263 = LINE('',#8264,#8265);
#8264 = CARTESIAN_POINT('',(-0.1,-13.,-2.5));
#8265 = VECTOR('',#8266,1.);
#8266 = DIRECTION('',(1.,0.,-0.));
#8267 = ORIENTED_EDGE('',*,*,#6071,.T.);
#8268 = ORIENTED_EDGE('',*,*,#6056,.F.);
#8269 = ORIENTED_EDGE('',*,*,#6135,.F.);
#8270 = PLANE('',#8271);
#8271 = AXIS2_PLACEMENT_3D('',#8272,#8273,#8274);
#8272 = CARTESIAN_POINT('',(-0.1,-13.,-2.5));
#8273 = DIRECTION('',(-1.110223024625E-16,-1.,0.));
#8274 = DIRECTION('',(0.,0.,1.));
#8275 = ADVANCED_FACE('',(#8276),#8287,.T.);
#8276 = FACE_BOUND('',#8277,.T.);
#8277 = EDGE_LOOP('',(#8278,#8284,#8285,#8286));
#8278 = ORIENTED_EDGE('',*,*,#8279,.T.);
#8279 = EDGE_CURVE('',#6161,#6097,#8280,.T.);
#8280 = LINE('',#8281,#8282);
#8281 = CARTESIAN_POINT('',(-0.1,-12.85,-3.1));
#8282 = VECTOR('',#8283,1.);
#8283 = DIRECTION('',(1.,0.,-0.));
#8284 = ORIENTED_EDGE('',*,*,#6104,.T.);
#8285 = ORIENTED_EDGE('',*,*,#8262,.F.);
#8286 = ORIENTED_EDGE('',*,*,#6168,.F.);
#8287 = PLANE('',#8288);
#8288 = AXIS2_PLACEMENT_3D('',#8289,#8290,#8291);
#8289 = CARTESIAN_POINT('',(-0.1,-12.85,-3.1));
#8290 = DIRECTION('',(-1.077074540829E-16,-0.970142500145,
    -0.242535625036));
#8291 = DIRECTION('',(-2.692686352073E-17,-0.242535625036,0.970142500145
    ));
#8292 = ADVANCED_FACE('',(#8293),#8304,.T.);
#8293 = FACE_BOUND('',#8294,.T.);
#8294 = EDGE_LOOP('',(#8295,#8301,#8302,#8303));
#8295 = ORIENTED_EDGE('',*,*,#8296,.T.);
#8296 = EDGE_CURVE('',#6153,#6089,#8297,.T.);
#8297 = LINE('',#8298,#8299);
#8298 = CARTESIAN_POINT('',(-0.1,-12.55,-3.1));
#8299 = VECTOR('',#8300,1.);
#8300 = DIRECTION('',(1.,0.,-0.));
#8301 = ORIENTED_EDGE('',*,*,#6096,.T.);
#8302 = ORIENTED_EDGE('',*,*,#8279,.F.);
#8303 = ORIENTED_EDGE('',*,*,#6160,.T.);
#8304 = PLANE('',#8305);
#8305 = AXIS2_PLACEMENT_3D('',#8306,#8307,#8308);
#8306 = CARTESIAN_POINT('',(-0.1,-12.55,-3.1));
#8307 = DIRECTION('',(0.,-0.,-1.));
#8308 = DIRECTION('',(-1.110223024625E-16,-1.,0.));
#8309 = ADVANCED_FACE('',(#8310),#8321,.T.);
#8310 = FACE_BOUND('',#8311,.T.);
#8311 = EDGE_LOOP('',(#8312,#8318,#8319,#8320));
#8312 = ORIENTED_EDGE('',*,*,#8313,.T.);
#8313 = EDGE_CURVE('',#6145,#6081,#8314,.T.);
#8314 = LINE('',#8315,#8316);
#8315 = CARTESIAN_POINT('',(-0.1,-12.4,-2.5));
#8316 = VECTOR('',#8317,1.);
#8317 = DIRECTION('',(1.,0.,-0.));
#8318 = ORIENTED_EDGE('',*,*,#6088,.T.);
#8319 = ORIENTED_EDGE('',*,*,#8296,.F.);
#8320 = ORIENTED_EDGE('',*,*,#6152,.F.);
#8321 = PLANE('',#8322);
#8322 = AXIS2_PLACEMENT_3D('',#8323,#8324,#8325);
#8323 = CARTESIAN_POINT('',(-0.1,-12.4,-2.5));
#8324 = DIRECTION('',(1.077074540829E-16,0.970142500145,-0.242535625036)
  );
#8325 = DIRECTION('',(-2.692686352073E-17,-0.242535625036,
    -0.970142500145));
#8326 = ADVANCED_FACE('',(#8327),#8333,.T.);
#8327 = FACE_BOUND('',#8328,.T.);
#8328 = EDGE_LOOP('',(#8329,#8330,#8331,#8332));
#8329 = ORIENTED_EDGE('',*,*,#6118,.T.);
#8330 = ORIENTED_EDGE('',*,*,#6080,.T.);
#8331 = ORIENTED_EDGE('',*,*,#8313,.F.);
#8332 = ORIENTED_EDGE('',*,*,#6144,.F.);
#8333 = PLANE('',#8334);
#8334 = AXIS2_PLACEMENT_3D('',#8335,#8336,#8337);
#8335 = CARTESIAN_POINT('',(-0.1,-12.4,0.2));
#8336 = DIRECTION('',(1.110223024625E-16,1.,0.));
#8337 = DIRECTION('',(0.,0.,-1.));
#8338 = ADVANCED_FACE('',(#8339),#8350,.T.);
#8339 = FACE_BOUND('',#8340,.T.);
#8340 = EDGE_LOOP('',(#8341,#8347,#8348,#8349));
#8341 = ORIENTED_EDGE('',*,*,#8342,.T.);
#8342 = EDGE_CURVE('',#6264,#6200,#8343,.T.);
#8343 = LINE('',#8344,#8345);
#8344 = CARTESIAN_POINT('',(-0.1,-10.46,-2.5));
#8345 = VECTOR('',#8346,1.);
#8346 = DIRECTION('',(1.,0.,-0.));
#8347 = ORIENTED_EDGE('',*,*,#6199,.T.);
#8348 = ORIENTED_EDGE('',*,*,#6184,.F.);
#8349 = ORIENTED_EDGE('',*,*,#6263,.F.);
#8350 = PLANE('',#8351);
#8351 = AXIS2_PLACEMENT_3D('',#8352,#8353,#8354);
#8352 = CARTESIAN_POINT('',(-0.1,-10.46,-2.5));
#8353 = DIRECTION('',(-1.110223024625E-16,-1.,0.));
#8354 = DIRECTION('',(0.,0.,1.));
#8355 = ADVANCED_FACE('',(#8356),#8367,.T.);
#8356 = FACE_BOUND('',#8357,.T.);
#8357 = EDGE_LOOP('',(#8358,#8364,#8365,#8366));
#8358 = ORIENTED_EDGE('',*,*,#8359,.T.);
#8359 = EDGE_CURVE('',#6289,#6225,#8360,.T.);
#8360 = LINE('',#8361,#8362);
#8361 = CARTESIAN_POINT('',(-0.1,-10.31,-3.1));
#8362 = VECTOR('',#8363,1.);
#8363 = DIRECTION('',(1.,0.,-0.));
#8364 = ORIENTED_EDGE('',*,*,#6232,.T.);
#8365 = ORIENTED_EDGE('',*,*,#8342,.F.);
#8366 = ORIENTED_EDGE('',*,*,#6296,.F.);
#8367 = PLANE('',#8368);
#8368 = AXIS2_PLACEMENT_3D('',#8369,#8370,#8371);
#8369 = CARTESIAN_POINT('',(-0.1,-10.31,-3.1));
#8370 = DIRECTION('',(-1.077074540829E-16,-0.970142500145,
    -0.242535625036));
#8371 = DIRECTION('',(-2.692686352073E-17,-0.242535625036,0.970142500145
    ));
#8372 = ADVANCED_FACE('',(#8373),#8384,.T.);
#8373 = FACE_BOUND('',#8374,.T.);
#8374 = EDGE_LOOP('',(#8375,#8381,#8382,#8383));
#8375 = ORIENTED_EDGE('',*,*,#8376,.T.);
#8376 = EDGE_CURVE('',#6281,#6217,#8377,.T.);
#8377 = LINE('',#8378,#8379);
#8378 = CARTESIAN_POINT('',(-0.1,-10.01,-3.1));
#8379 = VECTOR('',#8380,1.);
#8380 = DIRECTION('',(1.,0.,-0.));
#8381 = ORIENTED_EDGE('',*,*,#6224,.T.);
#8382 = ORIENTED_EDGE('',*,*,#8359,.F.);
#8383 = ORIENTED_EDGE('',*,*,#6288,.T.);
#8384 = PLANE('',#8385);
#8385 = AXIS2_PLACEMENT_3D('',#8386,#8387,#8388);
#8386 = CARTESIAN_POINT('',(-0.1,-10.01,-3.1));
#8387 = DIRECTION('',(0.,-0.,-1.));
#8388 = DIRECTION('',(-1.110223024625E-16,-1.,0.));
#8389 = ADVANCED_FACE('',(#8390),#8401,.T.);
#8390 = FACE_BOUND('',#8391,.T.);
#8391 = EDGE_LOOP('',(#8392,#8398,#8399,#8400));
#8392 = ORIENTED_EDGE('',*,*,#8393,.T.);
#8393 = EDGE_CURVE('',#6273,#6209,#8394,.T.);
#8394 = LINE('',#8395,#8396);
#8395 = CARTESIAN_POINT('',(-0.1,-9.86,-2.5));
#8396 = VECTOR('',#8397,1.);
#8397 = DIRECTION('',(1.,0.,-0.));
#8398 = ORIENTED_EDGE('',*,*,#6216,.T.);
#8399 = ORIENTED_EDGE('',*,*,#8376,.F.);
#8400 = ORIENTED_EDGE('',*,*,#6280,.F.);
#8401 = PLANE('',#8402);
#8402 = AXIS2_PLACEMENT_3D('',#8403,#8404,#8405);
#8403 = CARTESIAN_POINT('',(-0.1,-9.86,-2.5));
#8404 = DIRECTION('',(1.077074540829E-16,0.970142500145,-0.242535625036)
  );
#8405 = DIRECTION('',(-2.692686352073E-17,-0.242535625036,
    -0.970142500145));
#8406 = ADVANCED_FACE('',(#8407),#8413,.T.);
#8407 = FACE_BOUND('',#8408,.T.);
#8408 = EDGE_LOOP('',(#8409,#8410,#8411,#8412));
#8409 = ORIENTED_EDGE('',*,*,#6246,.T.);
#8410 = ORIENTED_EDGE('',*,*,#6208,.T.);
#8411 = ORIENTED_EDGE('',*,*,#8393,.F.);
#8412 = ORIENTED_EDGE('',*,*,#6272,.F.);
#8413 = PLANE('',#8414);
#8414 = AXIS2_PLACEMENT_3D('',#8415,#8416,#8417);
#8415 = CARTESIAN_POINT('',(-0.1,-9.86,0.2));
#8416 = DIRECTION('',(1.110223024625E-16,1.,0.));
#8417 = DIRECTION('',(0.,0.,-1.));
#8418 = ADVANCED_FACE('',(#8419),#8430,.T.);
#8419 = FACE_BOUND('',#8420,.T.);
#8420 = EDGE_LOOP('',(#8421,#8427,#8428,#8429));
#8421 = ORIENTED_EDGE('',*,*,#8422,.T.);
#8422 = EDGE_CURVE('',#6392,#6328,#8423,.T.);
#8423 = LINE('',#8424,#8425);
#8424 = CARTESIAN_POINT('',(-0.1,-7.92,-2.5));
#8425 = VECTOR('',#8426,1.);
#8426 = DIRECTION('',(1.,0.,-0.));
#8427 = ORIENTED_EDGE('',*,*,#6327,.T.);
#8428 = ORIENTED_EDGE('',*,*,#6312,.F.);
#8429 = ORIENTED_EDGE('',*,*,#6391,.F.);
#8430 = PLANE('',#8431);
#8431 = AXIS2_PLACEMENT_3D('',#8432,#8433,#8434);
#8432 = CARTESIAN_POINT('',(-0.1,-7.92,-2.5));
#8433 = DIRECTION('',(-1.110223024625E-16,-1.,0.));
#8434 = DIRECTION('',(0.,0.,1.));
#8435 = ADVANCED_FACE('',(#8436),#8447,.T.);
#8436 = FACE_BOUND('',#8437,.T.);
#8437 = EDGE_LOOP('',(#8438,#8444,#8445,#8446));
#8438 = ORIENTED_EDGE('',*,*,#8439,.T.);
#8439 = EDGE_CURVE('',#6417,#6353,#8440,.T.);
#8440 = LINE('',#8441,#8442);
#8441 = CARTESIAN_POINT('',(-0.1,-7.77,-3.1));
#8442 = VECTOR('',#8443,1.);
#8443 = DIRECTION('',(1.,0.,-0.));
#8444 = ORIENTED_EDGE('',*,*,#6360,.T.);
#8445 = ORIENTED_EDGE('',*,*,#8422,.F.);
#8446 = ORIENTED_EDGE('',*,*,#6424,.F.);
#8447 = PLANE('',#8448);
#8448 = AXIS2_PLACEMENT_3D('',#8449,#8450,#8451);
#8449 = CARTESIAN_POINT('',(-0.1,-7.77,-3.1));
#8450 = DIRECTION('',(-1.077074540829E-16,-0.970142500145,
    -0.242535625036));
#8451 = DIRECTION('',(-2.692686352073E-17,-0.242535625036,0.970142500145
    ));
#8452 = ADVANCED_FACE('',(#8453),#8464,.T.);
#8453 = FACE_BOUND('',#8454,.T.);
#8454 = EDGE_LOOP('',(#8455,#8461,#8462,#8463));
#8455 = ORIENTED_EDGE('',*,*,#8456,.T.);
#8456 = EDGE_CURVE('',#6409,#6345,#8457,.T.);
#8457 = LINE('',#8458,#8459);
#8458 = CARTESIAN_POINT('',(-0.1,-7.47,-3.1));
#8459 = VECTOR('',#8460,1.);
#8460 = DIRECTION('',(1.,0.,-0.));
#8461 = ORIENTED_EDGE('',*,*,#6352,.T.);
#8462 = ORIENTED_EDGE('',*,*,#8439,.F.);
#8463 = ORIENTED_EDGE('',*,*,#6416,.T.);
#8464 = PLANE('',#8465);
#8465 = AXIS2_PLACEMENT_3D('',#8466,#8467,#8468);
#8466 = CARTESIAN_POINT('',(-0.1,-7.47,-3.1));
#8467 = DIRECTION('',(0.,-0.,-1.));
#8468 = DIRECTION('',(-1.110223024625E-16,-1.,0.));
#8469 = ADVANCED_FACE('',(#8470),#8481,.T.);
#8470 = FACE_BOUND('',#8471,.T.);
#8471 = EDGE_LOOP('',(#8472,#8478,#8479,#8480));
#8472 = ORIENTED_EDGE('',*,*,#8473,.T.);
#8473 = EDGE_CURVE('',#6401,#6337,#8474,.T.);
#8474 = LINE('',#8475,#8476);
#8475 = CARTESIAN_POINT('',(-0.1,-7.32,-2.5));
#8476 = VECTOR('',#8477,1.);
#8477 = DIRECTION('',(1.,0.,-0.));
#8478 = ORIENTED_EDGE('',*,*,#6344,.T.);
#8479 = ORIENTED_EDGE('',*,*,#8456,.F.);
#8480 = ORIENTED_EDGE('',*,*,#6408,.F.);
#8481 = PLANE('',#8482);
#8482 = AXIS2_PLACEMENT_3D('',#8483,#8484,#8485);
#8483 = CARTESIAN_POINT('',(-0.1,-7.32,-2.5));
#8484 = DIRECTION('',(1.077074540829E-16,0.970142500145,-0.242535625036)
  );
#8485 = DIRECTION('',(-2.692686352073E-17,-0.242535625036,
    -0.970142500145));
#8486 = ADVANCED_FACE('',(#8487),#8493,.T.);
#8487 = FACE_BOUND('',#8488,.T.);
#8488 = EDGE_LOOP('',(#8489,#8490,#8491,#8492));
#8489 = ORIENTED_EDGE('',*,*,#6374,.T.);
#8490 = ORIENTED_EDGE('',*,*,#6336,.T.);
#8491 = ORIENTED_EDGE('',*,*,#8473,.F.);
#8492 = ORIENTED_EDGE('',*,*,#6400,.F.);
#8493 = PLANE('',#8494);
#8494 = AXIS2_PLACEMENT_3D('',#8495,#8496,#8497);
#8495 = CARTESIAN_POINT('',(-0.1,-7.32,0.2));
#8496 = DIRECTION('',(1.110223024625E-16,1.,0.));
#8497 = DIRECTION('',(0.,0.,-1.));
#8498 = ADVANCED_FACE('',(#8499),#8510,.T.);
#8499 = FACE_BOUND('',#8500,.T.);
#8500 = EDGE_LOOP('',(#8501,#8507,#8508,#8509));
#8501 = ORIENTED_EDGE('',*,*,#8502,.T.);
#8502 = EDGE_CURVE('',#6520,#6456,#8503,.T.);
#8503 = LINE('',#8504,#8505);
#8504 = CARTESIAN_POINT('',(-0.1,-5.38,-2.5));
#8505 = VECTOR('',#8506,1.);
#8506 = DIRECTION('',(1.,0.,-0.));
#8507 = ORIENTED_EDGE('',*,*,#6455,.T.);
#8508 = ORIENTED_EDGE('',*,*,#6440,.F.);
#8509 = ORIENTED_EDGE('',*,*,#6519,.F.);
#8510 = PLANE('',#8511);
#8511 = AXIS2_PLACEMENT_3D('',#8512,#8513,#8514);
#8512 = CARTESIAN_POINT('',(-0.1,-5.38,-2.5));
#8513 = DIRECTION('',(-1.110223024625E-16,-1.,0.));
#8514 = DIRECTION('',(0.,0.,1.));
#8515 = ADVANCED_FACE('',(#8516),#8527,.T.);
#8516 = FACE_BOUND('',#8517,.T.);
#8517 = EDGE_LOOP('',(#8518,#8524,#8525,#8526));
#8518 = ORIENTED_EDGE('',*,*,#8519,.T.);
#8519 = EDGE_CURVE('',#6545,#6481,#8520,.T.);
#8520 = LINE('',#8521,#8522);
#8521 = CARTESIAN_POINT('',(-0.1,-5.23,-3.1));
#8522 = VECTOR('',#8523,1.);
#8523 = DIRECTION('',(1.,0.,-0.));
#8524 = ORIENTED_EDGE('',*,*,#6488,.T.);
#8525 = ORIENTED_EDGE('',*,*,#8502,.F.);
#8526 = ORIENTED_EDGE('',*,*,#6552,.F.);
#8527 = PLANE('',#8528);
#8528 = AXIS2_PLACEMENT_3D('',#8529,#8530,#8531);
#8529 = CARTESIAN_POINT('',(-0.1,-5.23,-3.1));
#8530 = DIRECTION('',(-1.077074540829E-16,-0.970142500145,
    -0.242535625036));
#8531 = DIRECTION('',(-2.692686352073E-17,-0.242535625036,0.970142500145
    ));
#8532 = ADVANCED_FACE('',(#8533),#8544,.T.);
#8533 = FACE_BOUND('',#8534,.T.);
#8534 = EDGE_LOOP('',(#8535,#8541,#8542,#8543));
#8535 = ORIENTED_EDGE('',*,*,#8536,.T.);
#8536 = EDGE_CURVE('',#6537,#6473,#8537,.T.);
#8537 = LINE('',#8538,#8539);
#8538 = CARTESIAN_POINT('',(-0.1,-4.93,-3.1));
#8539 = VECTOR('',#8540,1.);
#8540 = DIRECTION('',(1.,0.,-0.));
#8541 = ORIENTED_EDGE('',*,*,#6480,.T.);
#8542 = ORIENTED_EDGE('',*,*,#8519,.F.);
#8543 = ORIENTED_EDGE('',*,*,#6544,.T.);
#8544 = PLANE('',#8545);
#8545 = AXIS2_PLACEMENT_3D('',#8546,#8547,#8548);
#8546 = CARTESIAN_POINT('',(-0.1,-4.93,-3.1));
#8547 = DIRECTION('',(0.,-0.,-1.));
#8548 = DIRECTION('',(-1.110223024625E-16,-1.,0.));
#8549 = ADVANCED_FACE('',(#8550),#8561,.T.);
#8550 = FACE_BOUND('',#8551,.T.);
#8551 = EDGE_LOOP('',(#8552,#8558,#8559,#8560));
#8552 = ORIENTED_EDGE('',*,*,#8553,.T.);
#8553 = EDGE_CURVE('',#6529,#6465,#8554,.T.);
#8554 = LINE('',#8555,#8556);
#8555 = CARTESIAN_POINT('',(-0.1,-4.78,-2.5));
#8556 = VECTOR('',#8557,1.);
#8557 = DIRECTION('',(1.,0.,-0.));
#8558 = ORIENTED_EDGE('',*,*,#6472,.T.);
#8559 = ORIENTED_EDGE('',*,*,#8536,.F.);
#8560 = ORIENTED_EDGE('',*,*,#6536,.F.);
#8561 = PLANE('',#8562);
#8562 = AXIS2_PLACEMENT_3D('',#8563,#8564,#8565);
#8563 = CARTESIAN_POINT('',(-0.1,-4.78,-2.5));
#8564 = DIRECTION('',(1.077074540829E-16,0.970142500145,-0.242535625036)
  );
#8565 = DIRECTION('',(-2.692686352073E-17,-0.242535625036,
    -0.970142500145));
#8566 = ADVANCED_FACE('',(#8567),#8573,.T.);
#8567 = FACE_BOUND('',#8568,.T.);
#8568 = EDGE_LOOP('',(#8569,#8570,#8571,#8572));
#8569 = ORIENTED_EDGE('',*,*,#6502,.T.);
#8570 = ORIENTED_EDGE('',*,*,#6464,.T.);
#8571 = ORIENTED_EDGE('',*,*,#8553,.F.);
#8572 = ORIENTED_EDGE('',*,*,#6528,.F.);
#8573 = PLANE('',#8574);
#8574 = AXIS2_PLACEMENT_3D('',#8575,#8576,#8577);
#8575 = CARTESIAN_POINT('',(-0.1,-4.78,0.2));
#8576 = DIRECTION('',(1.110223024625E-16,1.,0.));
#8577 = DIRECTION('',(0.,0.,-1.));
#8578 = ADVANCED_FACE('',(#8579),#8590,.T.);
#8579 = FACE_BOUND('',#8580,.T.);
#8580 = EDGE_LOOP('',(#8581,#8587,#8588,#8589));
#8581 = ORIENTED_EDGE('',*,*,#8582,.T.);
#8582 = EDGE_CURVE('',#6648,#6584,#8583,.T.);
#8583 = LINE('',#8584,#8585);
#8584 = CARTESIAN_POINT('',(-0.1,-2.84,-2.5));
#8585 = VECTOR('',#8586,1.);
#8586 = DIRECTION('',(1.,0.,-0.));
#8587 = ORIENTED_EDGE('',*,*,#6583,.T.);
#8588 = ORIENTED_EDGE('',*,*,#6568,.F.);
#8589 = ORIENTED_EDGE('',*,*,#6647,.F.);
#8590 = PLANE('',#8591);
#8591 = AXIS2_PLACEMENT_3D('',#8592,#8593,#8594);
#8592 = CARTESIAN_POINT('',(-0.1,-2.84,-2.5));
#8593 = DIRECTION('',(-1.110223024625E-16,-1.,0.));
#8594 = DIRECTION('',(0.,0.,1.));
#8595 = ADVANCED_FACE('',(#8596),#8607,.T.);
#8596 = FACE_BOUND('',#8597,.T.);
#8597 = EDGE_LOOP('',(#8598,#8604,#8605,#8606));
#8598 = ORIENTED_EDGE('',*,*,#8599,.T.);
#8599 = EDGE_CURVE('',#6673,#6609,#8600,.T.);
#8600 = LINE('',#8601,#8602);
#8601 = CARTESIAN_POINT('',(-0.1,-2.69,-3.1));
#8602 = VECTOR('',#8603,1.);
#8603 = DIRECTION('',(1.,0.,-0.));
#8604 = ORIENTED_EDGE('',*,*,#6616,.T.);
#8605 = ORIENTED_EDGE('',*,*,#8582,.F.);
#8606 = ORIENTED_EDGE('',*,*,#6680,.F.);
#8607 = PLANE('',#8608);
#8608 = AXIS2_PLACEMENT_3D('',#8609,#8610,#8611);
#8609 = CARTESIAN_POINT('',(-0.1,-2.69,-3.1));
#8610 = DIRECTION('',(-1.077074540829E-16,-0.970142500145,
    -0.242535625036));
#8611 = DIRECTION('',(-2.692686352073E-17,-0.242535625036,0.970142500145
    ));
#8612 = ADVANCED_FACE('',(#8613),#8624,.T.);
#8613 = FACE_BOUND('',#8614,.T.);
#8614 = EDGE_LOOP('',(#8615,#8621,#8622,#8623));
#8615 = ORIENTED_EDGE('',*,*,#8616,.T.);
#8616 = EDGE_CURVE('',#6665,#6601,#8617,.T.);
#8617 = LINE('',#8618,#8619);
#8618 = CARTESIAN_POINT('',(-0.1,-2.39,-3.1));
#8619 = VECTOR('',#8620,1.);
#8620 = DIRECTION('',(1.,0.,-0.));
#8621 = ORIENTED_EDGE('',*,*,#6608,.T.);
#8622 = ORIENTED_EDGE('',*,*,#8599,.F.);
#8623 = ORIENTED_EDGE('',*,*,#6672,.T.);
#8624 = PLANE('',#8625);
#8625 = AXIS2_PLACEMENT_3D('',#8626,#8627,#8628);
#8626 = CARTESIAN_POINT('',(-0.1,-2.39,-3.1));
#8627 = DIRECTION('',(0.,-0.,-1.));
#8628 = DIRECTION('',(-1.110223024625E-16,-1.,0.));
#8629 = ADVANCED_FACE('',(#8630),#8641,.T.);
#8630 = FACE_BOUND('',#8631,.T.);
#8631 = EDGE_LOOP('',(#8632,#8638,#8639,#8640));
#8632 = ORIENTED_EDGE('',*,*,#8633,.T.);
#8633 = EDGE_CURVE('',#6657,#6593,#8634,.T.);
#8634 = LINE('',#8635,#8636);
#8635 = CARTESIAN_POINT('',(-0.1,-2.24,-2.5));
#8636 = VECTOR('',#8637,1.);
#8637 = DIRECTION('',(1.,0.,-0.));
#8638 = ORIENTED_EDGE('',*,*,#6600,.T.);
#8639 = ORIENTED_EDGE('',*,*,#8616,.F.);
#8640 = ORIENTED_EDGE('',*,*,#6664,.F.);
#8641 = PLANE('',#8642);
#8642 = AXIS2_PLACEMENT_3D('',#8643,#8644,#8645);
#8643 = CARTESIAN_POINT('',(-0.1,-2.24,-2.5));
#8644 = DIRECTION('',(1.077074540829E-16,0.970142500145,-0.242535625036)
  );
#8645 = DIRECTION('',(-2.692686352073E-17,-0.242535625036,
    -0.970142500145));
#8646 = ADVANCED_FACE('',(#8647),#8653,.T.);
#8647 = FACE_BOUND('',#8648,.T.);
#8648 = EDGE_LOOP('',(#8649,#8650,#8651,#8652));
#8649 = ORIENTED_EDGE('',*,*,#6630,.T.);
#8650 = ORIENTED_EDGE('',*,*,#6592,.T.);
#8651 = ORIENTED_EDGE('',*,*,#8633,.F.);
#8652 = ORIENTED_EDGE('',*,*,#6656,.F.);
#8653 = PLANE('',#8654);
#8654 = AXIS2_PLACEMENT_3D('',#8655,#8656,#8657);
#8655 = CARTESIAN_POINT('',(-0.1,-2.24,0.2));
#8656 = DIRECTION('',(1.110223024625E-16,1.,0.));
#8657 = DIRECTION('',(0.,0.,-1.));
#8658 = ADVANCED_FACE('',(#8659),#8670,.T.);
#8659 = FACE_BOUND('',#8660,.T.);
#8660 = EDGE_LOOP('',(#8661,#8667,#8668,#8669));
#8661 = ORIENTED_EDGE('',*,*,#8662,.T.);
#8662 = EDGE_CURVE('',#6776,#6712,#8663,.T.);
#8663 = LINE('',#8664,#8665);
#8664 = CARTESIAN_POINT('',(-0.1,-0.3,-2.5));
#8665 = VECTOR('',#8666,1.);
#8666 = DIRECTION('',(1.,0.,-0.));
#8667 = ORIENTED_EDGE('',*,*,#6711,.T.);
#8668 = ORIENTED_EDGE('',*,*,#6696,.F.);
#8669 = ORIENTED_EDGE('',*,*,#6775,.F.);
#8670 = PLANE('',#8671);
#8671 = AXIS2_PLACEMENT_3D('',#8672,#8673,#8674);
#8672 = CARTESIAN_POINT('',(-0.1,-0.3,-2.5));
#8673 = DIRECTION('',(-1.110223024625E-16,-1.,0.));
#8674 = DIRECTION('',(0.,0.,1.));
#8675 = ADVANCED_FACE('',(#8676),#8687,.T.);
#8676 = FACE_BOUND('',#8677,.T.);
#8677 = EDGE_LOOP('',(#8678,#8684,#8685,#8686));
#8678 = ORIENTED_EDGE('',*,*,#8679,.T.);
#8679 = EDGE_CURVE('',#6801,#6737,#8680,.T.);
#8680 = LINE('',#8681,#8682);
#8681 = CARTESIAN_POINT('',(-0.1,-0.15,-3.1));
#8682 = VECTOR('',#8683,1.);
#8683 = DIRECTION('',(1.,0.,-0.));
#8684 = ORIENTED_EDGE('',*,*,#6744,.T.);
#8685 = ORIENTED_EDGE('',*,*,#8662,.F.);
#8686 = ORIENTED_EDGE('',*,*,#6808,.F.);
#8687 = PLANE('',#8688);
#8688 = AXIS2_PLACEMENT_3D('',#8689,#8690,#8691);
#8689 = CARTESIAN_POINT('',(-0.1,-0.15,-3.1));
#8690 = DIRECTION('',(-1.077074540829E-16,-0.970142500145,
    -0.242535625036));
#8691 = DIRECTION('',(-2.692686352073E-17,-0.242535625036,0.970142500145
    ));
#8692 = ADVANCED_FACE('',(#8693),#8704,.T.);
#8693 = FACE_BOUND('',#8694,.T.);
#8694 = EDGE_LOOP('',(#8695,#8701,#8702,#8703));
#8695 = ORIENTED_EDGE('',*,*,#8696,.T.);
#8696 = EDGE_CURVE('',#6793,#6729,#8697,.T.);
#8697 = LINE('',#8698,#8699);
#8698 = CARTESIAN_POINT('',(-0.1,0.15,-3.1));
#8699 = VECTOR('',#8700,1.);
#8700 = DIRECTION('',(1.,0.,-0.));
#8701 = ORIENTED_EDGE('',*,*,#6736,.T.);
#8702 = ORIENTED_EDGE('',*,*,#8679,.F.);
#8703 = ORIENTED_EDGE('',*,*,#6800,.T.);
#8704 = PLANE('',#8705);
#8705 = AXIS2_PLACEMENT_3D('',#8706,#8707,#8708);
#8706 = CARTESIAN_POINT('',(-0.1,0.15,-3.1));
#8707 = DIRECTION('',(0.,-0.,-1.));
#8708 = DIRECTION('',(-1.110223024625E-16,-1.,0.));
#8709 = ADVANCED_FACE('',(#8710),#8721,.T.);
#8710 = FACE_BOUND('',#8711,.T.);
#8711 = EDGE_LOOP('',(#8712,#8718,#8719,#8720));
#8712 = ORIENTED_EDGE('',*,*,#8713,.T.);
#8713 = EDGE_CURVE('',#6785,#6721,#8714,.T.);
#8714 = LINE('',#8715,#8716);
#8715 = CARTESIAN_POINT('',(-0.1,0.3,-2.5));
#8716 = VECTOR('',#8717,1.);
#8717 = DIRECTION('',(1.,0.,-0.));
#8718 = ORIENTED_EDGE('',*,*,#6728,.T.);
#8719 = ORIENTED_EDGE('',*,*,#8696,.F.);
#8720 = ORIENTED_EDGE('',*,*,#6792,.F.);
#8721 = PLANE('',#8722);
#8722 = AXIS2_PLACEMENT_3D('',#8723,#8724,#8725);
#8723 = CARTESIAN_POINT('',(-0.1,0.3,-2.5));
#8724 = DIRECTION('',(1.077074540829E-16,0.970142500145,-0.242535625036)
  );
#8725 = DIRECTION('',(-2.692686352073E-17,-0.242535625036,
    -0.970142500145));
#8726 = ADVANCED_FACE('',(#8727),#8733,.T.);
#8727 = FACE_BOUND('',#8728,.T.);
#8728 = EDGE_LOOP('',(#8729,#8730,#8731,#8732));
#8729 = ORIENTED_EDGE('',*,*,#6758,.T.);
#8730 = ORIENTED_EDGE('',*,*,#6720,.T.);
#8731 = ORIENTED_EDGE('',*,*,#8713,.F.);
#8732 = ORIENTED_EDGE('',*,*,#6784,.F.);
#8733 = PLANE('',#8734);
#8734 = AXIS2_PLACEMENT_3D('',#8735,#8736,#8737);
#8735 = CARTESIAN_POINT('',(-0.1,0.3,0.2));
#8736 = DIRECTION('',(1.110223024625E-16,1.,0.));
#8737 = DIRECTION('',(0.,0.,-1.));
#8738 = ADVANCED_FACE('',(#8739),#8750,.T.);
#8739 = FACE_BOUND('',#8740,.T.);
#8740 = EDGE_LOOP('',(#8741,#8742,#8743,#8744));
#8741 = ORIENTED_EDGE('',*,*,#6967,.T.);
#8742 = ORIENTED_EDGE('',*,*,#6830,.T.);
#8743 = ORIENTED_EDGE('',*,*,#6855,.T.);
#8744 = ORIENTED_EDGE('',*,*,#8745,.T.);
#8745 = EDGE_CURVE('',#6856,#6960,#8746,.T.);
#8746 = LINE('',#8747,#8748);
#8747 = CARTESIAN_POINT('',(0.1,-17.78,0.9));
#8748 = VECTOR('',#8749,1.);
#8749 = DIRECTION('',(-1.110223024625E-16,-1.,0.));
#8750 = PLANE('',#8751);
#8751 = AXIS2_PLACEMENT_3D('',#8752,#8753,#8754);
#8752 = CARTESIAN_POINT('',(-2.067651605486E-15,-17.78,0.9));
#8753 = DIRECTION('',(0.,0.,1.));
#8754 = DIRECTION('',(1.110223024625E-16,1.,-0.));
#8755 = ADVANCED_FACE('',(#8756),#8767,.T.);
#8756 = FACE_BOUND('',#8757,.T.);
#8757 = EDGE_LOOP('',(#8758,#8759,#8765,#8766));
#8758 = ORIENTED_EDGE('',*,*,#6935,.T.);
#8759 = ORIENTED_EDGE('',*,*,#8760,.F.);
#8760 = EDGE_CURVE('',#6880,#6936,#8761,.T.);
#8761 = LINE('',#8762,#8763);
#8762 = CARTESIAN_POINT('',(-0.1,-17.78,0.9));
#8763 = VECTOR('',#8764,1.);
#8764 = DIRECTION('',(-1.110223024625E-16,-1.,0.));
#8765 = ORIENTED_EDGE('',*,*,#6887,.T.);
#8766 = ORIENTED_EDGE('',*,*,#6910,.T.);
#8767 = PLANE('',#8768);
#8768 = AXIS2_PLACEMENT_3D('',#8769,#8770,#8771);
#8769 = CARTESIAN_POINT('',(-2.067651605486E-15,-17.78,0.9));
#8770 = DIRECTION('',(0.,0.,1.));
#8771 = DIRECTION('',(1.110223024625E-16,1.,-0.));
#8772 = ADVANCED_FACE('',(#8773),#8816,.T.);
#8773 = FACE_BOUND('',#8774,.T.);
#8774 = EDGE_LOOP('',(#8775,#8776,#8784,#8792,#8800,#8808,#8814,#8815));
#8775 = ORIENTED_EDGE('',*,*,#6943,.F.);
#8776 = ORIENTED_EDGE('',*,*,#8777,.T.);
#8777 = EDGE_CURVE('',#6944,#8778,#8780,.T.);
#8778 = VERTEX_POINT('',#8779);
#8779 = CARTESIAN_POINT('',(-0.1,-18.03,7.35));
#8780 = LINE('',#8781,#8782);
#8781 = CARTESIAN_POINT('',(-0.1,-18.08,7.4));
#8782 = VECTOR('',#8783,1.);
#8783 = DIRECTION('',(7.850462293414E-17,0.707106781187,-0.707106781187)
  );
#8784 = ORIENTED_EDGE('',*,*,#8785,.T.);
#8785 = EDGE_CURVE('',#8778,#8786,#8788,.T.);
#8786 = VERTEX_POINT('',#8787);
#8787 = CARTESIAN_POINT('',(-0.1,-18.03,1.25));
#8788 = LINE('',#8789,#8790);
#8789 = CARTESIAN_POINT('',(-0.1,-18.03,7.35));
#8790 = VECTOR('',#8791,1.);
#8791 = DIRECTION('',(0.,-0.,-1.));
#8792 = ORIENTED_EDGE('',*,*,#8793,.T.);
#8793 = EDGE_CURVE('',#8786,#8794,#8796,.T.);
#8794 = VERTEX_POINT('',#8795);
#8795 = CARTESIAN_POINT('',(-0.1,-17.53,1.25));
#8796 = LINE('',#8797,#8798);
#8797 = CARTESIAN_POINT('',(-0.1,-18.03,1.25));
#8798 = VECTOR('',#8799,1.);
#8799 = DIRECTION('',(1.110223024625E-16,1.,0.));
#8800 = ORIENTED_EDGE('',*,*,#8801,.T.);
#8801 = EDGE_CURVE('',#8794,#8802,#8804,.T.);
#8802 = VERTEX_POINT('',#8803);
#8803 = CARTESIAN_POINT('',(-0.1,-17.53,7.35));
#8804 = LINE('',#8805,#8806);
#8805 = CARTESIAN_POINT('',(-0.1,-17.53,1.25));
#8806 = VECTOR('',#8807,1.);
#8807 = DIRECTION('',(0.,0.,1.));
#8808 = ORIENTED_EDGE('',*,*,#8809,.T.);
#8809 = EDGE_CURVE('',#8802,#6872,#8810,.T.);
#8810 = LINE('',#8811,#8812);
#8811 = CARTESIAN_POINT('',(-0.1,-17.53,7.35));
#8812 = VECTOR('',#8813,1.);
#8813 = DIRECTION('',(7.850462293414E-17,0.707106781187,0.707106781187)
  );
#8814 = ORIENTED_EDGE('',*,*,#6879,.F.);
#8815 = ORIENTED_EDGE('',*,*,#8760,.T.);
#8816 = PLANE('',#8817);
#8817 = AXIS2_PLACEMENT_3D('',#8818,#8819,#8820);
#8818 = CARTESIAN_POINT('',(-0.1,-17.78,3.911477598424));
#8819 = DIRECTION('',(-1.,1.110223024625E-16,0.));
#8820 = DIRECTION('',(0.,0.,1.));
#8821 = ADVANCED_FACE('',(#8822),#8840,.T.);
#8822 = FACE_BOUND('',#8823,.T.);
#8823 = EDGE_LOOP('',(#8824,#8832,#8838,#8839));
#8824 = ORIENTED_EDGE('',*,*,#8825,.T.);
#8825 = EDGE_CURVE('',#8802,#8826,#8828,.T.);
#8826 = VERTEX_POINT('',#8827);
#8827 = CARTESIAN_POINT('',(0.1,-17.53,7.35));
#8828 = LINE('',#8829,#8830);
#8829 = CARTESIAN_POINT('',(-0.1,-17.53,7.35));
#8830 = VECTOR('',#8831,1.);
#8831 = DIRECTION('',(1.,0.,-0.));
#8832 = ORIENTED_EDGE('',*,*,#8833,.T.);
#8833 = EDGE_CURVE('',#8826,#6864,#8834,.T.);
#8834 = LINE('',#8835,#8836);
#8835 = CARTESIAN_POINT('',(0.1,-17.53,7.35));
#8836 = VECTOR('',#8837,1.);
#8837 = DIRECTION('',(7.850462293414E-17,0.707106781187,0.707106781187)
  );
#8838 = ORIENTED_EDGE('',*,*,#6871,.F.);
#8839 = ORIENTED_EDGE('',*,*,#8809,.F.);
#8840 = PLANE('',#8841);
#8841 = AXIS2_PLACEMENT_3D('',#8842,#8843,#8844);
#8842 = CARTESIAN_POINT('',(-0.1,-17.53,7.35));
#8843 = DIRECTION('',(-7.850462293414E-17,-0.707106781187,0.707106781187
    ));
#8844 = DIRECTION('',(7.850462293414E-17,0.707106781187,0.707106781187)
  );
#8845 = ADVANCED_FACE('',(#8846),#8882,.F.);
#8846 = FACE_BOUND('',#8847,.F.);
#8847 = EDGE_LOOP('',(#8848,#8849,#8857,#8865,#8873,#8879,#8880,#8881));
#8848 = ORIENTED_EDGE('',*,*,#6959,.F.);
#8849 = ORIENTED_EDGE('',*,*,#8850,.T.);
#8850 = EDGE_CURVE('',#6952,#8851,#8853,.T.);
#8851 = VERTEX_POINT('',#8852);
#8852 = CARTESIAN_POINT('',(0.1,-18.03,7.35));
#8853 = LINE('',#8854,#8855);
#8854 = CARTESIAN_POINT('',(0.1,-18.08,7.4));
#8855 = VECTOR('',#8856,1.);
#8856 = DIRECTION('',(7.850462293414E-17,0.707106781187,-0.707106781187)
  );
#8857 = ORIENTED_EDGE('',*,*,#8858,.T.);
#8858 = EDGE_CURVE('',#8851,#8859,#8861,.T.);
#8859 = VERTEX_POINT('',#8860);
#8860 = CARTESIAN_POINT('',(0.1,-18.03,1.25));
#8861 = LINE('',#8862,#8863);
#8862 = CARTESIAN_POINT('',(0.1,-18.03,7.35));
#8863 = VECTOR('',#8864,1.);
#8864 = DIRECTION('',(0.,-0.,-1.));
#8865 = ORIENTED_EDGE('',*,*,#8866,.T.);
#8866 = EDGE_CURVE('',#8859,#8867,#8869,.T.);
#8867 = VERTEX_POINT('',#8868);
#8868 = CARTESIAN_POINT('',(0.1,-17.53,1.25));
#8869 = LINE('',#8870,#8871);
#8870 = CARTESIAN_POINT('',(0.1,-18.03,1.25));
#8871 = VECTOR('',#8872,1.);
#8872 = DIRECTION('',(1.110223024625E-16,1.,0.));
#8873 = ORIENTED_EDGE('',*,*,#8874,.T.);
#8874 = EDGE_CURVE('',#8867,#8826,#8875,.T.);
#8875 = LINE('',#8876,#8877);
#8876 = CARTESIAN_POINT('',(0.1,-17.53,1.25));
#8877 = VECTOR('',#8878,1.);
#8878 = DIRECTION('',(0.,0.,1.));
#8879 = ORIENTED_EDGE('',*,*,#8833,.T.);
#8880 = ORIENTED_EDGE('',*,*,#6863,.F.);
#8881 = ORIENTED_EDGE('',*,*,#8745,.T.);
#8882 = PLANE('',#8883);
#8883 = AXIS2_PLACEMENT_3D('',#8884,#8885,#8886);
#8884 = CARTESIAN_POINT('',(0.1,-17.78,3.911477598424));
#8885 = DIRECTION('',(-1.,1.110223024625E-16,0.));
#8886 = DIRECTION('',(0.,0.,1.));
#8887 = ADVANCED_FACE('',(#8888),#8899,.T.);
#8888 = FACE_BOUND('',#8889,.T.);
#8889 = EDGE_LOOP('',(#8890,#8891,#8892,#8898));
#8890 = ORIENTED_EDGE('',*,*,#6951,.T.);
#8891 = ORIENTED_EDGE('',*,*,#8850,.T.);
#8892 = ORIENTED_EDGE('',*,*,#8893,.F.);
#8893 = EDGE_CURVE('',#8778,#8851,#8894,.T.);
#8894 = LINE('',#8895,#8896);
#8895 = CARTESIAN_POINT('',(-0.1,-18.03,7.35));
#8896 = VECTOR('',#8897,1.);
#8897 = DIRECTION('',(1.,0.,-0.));
#8898 = ORIENTED_EDGE('',*,*,#8777,.F.);
#8899 = PLANE('',#8900);
#8900 = AXIS2_PLACEMENT_3D('',#8901,#8902,#8903);
#8901 = CARTESIAN_POINT('',(-0.1,-18.08,7.4));
#8902 = DIRECTION('',(7.850462293414E-17,0.707106781187,0.707106781187)
  );
#8903 = DIRECTION('',(7.850462293414E-17,0.707106781187,-0.707106781187)
  );
#8904 = ADVANCED_FACE('',(#8905),#8916,.T.);
#8905 = FACE_BOUND('',#8906,.T.);
#8906 = EDGE_LOOP('',(#8907,#8908,#8909,#8910));
#8907 = ORIENTED_EDGE('',*,*,#7127,.T.);
#8908 = ORIENTED_EDGE('',*,*,#6990,.T.);
#8909 = ORIENTED_EDGE('',*,*,#7015,.T.);
#8910 = ORIENTED_EDGE('',*,*,#8911,.T.);
#8911 = EDGE_CURVE('',#7016,#7120,#8912,.T.);
#8912 = LINE('',#8913,#8914);
#8913 = CARTESIAN_POINT('',(0.1,-15.24,0.9));
#8914 = VECTOR('',#8915,1.);
#8915 = DIRECTION('',(-1.110223024625E-16,-1.,0.));
#8916 = PLANE('',#8917);
#8917 = AXIS2_PLACEMENT_3D('',#8918,#8919,#8920);
#8918 = CARTESIAN_POINT('',(-1.785654957231E-15,-15.24,0.9));
#8919 = DIRECTION('',(0.,0.,1.));
#8920 = DIRECTION('',(1.110223024625E-16,1.,-0.));
#8921 = ADVANCED_FACE('',(#8922),#8933,.T.);
#8922 = FACE_BOUND('',#8923,.T.);
#8923 = EDGE_LOOP('',(#8924,#8925,#8931,#8932));
#8924 = ORIENTED_EDGE('',*,*,#7095,.T.);
#8925 = ORIENTED_EDGE('',*,*,#8926,.F.);
#8926 = EDGE_CURVE('',#7040,#7096,#8927,.T.);
#8927 = LINE('',#8928,#8929);
#8928 = CARTESIAN_POINT('',(-0.1,-15.24,0.9));
#8929 = VECTOR('',#8930,1.);
#8930 = DIRECTION('',(-1.110223024625E-16,-1.,0.));
#8931 = ORIENTED_EDGE('',*,*,#7047,.T.);
#8932 = ORIENTED_EDGE('',*,*,#7070,.T.);
#8933 = PLANE('',#8934);
#8934 = AXIS2_PLACEMENT_3D('',#8935,#8936,#8937);
#8935 = CARTESIAN_POINT('',(-1.785654957231E-15,-15.24,0.9));
#8936 = DIRECTION('',(0.,0.,1.));
#8937 = DIRECTION('',(1.110223024625E-16,1.,-0.));
#8938 = ADVANCED_FACE('',(#8939),#8982,.T.);
#8939 = FACE_BOUND('',#8940,.T.);
#8940 = EDGE_LOOP('',(#8941,#8942,#8950,#8958,#8966,#8974,#8980,#8981));
#8941 = ORIENTED_EDGE('',*,*,#7103,.F.);
#8942 = ORIENTED_EDGE('',*,*,#8943,.T.);
#8943 = EDGE_CURVE('',#7104,#8944,#8946,.T.);
#8944 = VERTEX_POINT('',#8945);
#8945 = CARTESIAN_POINT('',(-0.1,-15.49,7.35));
#8946 = LINE('',#8947,#8948);
#8947 = CARTESIAN_POINT('',(-0.1,-15.54,7.4));
#8948 = VECTOR('',#8949,1.);
#8949 = DIRECTION('',(7.850462293414E-17,0.707106781187,-0.707106781187)
  );
#8950 = ORIENTED_EDGE('',*,*,#8951,.T.);
#8951 = EDGE_CURVE('',#8944,#8952,#8954,.T.);
#8952 = VERTEX_POINT('',#8953);
#8953 = CARTESIAN_POINT('',(-0.1,-15.49,1.25));
#8954 = LINE('',#8955,#8956);
#8955 = CARTESIAN_POINT('',(-0.1,-15.49,7.35));
#8956 = VECTOR('',#8957,1.);
#8957 = DIRECTION('',(0.,-0.,-1.));
#8958 = ORIENTED_EDGE('',*,*,#8959,.T.);
#8959 = EDGE_CURVE('',#8952,#8960,#8962,.T.);
#8960 = VERTEX_POINT('',#8961);
#8961 = CARTESIAN_POINT('',(-0.1,-14.99,1.25));
#8962 = LINE('',#8963,#8964);
#8963 = CARTESIAN_POINT('',(-0.1,-15.49,1.25));
#8964 = VECTOR('',#8965,1.);
#8965 = DIRECTION('',(1.110223024625E-16,1.,0.));
#8966 = ORIENTED_EDGE('',*,*,#8967,.T.);
#8967 = EDGE_CURVE('',#8960,#8968,#8970,.T.);
#8968 = VERTEX_POINT('',#8969);
#8969 = CARTESIAN_POINT('',(-0.1,-14.99,7.35));
#8970 = LINE('',#8971,#8972);
#8971 = CARTESIAN_POINT('',(-0.1,-14.99,1.25));
#8972 = VECTOR('',#8973,1.);
#8973 = DIRECTION('',(0.,0.,1.));
#8974 = ORIENTED_EDGE('',*,*,#8975,.T.);
#8975 = EDGE_CURVE('',#8968,#7032,#8976,.T.);
#8976 = LINE('',#8977,#8978);
#8977 = CARTESIAN_POINT('',(-0.1,-14.99,7.35));
#8978 = VECTOR('',#8979,1.);
#8979 = DIRECTION('',(7.850462293414E-17,0.707106781187,0.707106781187)
  );
#8980 = ORIENTED_EDGE('',*,*,#7039,.F.);
#8981 = ORIENTED_EDGE('',*,*,#8926,.T.);
#8982 = PLANE('',#8983);
#8983 = AXIS2_PLACEMENT_3D('',#8984,#8985,#8986);
#8984 = CARTESIAN_POINT('',(-0.1,-15.24,3.911477598424));
#8985 = DIRECTION('',(-1.,1.110223024625E-16,0.));
#8986 = DIRECTION('',(0.,0.,1.));
#8987 = ADVANCED_FACE('',(#8988),#9006,.T.);
#8988 = FACE_BOUND('',#8989,.T.);
#8989 = EDGE_LOOP('',(#8990,#8998,#9004,#9005));
#8990 = ORIENTED_EDGE('',*,*,#8991,.T.);
#8991 = EDGE_CURVE('',#8968,#8992,#8994,.T.);
#8992 = VERTEX_POINT('',#8993);
#8993 = CARTESIAN_POINT('',(0.1,-14.99,7.35));
#8994 = LINE('',#8995,#8996);
#8995 = CARTESIAN_POINT('',(-0.1,-14.99,7.35));
#8996 = VECTOR('',#8997,1.);
#8997 = DIRECTION('',(1.,0.,-0.));
#8998 = ORIENTED_EDGE('',*,*,#8999,.T.);
#8999 = EDGE_CURVE('',#8992,#7024,#9000,.T.);
#9000 = LINE('',#9001,#9002);
#9001 = CARTESIAN_POINT('',(0.1,-14.99,7.35));
#9002 = VECTOR('',#9003,1.);
#9003 = DIRECTION('',(7.850462293414E-17,0.707106781187,0.707106781187)
  );
#9004 = ORIENTED_EDGE('',*,*,#7031,.F.);
#9005 = ORIENTED_EDGE('',*,*,#8975,.F.);
#9006 = PLANE('',#9007);
#9007 = AXIS2_PLACEMENT_3D('',#9008,#9009,#9010);
#9008 = CARTESIAN_POINT('',(-0.1,-14.99,7.35));
#9009 = DIRECTION('',(-7.850462293414E-17,-0.707106781187,0.707106781187
    ));
#9010 = DIRECTION('',(7.850462293414E-17,0.707106781187,0.707106781187)
  );
#9011 = ADVANCED_FACE('',(#9012),#9048,.F.);
#9012 = FACE_BOUND('',#9013,.F.);
#9013 = EDGE_LOOP('',(#9014,#9015,#9023,#9031,#9039,#9045,#9046,#9047));
#9014 = ORIENTED_EDGE('',*,*,#7119,.F.);
#9015 = ORIENTED_EDGE('',*,*,#9016,.T.);
#9016 = EDGE_CURVE('',#7112,#9017,#9019,.T.);
#9017 = VERTEX_POINT('',#9018);
#9018 = CARTESIAN_POINT('',(0.1,-15.49,7.35));
#9019 = LINE('',#9020,#9021);
#9020 = CARTESIAN_POINT('',(0.1,-15.54,7.4));
#9021 = VECTOR('',#9022,1.);
#9022 = DIRECTION('',(7.850462293414E-17,0.707106781187,-0.707106781187)
  );
#9023 = ORIENTED_EDGE('',*,*,#9024,.T.);
#9024 = EDGE_CURVE('',#9017,#9025,#9027,.T.);
#9025 = VERTEX_POINT('',#9026);
#9026 = CARTESIAN_POINT('',(0.1,-15.49,1.25));
#9027 = LINE('',#9028,#9029);
#9028 = CARTESIAN_POINT('',(0.1,-15.49,7.35));
#9029 = VECTOR('',#9030,1.);
#9030 = DIRECTION('',(0.,-0.,-1.));
#9031 = ORIENTED_EDGE('',*,*,#9032,.T.);
#9032 = EDGE_CURVE('',#9025,#9033,#9035,.T.);
#9033 = VERTEX_POINT('',#9034);
#9034 = CARTESIAN_POINT('',(0.1,-14.99,1.25));
#9035 = LINE('',#9036,#9037);
#9036 = CARTESIAN_POINT('',(0.1,-15.49,1.25));
#9037 = VECTOR('',#9038,1.);
#9038 = DIRECTION('',(1.110223024625E-16,1.,0.));
#9039 = ORIENTED_EDGE('',*,*,#9040,.T.);
#9040 = EDGE_CURVE('',#9033,#8992,#9041,.T.);
#9041 = LINE('',#9042,#9043);
#9042 = CARTESIAN_POINT('',(0.1,-14.99,1.25));
#9043 = VECTOR('',#9044,1.);
#9044 = DIRECTION('',(0.,0.,1.));
#9045 = ORIENTED_EDGE('',*,*,#8999,.T.);
#9046 = ORIENTED_EDGE('',*,*,#7023,.F.);
#9047 = ORIENTED_EDGE('',*,*,#8911,.T.);
#9048 = PLANE('',#9049);
#9049 = AXIS2_PLACEMENT_3D('',#9050,#9051,#9052);
#9050 = CARTESIAN_POINT('',(0.1,-15.24,3.911477598424));
#9051 = DIRECTION('',(-1.,1.110223024625E-16,0.));
#9052 = DIRECTION('',(0.,0.,1.));
#9053 = ADVANCED_FACE('',(#9054),#9065,.T.);
#9054 = FACE_BOUND('',#9055,.T.);
#9055 = EDGE_LOOP('',(#9056,#9057,#9058,#9064));
#9056 = ORIENTED_EDGE('',*,*,#7111,.T.);
#9057 = ORIENTED_EDGE('',*,*,#9016,.T.);
#9058 = ORIENTED_EDGE('',*,*,#9059,.F.);
#9059 = EDGE_CURVE('',#8944,#9017,#9060,.T.);
#9060 = LINE('',#9061,#9062);
#9061 = CARTESIAN_POINT('',(-0.1,-15.49,7.35));
#9062 = VECTOR('',#9063,1.);
#9063 = DIRECTION('',(1.,0.,-0.));
#9064 = ORIENTED_EDGE('',*,*,#8943,.F.);
#9065 = PLANE('',#9066);
#9066 = AXIS2_PLACEMENT_3D('',#9067,#9068,#9069);
#9067 = CARTESIAN_POINT('',(-0.1,-15.54,7.4));
#9068 = DIRECTION('',(7.850462293414E-17,0.707106781187,0.707106781187)
  );
#9069 = DIRECTION('',(7.850462293414E-17,0.707106781187,-0.707106781187)
  );
#9070 = ADVANCED_FACE('',(#9071),#9082,.T.);
#9071 = FACE_BOUND('',#9072,.T.);
#9072 = EDGE_LOOP('',(#9073,#9074,#9075,#9076));
#9073 = ORIENTED_EDGE('',*,*,#7287,.T.);
#9074 = ORIENTED_EDGE('',*,*,#7150,.T.);
#9075 = ORIENTED_EDGE('',*,*,#7175,.T.);
#9076 = ORIENTED_EDGE('',*,*,#9077,.T.);
#9077 = EDGE_CURVE('',#7176,#7280,#9078,.T.);
#9078 = LINE('',#9079,#9080);
#9079 = CARTESIAN_POINT('',(0.1,-12.7,0.9));
#9080 = VECTOR('',#9081,1.);
#9081 = DIRECTION('',(-1.110223024625E-16,-1.,0.));
#9082 = PLANE('',#9083);
#9083 = AXIS2_PLACEMENT_3D('',#9084,#9085,#9086);
#9084 = CARTESIAN_POINT('',(-1.503658308977E-15,-12.7,0.9));
#9085 = DIRECTION('',(0.,0.,1.));
#9086 = DIRECTION('',(1.110223024625E-16,1.,-0.));
#9087 = ADVANCED_FACE('',(#9088),#9099,.T.);
#9088 = FACE_BOUND('',#9089,.T.);
#9089 = EDGE_LOOP('',(#9090,#9091,#9097,#9098));
#9090 = ORIENTED_EDGE('',*,*,#7255,.T.);
#9091 = ORIENTED_EDGE('',*,*,#9092,.F.);
#9092 = EDGE_CURVE('',#7200,#7256,#9093,.T.);
#9093 = LINE('',#9094,#9095);
#9094 = CARTESIAN_POINT('',(-0.1,-12.7,0.9));
#9095 = VECTOR('',#9096,1.);
#9096 = DIRECTION('',(-1.110223024625E-16,-1.,0.));
#9097 = ORIENTED_EDGE('',*,*,#7207,.T.);
#9098 = ORIENTED_EDGE('',*,*,#7230,.T.);
#9099 = PLANE('',#9100);
#9100 = AXIS2_PLACEMENT_3D('',#9101,#9102,#9103);
#9101 = CARTESIAN_POINT('',(-1.503658308977E-15,-12.7,0.9));
#9102 = DIRECTION('',(0.,0.,1.));
#9103 = DIRECTION('',(1.110223024625E-16,1.,-0.));
#9104 = ADVANCED_FACE('',(#9105),#9148,.T.);
#9105 = FACE_BOUND('',#9106,.T.);
#9106 = EDGE_LOOP('',(#9107,#9108,#9116,#9124,#9132,#9140,#9146,#9147));
#9107 = ORIENTED_EDGE('',*,*,#7263,.F.);
#9108 = ORIENTED_EDGE('',*,*,#9109,.T.);
#9109 = EDGE_CURVE('',#7264,#9110,#9112,.T.);
#9110 = VERTEX_POINT('',#9111);
#9111 = CARTESIAN_POINT('',(-0.1,-12.95,7.35));
#9112 = LINE('',#9113,#9114);
#9113 = CARTESIAN_POINT('',(-0.1,-13.,7.4));
#9114 = VECTOR('',#9115,1.);
#9115 = DIRECTION('',(7.850462293414E-17,0.707106781187,-0.707106781187)
  );
#9116 = ORIENTED_EDGE('',*,*,#9117,.T.);
#9117 = EDGE_CURVE('',#9110,#9118,#9120,.T.);
#9118 = VERTEX_POINT('',#9119);
#9119 = CARTESIAN_POINT('',(-0.1,-12.95,1.25));
#9120 = LINE('',#9121,#9122);
#9121 = CARTESIAN_POINT('',(-0.1,-12.95,7.35));
#9122 = VECTOR('',#9123,1.);
#9123 = DIRECTION('',(0.,-0.,-1.));
#9124 = ORIENTED_EDGE('',*,*,#9125,.T.);
#9125 = EDGE_CURVE('',#9118,#9126,#9128,.T.);
#9126 = VERTEX_POINT('',#9127);
#9127 = CARTESIAN_POINT('',(-0.1,-12.45,1.25));
#9128 = LINE('',#9129,#9130);
#9129 = CARTESIAN_POINT('',(-0.1,-12.95,1.25));
#9130 = VECTOR('',#9131,1.);
#9131 = DIRECTION('',(1.110223024625E-16,1.,0.));
#9132 = ORIENTED_EDGE('',*,*,#9133,.T.);
#9133 = EDGE_CURVE('',#9126,#9134,#9136,.T.);
#9134 = VERTEX_POINT('',#9135);
#9135 = CARTESIAN_POINT('',(-0.1,-12.45,7.35));
#9136 = LINE('',#9137,#9138);
#9137 = CARTESIAN_POINT('',(-0.1,-12.45,1.25));
#9138 = VECTOR('',#9139,1.);
#9139 = DIRECTION('',(0.,0.,1.));
#9140 = ORIENTED_EDGE('',*,*,#9141,.T.);
#9141 = EDGE_CURVE('',#9134,#7192,#9142,.T.);
#9142 = LINE('',#9143,#9144);
#9143 = CARTESIAN_POINT('',(-0.1,-12.45,7.35));
#9144 = VECTOR('',#9145,1.);
#9145 = DIRECTION('',(7.850462293414E-17,0.707106781187,0.707106781187)
  );
#9146 = ORIENTED_EDGE('',*,*,#7199,.F.);
#9147 = ORIENTED_EDGE('',*,*,#9092,.T.);
#9148 = PLANE('',#9149);
#9149 = AXIS2_PLACEMENT_3D('',#9150,#9151,#9152);
#9150 = CARTESIAN_POINT('',(-0.1,-12.7,3.911477598424));
#9151 = DIRECTION('',(-1.,1.110223024625E-16,0.));
#9152 = DIRECTION('',(0.,0.,1.));
#9153 = ADVANCED_FACE('',(#9154),#9172,.T.);
#9154 = FACE_BOUND('',#9155,.T.);
#9155 = EDGE_LOOP('',(#9156,#9164,#9170,#9171));
#9156 = ORIENTED_EDGE('',*,*,#9157,.T.);
#9157 = EDGE_CURVE('',#9134,#9158,#9160,.T.);
#9158 = VERTEX_POINT('',#9159);
#9159 = CARTESIAN_POINT('',(0.1,-12.45,7.35));
#9160 = LINE('',#9161,#9162);
#9161 = CARTESIAN_POINT('',(-0.1,-12.45,7.35));
#9162 = VECTOR('',#9163,1.);
#9163 = DIRECTION('',(1.,0.,-0.));
#9164 = ORIENTED_EDGE('',*,*,#9165,.T.);
#9165 = EDGE_CURVE('',#9158,#7184,#9166,.T.);
#9166 = LINE('',#9167,#9168);
#9167 = CARTESIAN_POINT('',(0.1,-12.45,7.35));
#9168 = VECTOR('',#9169,1.);
#9169 = DIRECTION('',(7.850462293414E-17,0.707106781187,0.707106781187)
  );
#9170 = ORIENTED_EDGE('',*,*,#7191,.F.);
#9171 = ORIENTED_EDGE('',*,*,#9141,.F.);
#9172 = PLANE('',#9173);
#9173 = AXIS2_PLACEMENT_3D('',#9174,#9175,#9176);
#9174 = CARTESIAN_POINT('',(-0.1,-12.45,7.35));
#9175 = DIRECTION('',(-7.850462293414E-17,-0.707106781187,0.707106781187
    ));
#9176 = DIRECTION('',(7.850462293414E-17,0.707106781187,0.707106781187)
  );
#9177 = ADVANCED_FACE('',(#9178),#9214,.F.);
#9178 = FACE_BOUND('',#9179,.F.);
#9179 = EDGE_LOOP('',(#9180,#9181,#9189,#9197,#9205,#9211,#9212,#9213));
#9180 = ORIENTED_EDGE('',*,*,#7279,.F.);
#9181 = ORIENTED_EDGE('',*,*,#9182,.T.);
#9182 = EDGE_CURVE('',#7272,#9183,#9185,.T.);
#9183 = VERTEX_POINT('',#9184);
#9184 = CARTESIAN_POINT('',(0.1,-12.95,7.35));
#9185 = LINE('',#9186,#9187);
#9186 = CARTESIAN_POINT('',(0.1,-13.,7.4));
#9187 = VECTOR('',#9188,1.);
#9188 = DIRECTION('',(7.850462293414E-17,0.707106781187,-0.707106781187)
  );
#9189 = ORIENTED_EDGE('',*,*,#9190,.T.);
#9190 = EDGE_CURVE('',#9183,#9191,#9193,.T.);
#9191 = VERTEX_POINT('',#9192);
#9192 = CARTESIAN_POINT('',(0.1,-12.95,1.25));
#9193 = LINE('',#9194,#9195);
#9194 = CARTESIAN_POINT('',(0.1,-12.95,7.35));
#9195 = VECTOR('',#9196,1.);
#9196 = DIRECTION('',(0.,-0.,-1.));
#9197 = ORIENTED_EDGE('',*,*,#9198,.T.);
#9198 = EDGE_CURVE('',#9191,#9199,#9201,.T.);
#9199 = VERTEX_POINT('',#9200);
#9200 = CARTESIAN_POINT('',(0.1,-12.45,1.25));
#9201 = LINE('',#9202,#9203);
#9202 = CARTESIAN_POINT('',(0.1,-12.95,1.25));
#9203 = VECTOR('',#9204,1.);
#9204 = DIRECTION('',(1.110223024625E-16,1.,0.));
#9205 = ORIENTED_EDGE('',*,*,#9206,.T.);
#9206 = EDGE_CURVE('',#9199,#9158,#9207,.T.);
#9207 = LINE('',#9208,#9209);
#9208 = CARTESIAN_POINT('',(0.1,-12.45,1.25));
#9209 = VECTOR('',#9210,1.);
#9210 = DIRECTION('',(0.,0.,1.));
#9211 = ORIENTED_EDGE('',*,*,#9165,.T.);
#9212 = ORIENTED_EDGE('',*,*,#7183,.F.);
#9213 = ORIENTED_EDGE('',*,*,#9077,.T.);
#9214 = PLANE('',#9215);
#9215 = AXIS2_PLACEMENT_3D('',#9216,#9217,#9218);
#9216 = CARTESIAN_POINT('',(0.1,-12.7,3.911477598424));
#9217 = DIRECTION('',(-1.,1.110223024625E-16,0.));
#9218 = DIRECTION('',(0.,0.,1.));
#9219 = ADVANCED_FACE('',(#9220),#9231,.T.);
#9220 = FACE_BOUND('',#9221,.T.);
#9221 = EDGE_LOOP('',(#9222,#9223,#9224,#9230));
#9222 = ORIENTED_EDGE('',*,*,#7271,.T.);
#9223 = ORIENTED_EDGE('',*,*,#9182,.T.);
#9224 = ORIENTED_EDGE('',*,*,#9225,.F.);
#9225 = EDGE_CURVE('',#9110,#9183,#9226,.T.);
#9226 = LINE('',#9227,#9228);
#9227 = CARTESIAN_POINT('',(-0.1,-12.95,7.35));
#9228 = VECTOR('',#9229,1.);
#9229 = DIRECTION('',(1.,0.,-0.));
#9230 = ORIENTED_EDGE('',*,*,#9109,.F.);
#9231 = PLANE('',#9232);
#9232 = AXIS2_PLACEMENT_3D('',#9233,#9234,#9235);
#9233 = CARTESIAN_POINT('',(-0.1,-13.,7.4));
#9234 = DIRECTION('',(7.850462293414E-17,0.707106781187,0.707106781187)
  );
#9235 = DIRECTION('',(7.850462293414E-17,0.707106781187,-0.707106781187)
  );
#9236 = ADVANCED_FACE('',(#9237),#9248,.T.);
#9237 = FACE_BOUND('',#9238,.T.);
#9238 = EDGE_LOOP('',(#9239,#9240,#9241,#9242));
#9239 = ORIENTED_EDGE('',*,*,#7447,.T.);
#9240 = ORIENTED_EDGE('',*,*,#7310,.T.);
#9241 = ORIENTED_EDGE('',*,*,#7335,.T.);
#9242 = ORIENTED_EDGE('',*,*,#9243,.T.);
#9243 = EDGE_CURVE('',#7336,#7440,#9244,.T.);
#9244 = LINE('',#9245,#9246);
#9245 = CARTESIAN_POINT('',(0.1,-10.16,0.9));
#9246 = VECTOR('',#9247,1.);
#9247 = DIRECTION('',(-1.110223024625E-16,-1.,0.));
#9248 = PLANE('',#9249);
#9249 = AXIS2_PLACEMENT_3D('',#9250,#9251,#9252);
#9250 = CARTESIAN_POINT('',(-1.221661660722E-15,-10.16,0.9));
#9251 = DIRECTION('',(0.,0.,1.));
#9252 = DIRECTION('',(1.110223024625E-16,1.,-0.));
#9253 = ADVANCED_FACE('',(#9254),#9265,.T.);
#9254 = FACE_BOUND('',#9255,.T.);
#9255 = EDGE_LOOP('',(#9256,#9257,#9263,#9264));
#9256 = ORIENTED_EDGE('',*,*,#7415,.T.);
#9257 = ORIENTED_EDGE('',*,*,#9258,.F.);
#9258 = EDGE_CURVE('',#7360,#7416,#9259,.T.);
#9259 = LINE('',#9260,#9261);
#9260 = CARTESIAN_POINT('',(-0.1,-10.16,0.9));
#9261 = VECTOR('',#9262,1.);
#9262 = DIRECTION('',(-1.110223024625E-16,-1.,0.));
#9263 = ORIENTED_EDGE('',*,*,#7367,.T.);
#9264 = ORIENTED_EDGE('',*,*,#7390,.T.);
#9265 = PLANE('',#9266);
#9266 = AXIS2_PLACEMENT_3D('',#9267,#9268,#9269);
#9267 = CARTESIAN_POINT('',(-1.221661660722E-15,-10.16,0.9));
#9268 = DIRECTION('',(0.,0.,1.));
#9269 = DIRECTION('',(1.110223024625E-16,1.,-0.));
#9270 = ADVANCED_FACE('',(#9271),#9314,.T.);
#9271 = FACE_BOUND('',#9272,.T.);
#9272 = EDGE_LOOP('',(#9273,#9274,#9282,#9290,#9298,#9306,#9312,#9313));
#9273 = ORIENTED_EDGE('',*,*,#7423,.F.);
#9274 = ORIENTED_EDGE('',*,*,#9275,.T.);
#9275 = EDGE_CURVE('',#7424,#9276,#9278,.T.);
#9276 = VERTEX_POINT('',#9277);
#9277 = CARTESIAN_POINT('',(-0.1,-10.41,7.35));
#9278 = LINE('',#9279,#9280);
#9279 = CARTESIAN_POINT('',(-0.1,-10.46,7.4));
#9280 = VECTOR('',#9281,1.);
#9281 = DIRECTION('',(7.850462293414E-17,0.707106781187,-0.707106781187)
  );
#9282 = ORIENTED_EDGE('',*,*,#9283,.T.);
#9283 = EDGE_CURVE('',#9276,#9284,#9286,.T.);
#9284 = VERTEX_POINT('',#9285);
#9285 = CARTESIAN_POINT('',(-0.1,-10.41,1.25));
#9286 = LINE('',#9287,#9288);
#9287 = CARTESIAN_POINT('',(-0.1,-10.41,7.35));
#9288 = VECTOR('',#9289,1.);
#9289 = DIRECTION('',(0.,-0.,-1.));
#9290 = ORIENTED_EDGE('',*,*,#9291,.T.);
#9291 = EDGE_CURVE('',#9284,#9292,#9294,.T.);
#9292 = VERTEX_POINT('',#9293);
#9293 = CARTESIAN_POINT('',(-0.1,-9.91,1.25));
#9294 = LINE('',#9295,#9296);
#9295 = CARTESIAN_POINT('',(-0.1,-10.41,1.25));
#9296 = VECTOR('',#9297,1.);
#9297 = DIRECTION('',(1.110223024625E-16,1.,0.));
#9298 = ORIENTED_EDGE('',*,*,#9299,.T.);
#9299 = EDGE_CURVE('',#9292,#9300,#9302,.T.);
#9300 = VERTEX_POINT('',#9301);
#9301 = CARTESIAN_POINT('',(-0.1,-9.91,7.35));
#9302 = LINE('',#9303,#9304);
#9303 = CARTESIAN_POINT('',(-0.1,-9.91,1.25));
#9304 = VECTOR('',#9305,1.);
#9305 = DIRECTION('',(0.,0.,1.));
#9306 = ORIENTED_EDGE('',*,*,#9307,.T.);
#9307 = EDGE_CURVE('',#9300,#7352,#9308,.T.);
#9308 = LINE('',#9309,#9310);
#9309 = CARTESIAN_POINT('',(-0.1,-9.91,7.35));
#9310 = VECTOR('',#9311,1.);
#9311 = DIRECTION('',(7.850462293414E-17,0.707106781187,0.707106781187)
  );
#9312 = ORIENTED_EDGE('',*,*,#7359,.F.);
#9313 = ORIENTED_EDGE('',*,*,#9258,.T.);
#9314 = PLANE('',#9315);
#9315 = AXIS2_PLACEMENT_3D('',#9316,#9317,#9318);
#9316 = CARTESIAN_POINT('',(-0.1,-10.16,3.911477598424));
#9317 = DIRECTION('',(-1.,1.110223024625E-16,0.));
#9318 = DIRECTION('',(0.,0.,1.));
#9319 = ADVANCED_FACE('',(#9320),#9338,.T.);
#9320 = FACE_BOUND('',#9321,.T.);
#9321 = EDGE_LOOP('',(#9322,#9330,#9336,#9337));
#9322 = ORIENTED_EDGE('',*,*,#9323,.T.);
#9323 = EDGE_CURVE('',#9300,#9324,#9326,.T.);
#9324 = VERTEX_POINT('',#9325);
#9325 = CARTESIAN_POINT('',(0.1,-9.91,7.35));
#9326 = LINE('',#9327,#9328);
#9327 = CARTESIAN_POINT('',(-0.1,-9.91,7.35));
#9328 = VECTOR('',#9329,1.);
#9329 = DIRECTION('',(1.,0.,-0.));
#9330 = ORIENTED_EDGE('',*,*,#9331,.T.);
#9331 = EDGE_CURVE('',#9324,#7344,#9332,.T.);
#9332 = LINE('',#9333,#9334);
#9333 = CARTESIAN_POINT('',(0.1,-9.91,7.35));
#9334 = VECTOR('',#9335,1.);
#9335 = DIRECTION('',(7.850462293414E-17,0.707106781187,0.707106781187)
  );
#9336 = ORIENTED_EDGE('',*,*,#7351,.F.);
#9337 = ORIENTED_EDGE('',*,*,#9307,.F.);
#9338 = PLANE('',#9339);
#9339 = AXIS2_PLACEMENT_3D('',#9340,#9341,#9342);
#9340 = CARTESIAN_POINT('',(-0.1,-9.91,7.35));
#9341 = DIRECTION('',(-7.850462293414E-17,-0.707106781187,0.707106781187
    ));
#9342 = DIRECTION('',(7.850462293414E-17,0.707106781187,0.707106781187)
  );
#9343 = ADVANCED_FACE('',(#9344),#9380,.F.);
#9344 = FACE_BOUND('',#9345,.F.);
#9345 = EDGE_LOOP('',(#9346,#9347,#9355,#9363,#9371,#9377,#9378,#9379));
#9346 = ORIENTED_EDGE('',*,*,#7439,.F.);
#9347 = ORIENTED_EDGE('',*,*,#9348,.T.);
#9348 = EDGE_CURVE('',#7432,#9349,#9351,.T.);
#9349 = VERTEX_POINT('',#9350);
#9350 = CARTESIAN_POINT('',(0.1,-10.41,7.35));
#9351 = LINE('',#9352,#9353);
#9352 = CARTESIAN_POINT('',(0.1,-10.46,7.4));
#9353 = VECTOR('',#9354,1.);
#9354 = DIRECTION('',(7.850462293414E-17,0.707106781187,-0.707106781187)
  );
#9355 = ORIENTED_EDGE('',*,*,#9356,.T.);
#9356 = EDGE_CURVE('',#9349,#9357,#9359,.T.);
#9357 = VERTEX_POINT('',#9358);
#9358 = CARTESIAN_POINT('',(0.1,-10.41,1.25));
#9359 = LINE('',#9360,#9361);
#9360 = CARTESIAN_POINT('',(0.1,-10.41,7.35));
#9361 = VECTOR('',#9362,1.);
#9362 = DIRECTION('',(0.,-0.,-1.));
#9363 = ORIENTED_EDGE('',*,*,#9364,.T.);
#9364 = EDGE_CURVE('',#9357,#9365,#9367,.T.);
#9365 = VERTEX_POINT('',#9366);
#9366 = CARTESIAN_POINT('',(0.1,-9.91,1.25));
#9367 = LINE('',#9368,#9369);
#9368 = CARTESIAN_POINT('',(0.1,-10.41,1.25));
#9369 = VECTOR('',#9370,1.);
#9370 = DIRECTION('',(1.110223024625E-16,1.,0.));
#9371 = ORIENTED_EDGE('',*,*,#9372,.T.);
#9372 = EDGE_CURVE('',#9365,#9324,#9373,.T.);
#9373 = LINE('',#9374,#9375);
#9374 = CARTESIAN_POINT('',(0.1,-9.91,1.25));
#9375 = VECTOR('',#9376,1.);
#9376 = DIRECTION('',(0.,0.,1.));
#9377 = ORIENTED_EDGE('',*,*,#9331,.T.);
#9378 = ORIENTED_EDGE('',*,*,#7343,.F.);
#9379 = ORIENTED_EDGE('',*,*,#9243,.T.);
#9380 = PLANE('',#9381);
#9381 = AXIS2_PLACEMENT_3D('',#9382,#9383,#9384);
#9382 = CARTESIAN_POINT('',(0.1,-10.16,3.911477598424));
#9383 = DIRECTION('',(-1.,1.110223024625E-16,0.));
#9384 = DIRECTION('',(0.,0.,1.));
#9385 = ADVANCED_FACE('',(#9386),#9397,.T.);
#9386 = FACE_BOUND('',#9387,.T.);
#9387 = EDGE_LOOP('',(#9388,#9389,#9390,#9396));
#9388 = ORIENTED_EDGE('',*,*,#7431,.T.);
#9389 = ORIENTED_EDGE('',*,*,#9348,.T.);
#9390 = ORIENTED_EDGE('',*,*,#9391,.F.);
#9391 = EDGE_CURVE('',#9276,#9349,#9392,.T.);
#9392 = LINE('',#9393,#9394);
#9393 = CARTESIAN_POINT('',(-0.1,-10.41,7.35));
#9394 = VECTOR('',#9395,1.);
#9395 = DIRECTION('',(1.,0.,-0.));
#9396 = ORIENTED_EDGE('',*,*,#9275,.F.);
#9397 = PLANE('',#9398);
#9398 = AXIS2_PLACEMENT_3D('',#9399,#9400,#9401);
#9399 = CARTESIAN_POINT('',(-0.1,-10.46,7.4));
#9400 = DIRECTION('',(7.850462293414E-17,0.707106781187,0.707106781187)
  );
#9401 = DIRECTION('',(7.850462293414E-17,0.707106781187,-0.707106781187)
  );
#9402 = ADVANCED_FACE('',(#9403),#9414,.T.);
#9403 = FACE_BOUND('',#9404,.T.);
#9404 = EDGE_LOOP('',(#9405,#9406,#9407,#9408));
#9405 = ORIENTED_EDGE('',*,*,#7607,.T.);
#9406 = ORIENTED_EDGE('',*,*,#7470,.T.);
#9407 = ORIENTED_EDGE('',*,*,#7495,.T.);
#9408 = ORIENTED_EDGE('',*,*,#9409,.T.);
#9409 = EDGE_CURVE('',#7496,#7600,#9410,.T.);
#9410 = LINE('',#9411,#9412);
#9411 = CARTESIAN_POINT('',(0.1,-7.62,0.9));
#9412 = VECTOR('',#9413,1.);
#9413 = DIRECTION('',(-1.110223024625E-16,-1.,0.));
#9414 = PLANE('',#9415);
#9415 = AXIS2_PLACEMENT_3D('',#9416,#9417,#9418);
#9416 = CARTESIAN_POINT('',(-9.396650124671E-16,-7.62,0.9));
#9417 = DIRECTION('',(0.,0.,1.));
#9418 = DIRECTION('',(1.110223024625E-16,1.,-0.));
#9419 = ADVANCED_FACE('',(#9420),#9431,.T.);
#9420 = FACE_BOUND('',#9421,.T.);
#9421 = EDGE_LOOP('',(#9422,#9423,#9429,#9430));
#9422 = ORIENTED_EDGE('',*,*,#7575,.T.);
#9423 = ORIENTED_EDGE('',*,*,#9424,.F.);
#9424 = EDGE_CURVE('',#7520,#7576,#9425,.T.);
#9425 = LINE('',#9426,#9427);
#9426 = CARTESIAN_POINT('',(-0.1,-7.62,0.9));
#9427 = VECTOR('',#9428,1.);
#9428 = DIRECTION('',(-1.110223024625E-16,-1.,0.));
#9429 = ORIENTED_EDGE('',*,*,#7527,.T.);
#9430 = ORIENTED_EDGE('',*,*,#7550,.T.);
#9431 = PLANE('',#9432);
#9432 = AXIS2_PLACEMENT_3D('',#9433,#9434,#9435);
#9433 = CARTESIAN_POINT('',(-9.396650124671E-16,-7.62,0.9));
#9434 = DIRECTION('',(0.,0.,1.));
#9435 = DIRECTION('',(1.110223024625E-16,1.,-0.));
#9436 = ADVANCED_FACE('',(#9437),#9480,.T.);
#9437 = FACE_BOUND('',#9438,.T.);
#9438 = EDGE_LOOP('',(#9439,#9440,#9448,#9456,#9464,#9472,#9478,#9479));
#9439 = ORIENTED_EDGE('',*,*,#7583,.F.);
#9440 = ORIENTED_EDGE('',*,*,#9441,.T.);
#9441 = EDGE_CURVE('',#7584,#9442,#9444,.T.);
#9442 = VERTEX_POINT('',#9443);
#9443 = CARTESIAN_POINT('',(-0.1,-7.87,7.35));
#9444 = LINE('',#9445,#9446);
#9445 = CARTESIAN_POINT('',(-0.1,-7.92,7.4));
#9446 = VECTOR('',#9447,1.);
#9447 = DIRECTION('',(7.850462293414E-17,0.707106781187,-0.707106781187)
  );
#9448 = ORIENTED_EDGE('',*,*,#9449,.T.);
#9449 = EDGE_CURVE('',#9442,#9450,#9452,.T.);
#9450 = VERTEX_POINT('',#9451);
#9451 = CARTESIAN_POINT('',(-0.1,-7.87,1.25));
#9452 = LINE('',#9453,#9454);
#9453 = CARTESIAN_POINT('',(-0.1,-7.87,7.35));
#9454 = VECTOR('',#9455,1.);
#9455 = DIRECTION('',(0.,-0.,-1.));
#9456 = ORIENTED_EDGE('',*,*,#9457,.T.);
#9457 = EDGE_CURVE('',#9450,#9458,#9460,.T.);
#9458 = VERTEX_POINT('',#9459);
#9459 = CARTESIAN_POINT('',(-0.1,-7.37,1.25));
#9460 = LINE('',#9461,#9462);
#9461 = CARTESIAN_POINT('',(-0.1,-7.87,1.25));
#9462 = VECTOR('',#9463,1.);
#9463 = DIRECTION('',(1.110223024625E-16,1.,0.));
#9464 = ORIENTED_EDGE('',*,*,#9465,.T.);
#9465 = EDGE_CURVE('',#9458,#9466,#9468,.T.);
#9466 = VERTEX_POINT('',#9467);
#9467 = CARTESIAN_POINT('',(-0.1,-7.37,7.35));
#9468 = LINE('',#9469,#9470);
#9469 = CARTESIAN_POINT('',(-0.1,-7.37,1.25));
#9470 = VECTOR('',#9471,1.);
#9471 = DIRECTION('',(0.,0.,1.));
#9472 = ORIENTED_EDGE('',*,*,#9473,.T.);
#9473 = EDGE_CURVE('',#9466,#7512,#9474,.T.);
#9474 = LINE('',#9475,#9476);
#9475 = CARTESIAN_POINT('',(-0.1,-7.37,7.35));
#9476 = VECTOR('',#9477,1.);
#9477 = DIRECTION('',(7.850462293414E-17,0.707106781187,0.707106781187)
  );
#9478 = ORIENTED_EDGE('',*,*,#7519,.F.);
#9479 = ORIENTED_EDGE('',*,*,#9424,.T.);
#9480 = PLANE('',#9481);
#9481 = AXIS2_PLACEMENT_3D('',#9482,#9483,#9484);
#9482 = CARTESIAN_POINT('',(-0.1,-7.62,3.911477598424));
#9483 = DIRECTION('',(-1.,1.110223024625E-16,0.));
#9484 = DIRECTION('',(0.,0.,1.));
#9485 = ADVANCED_FACE('',(#9486),#9504,.T.);
#9486 = FACE_BOUND('',#9487,.T.);
#9487 = EDGE_LOOP('',(#9488,#9496,#9502,#9503));
#9488 = ORIENTED_EDGE('',*,*,#9489,.T.);
#9489 = EDGE_CURVE('',#9466,#9490,#9492,.T.);
#9490 = VERTEX_POINT('',#9491);
#9491 = CARTESIAN_POINT('',(0.1,-7.37,7.35));
#9492 = LINE('',#9493,#9494);
#9493 = CARTESIAN_POINT('',(-0.1,-7.37,7.35));
#9494 = VECTOR('',#9495,1.);
#9495 = DIRECTION('',(1.,0.,-0.));
#9496 = ORIENTED_EDGE('',*,*,#9497,.T.);
#9497 = EDGE_CURVE('',#9490,#7504,#9498,.T.);
#9498 = LINE('',#9499,#9500);
#9499 = CARTESIAN_POINT('',(0.1,-7.37,7.35));
#9500 = VECTOR('',#9501,1.);
#9501 = DIRECTION('',(7.850462293414E-17,0.707106781187,0.707106781187)
  );
#9502 = ORIENTED_EDGE('',*,*,#7511,.F.);
#9503 = ORIENTED_EDGE('',*,*,#9473,.F.);
#9504 = PLANE('',#9505);
#9505 = AXIS2_PLACEMENT_3D('',#9506,#9507,#9508);
#9506 = CARTESIAN_POINT('',(-0.1,-7.37,7.35));
#9507 = DIRECTION('',(-7.850462293414E-17,-0.707106781187,0.707106781187
    ));
#9508 = DIRECTION('',(7.850462293414E-17,0.707106781187,0.707106781187)
  );
#9509 = ADVANCED_FACE('',(#9510),#9546,.F.);
#9510 = FACE_BOUND('',#9511,.F.);
#9511 = EDGE_LOOP('',(#9512,#9513,#9521,#9529,#9537,#9543,#9544,#9545));
#9512 = ORIENTED_EDGE('',*,*,#7599,.F.);
#9513 = ORIENTED_EDGE('',*,*,#9514,.T.);
#9514 = EDGE_CURVE('',#7592,#9515,#9517,.T.);
#9515 = VERTEX_POINT('',#9516);
#9516 = CARTESIAN_POINT('',(0.1,-7.87,7.35));
#9517 = LINE('',#9518,#9519);
#9518 = CARTESIAN_POINT('',(0.1,-7.92,7.4));
#9519 = VECTOR('',#9520,1.);
#9520 = DIRECTION('',(7.850462293414E-17,0.707106781187,-0.707106781187)
  );
#9521 = ORIENTED_EDGE('',*,*,#9522,.T.);
#9522 = EDGE_CURVE('',#9515,#9523,#9525,.T.);
#9523 = VERTEX_POINT('',#9524);
#9524 = CARTESIAN_POINT('',(0.1,-7.87,1.25));
#9525 = LINE('',#9526,#9527);
#9526 = CARTESIAN_POINT('',(0.1,-7.87,7.35));
#9527 = VECTOR('',#9528,1.);
#9528 = DIRECTION('',(0.,-0.,-1.));
#9529 = ORIENTED_EDGE('',*,*,#9530,.T.);
#9530 = EDGE_CURVE('',#9523,#9531,#9533,.T.);
#9531 = VERTEX_POINT('',#9532);
#9532 = CARTESIAN_POINT('',(0.1,-7.37,1.25));
#9533 = LINE('',#9534,#9535);
#9534 = CARTESIAN_POINT('',(0.1,-7.87,1.25));
#9535 = VECTOR('',#9536,1.);
#9536 = DIRECTION('',(1.110223024625E-16,1.,0.));
#9537 = ORIENTED_EDGE('',*,*,#9538,.T.);
#9538 = EDGE_CURVE('',#9531,#9490,#9539,.T.);
#9539 = LINE('',#9540,#9541);
#9540 = CARTESIAN_POINT('',(0.1,-7.37,1.25));
#9541 = VECTOR('',#9542,1.);
#9542 = DIRECTION('',(0.,0.,1.));
#9543 = ORIENTED_EDGE('',*,*,#9497,.T.);
#9544 = ORIENTED_EDGE('',*,*,#7503,.F.);
#9545 = ORIENTED_EDGE('',*,*,#9409,.T.);
#9546 = PLANE('',#9547);
#9547 = AXIS2_PLACEMENT_3D('',#9548,#9549,#9550);
#9548 = CARTESIAN_POINT('',(0.1,-7.62,3.911477598424));
#9549 = DIRECTION('',(-1.,1.110223024625E-16,0.));
#9550 = DIRECTION('',(0.,0.,1.));
#9551 = ADVANCED_FACE('',(#9552),#9563,.T.);
#9552 = FACE_BOUND('',#9553,.T.);
#9553 = EDGE_LOOP('',(#9554,#9555,#9556,#9562));
#9554 = ORIENTED_EDGE('',*,*,#7591,.T.);
#9555 = ORIENTED_EDGE('',*,*,#9514,.T.);
#9556 = ORIENTED_EDGE('',*,*,#9557,.F.);
#9557 = EDGE_CURVE('',#9442,#9515,#9558,.T.);
#9558 = LINE('',#9559,#9560);
#9559 = CARTESIAN_POINT('',(-0.1,-7.87,7.35));
#9560 = VECTOR('',#9561,1.);
#9561 = DIRECTION('',(1.,0.,-0.));
#9562 = ORIENTED_EDGE('',*,*,#9441,.F.);
#9563 = PLANE('',#9564);
#9564 = AXIS2_PLACEMENT_3D('',#9565,#9566,#9567);
#9565 = CARTESIAN_POINT('',(-0.1,-7.92,7.4));
#9566 = DIRECTION('',(7.850462293414E-17,0.707106781187,0.707106781187)
  );
#9567 = DIRECTION('',(7.850462293414E-17,0.707106781187,-0.707106781187)
  );
#9568 = ADVANCED_FACE('',(#9569),#9580,.T.);
#9569 = FACE_BOUND('',#9570,.T.);
#9570 = EDGE_LOOP('',(#9571,#9572,#9573,#9574));
#9571 = ORIENTED_EDGE('',*,*,#7767,.T.);
#9572 = ORIENTED_EDGE('',*,*,#7630,.T.);
#9573 = ORIENTED_EDGE('',*,*,#7655,.T.);
#9574 = ORIENTED_EDGE('',*,*,#9575,.T.);
#9575 = EDGE_CURVE('',#7656,#7760,#9576,.T.);
#9576 = LINE('',#9577,#9578);
#9577 = CARTESIAN_POINT('',(0.1,-5.08,0.9));
#9578 = VECTOR('',#9579,1.);
#9579 = DIRECTION('',(-1.110223024625E-16,-1.,0.));
#9580 = PLANE('',#9581);
#9581 = AXIS2_PLACEMENT_3D('',#9582,#9583,#9584);
#9582 = CARTESIAN_POINT('',(-6.576683642123E-16,-5.08,0.9));
#9583 = DIRECTION('',(0.,0.,1.));
#9584 = DIRECTION('',(1.110223024625E-16,1.,-0.));
#9585 = ADVANCED_FACE('',(#9586),#9597,.T.);
#9586 = FACE_BOUND('',#9587,.T.);
#9587 = EDGE_LOOP('',(#9588,#9589,#9595,#9596));
#9588 = ORIENTED_EDGE('',*,*,#7735,.T.);
#9589 = ORIENTED_EDGE('',*,*,#9590,.F.);
#9590 = EDGE_CURVE('',#7680,#7736,#9591,.T.);
#9591 = LINE('',#9592,#9593);
#9592 = CARTESIAN_POINT('',(-0.1,-5.08,0.9));
#9593 = VECTOR('',#9594,1.);
#9594 = DIRECTION('',(-1.110223024625E-16,-1.,0.));
#9595 = ORIENTED_EDGE('',*,*,#7687,.T.);
#9596 = ORIENTED_EDGE('',*,*,#7710,.T.);
#9597 = PLANE('',#9598);
#9598 = AXIS2_PLACEMENT_3D('',#9599,#9600,#9601);
#9599 = CARTESIAN_POINT('',(-6.576683642123E-16,-5.08,0.9));
#9600 = DIRECTION('',(0.,0.,1.));
#9601 = DIRECTION('',(1.110223024625E-16,1.,-0.));
#9602 = ADVANCED_FACE('',(#9603),#9646,.T.);
#9603 = FACE_BOUND('',#9604,.T.);
#9604 = EDGE_LOOP('',(#9605,#9606,#9614,#9622,#9630,#9638,#9644,#9645));
#9605 = ORIENTED_EDGE('',*,*,#7743,.F.);
#9606 = ORIENTED_EDGE('',*,*,#9607,.T.);
#9607 = EDGE_CURVE('',#7744,#9608,#9610,.T.);
#9608 = VERTEX_POINT('',#9609);
#9609 = CARTESIAN_POINT('',(-0.1,-5.33,7.35));
#9610 = LINE('',#9611,#9612);
#9611 = CARTESIAN_POINT('',(-0.1,-5.38,7.4));
#9612 = VECTOR('',#9613,1.);
#9613 = DIRECTION('',(7.850462293414E-17,0.707106781187,-0.707106781187)
  );
#9614 = ORIENTED_EDGE('',*,*,#9615,.T.);
#9615 = EDGE_CURVE('',#9608,#9616,#9618,.T.);
#9616 = VERTEX_POINT('',#9617);
#9617 = CARTESIAN_POINT('',(-0.1,-5.33,1.25));
#9618 = LINE('',#9619,#9620);
#9619 = CARTESIAN_POINT('',(-0.1,-5.33,7.35));
#9620 = VECTOR('',#9621,1.);
#9621 = DIRECTION('',(0.,-0.,-1.));
#9622 = ORIENTED_EDGE('',*,*,#9623,.T.);
#9623 = EDGE_CURVE('',#9616,#9624,#9626,.T.);
#9624 = VERTEX_POINT('',#9625);
#9625 = CARTESIAN_POINT('',(-0.1,-4.83,1.25));
#9626 = LINE('',#9627,#9628);
#9627 = CARTESIAN_POINT('',(-0.1,-5.33,1.25));
#9628 = VECTOR('',#9629,1.);
#9629 = DIRECTION('',(1.110223024625E-16,1.,0.));
#9630 = ORIENTED_EDGE('',*,*,#9631,.T.);
#9631 = EDGE_CURVE('',#9624,#9632,#9634,.T.);
#9632 = VERTEX_POINT('',#9633);
#9633 = CARTESIAN_POINT('',(-0.1,-4.83,7.35));
#9634 = LINE('',#9635,#9636);
#9635 = CARTESIAN_POINT('',(-0.1,-4.83,1.25));
#9636 = VECTOR('',#9637,1.);
#9637 = DIRECTION('',(0.,0.,1.));
#9638 = ORIENTED_EDGE('',*,*,#9639,.T.);
#9639 = EDGE_CURVE('',#9632,#7672,#9640,.T.);
#9640 = LINE('',#9641,#9642);
#9641 = CARTESIAN_POINT('',(-0.1,-4.83,7.35));
#9642 = VECTOR('',#9643,1.);
#9643 = DIRECTION('',(7.850462293414E-17,0.707106781187,0.707106781187)
  );
#9644 = ORIENTED_EDGE('',*,*,#7679,.F.);
#9645 = ORIENTED_EDGE('',*,*,#9590,.T.);
#9646 = PLANE('',#9647);
#9647 = AXIS2_PLACEMENT_3D('',#9648,#9649,#9650);
#9648 = CARTESIAN_POINT('',(-0.1,-5.08,3.911477598424));
#9649 = DIRECTION('',(-1.,1.110223024625E-16,0.));
#9650 = DIRECTION('',(0.,0.,1.));
#9651 = ADVANCED_FACE('',(#9652),#9670,.T.);
#9652 = FACE_BOUND('',#9653,.T.);
#9653 = EDGE_LOOP('',(#9654,#9662,#9668,#9669));
#9654 = ORIENTED_EDGE('',*,*,#9655,.T.);
#9655 = EDGE_CURVE('',#9632,#9656,#9658,.T.);
#9656 = VERTEX_POINT('',#9657);
#9657 = CARTESIAN_POINT('',(0.1,-4.83,7.35));
#9658 = LINE('',#9659,#9660);
#9659 = CARTESIAN_POINT('',(-0.1,-4.83,7.35));
#9660 = VECTOR('',#9661,1.);
#9661 = DIRECTION('',(1.,0.,-0.));
#9662 = ORIENTED_EDGE('',*,*,#9663,.T.);
#9663 = EDGE_CURVE('',#9656,#7664,#9664,.T.);
#9664 = LINE('',#9665,#9666);
#9665 = CARTESIAN_POINT('',(0.1,-4.83,7.35));
#9666 = VECTOR('',#9667,1.);
#9667 = DIRECTION('',(7.850462293414E-17,0.707106781187,0.707106781187)
  );
#9668 = ORIENTED_EDGE('',*,*,#7671,.F.);
#9669 = ORIENTED_EDGE('',*,*,#9639,.F.);
#9670 = PLANE('',#9671);
#9671 = AXIS2_PLACEMENT_3D('',#9672,#9673,#9674);
#9672 = CARTESIAN_POINT('',(-0.1,-4.83,7.35));
#9673 = DIRECTION('',(-7.850462293414E-17,-0.707106781187,0.707106781187
    ));
#9674 = DIRECTION('',(7.850462293414E-17,0.707106781187,0.707106781187)
  );
#9675 = ADVANCED_FACE('',(#9676),#9712,.F.);
#9676 = FACE_BOUND('',#9677,.F.);
#9677 = EDGE_LOOP('',(#9678,#9679,#9687,#9695,#9703,#9709,#9710,#9711));
#9678 = ORIENTED_EDGE('',*,*,#7759,.F.);
#9679 = ORIENTED_EDGE('',*,*,#9680,.T.);
#9680 = EDGE_CURVE('',#7752,#9681,#9683,.T.);
#9681 = VERTEX_POINT('',#9682);
#9682 = CARTESIAN_POINT('',(0.1,-5.33,7.35));
#9683 = LINE('',#9684,#9685);
#9684 = CARTESIAN_POINT('',(0.1,-5.38,7.4));
#9685 = VECTOR('',#9686,1.);
#9686 = DIRECTION('',(7.850462293414E-17,0.707106781187,-0.707106781187)
  );
#9687 = ORIENTED_EDGE('',*,*,#9688,.T.);
#9688 = EDGE_CURVE('',#9681,#9689,#9691,.T.);
#9689 = VERTEX_POINT('',#9690);
#9690 = CARTESIAN_POINT('',(0.1,-5.33,1.25));
#9691 = LINE('',#9692,#9693);
#9692 = CARTESIAN_POINT('',(0.1,-5.33,7.35));
#9693 = VECTOR('',#9694,1.);
#9694 = DIRECTION('',(0.,-0.,-1.));
#9695 = ORIENTED_EDGE('',*,*,#9696,.T.);
#9696 = EDGE_CURVE('',#9689,#9697,#9699,.T.);
#9697 = VERTEX_POINT('',#9698);
#9698 = CARTESIAN_POINT('',(0.1,-4.83,1.25));
#9699 = LINE('',#9700,#9701);
#9700 = CARTESIAN_POINT('',(0.1,-5.33,1.25));
#9701 = VECTOR('',#9702,1.);
#9702 = DIRECTION('',(1.110223024625E-16,1.,0.));
#9703 = ORIENTED_EDGE('',*,*,#9704,.T.);
#9704 = EDGE_CURVE('',#9697,#9656,#9705,.T.);
#9705 = LINE('',#9706,#9707);
#9706 = CARTESIAN_POINT('',(0.1,-4.83,1.25));
#9707 = VECTOR('',#9708,1.);
#9708 = DIRECTION('',(0.,0.,1.));
#9709 = ORIENTED_EDGE('',*,*,#9663,.T.);
#9710 = ORIENTED_EDGE('',*,*,#7663,.F.);
#9711 = ORIENTED_EDGE('',*,*,#9575,.T.);
#9712 = PLANE('',#9713);
#9713 = AXIS2_PLACEMENT_3D('',#9714,#9715,#9716);
#9714 = CARTESIAN_POINT('',(0.1,-5.08,3.911477598424));
#9715 = DIRECTION('',(-1.,1.110223024625E-16,0.));
#9716 = DIRECTION('',(0.,0.,1.));
#9717 = ADVANCED_FACE('',(#9718),#9729,.T.);
#9718 = FACE_BOUND('',#9719,.T.);
#9719 = EDGE_LOOP('',(#9720,#9721,#9722,#9728));
#9720 = ORIENTED_EDGE('',*,*,#7751,.T.);
#9721 = ORIENTED_EDGE('',*,*,#9680,.T.);
#9722 = ORIENTED_EDGE('',*,*,#9723,.F.);
#9723 = EDGE_CURVE('',#9608,#9681,#9724,.T.);
#9724 = LINE('',#9725,#9726);
#9725 = CARTESIAN_POINT('',(-0.1,-5.33,7.35));
#9726 = VECTOR('',#9727,1.);
#9727 = DIRECTION('',(1.,0.,-0.));
#9728 = ORIENTED_EDGE('',*,*,#9607,.F.);
#9729 = PLANE('',#9730);
#9730 = AXIS2_PLACEMENT_3D('',#9731,#9732,#9733);
#9731 = CARTESIAN_POINT('',(-0.1,-5.38,7.4));
#9732 = DIRECTION('',(7.850462293414E-17,0.707106781187,0.707106781187)
  );
#9733 = DIRECTION('',(7.850462293414E-17,0.707106781187,-0.707106781187)
  );
#9734 = ADVANCED_FACE('',(#9735),#9746,.T.);
#9735 = FACE_BOUND('',#9736,.T.);
#9736 = EDGE_LOOP('',(#9737,#9738,#9739,#9740));
#9737 = ORIENTED_EDGE('',*,*,#7927,.T.);
#9738 = ORIENTED_EDGE('',*,*,#7790,.T.);
#9739 = ORIENTED_EDGE('',*,*,#7815,.T.);
#9740 = ORIENTED_EDGE('',*,*,#9741,.T.);
#9741 = EDGE_CURVE('',#7816,#7920,#9742,.T.);
#9742 = LINE('',#9743,#9744);
#9743 = CARTESIAN_POINT('',(0.1,-2.54,0.9));
#9744 = VECTOR('',#9745,1.);
#9745 = DIRECTION('',(-1.110223024625E-16,-1.,0.));
#9746 = PLANE('',#9747);
#9747 = AXIS2_PLACEMENT_3D('',#9748,#9749,#9750);
#9748 = CARTESIAN_POINT('',(-3.756717159575E-16,-2.54,0.9));
#9749 = DIRECTION('',(0.,0.,1.));
#9750 = DIRECTION('',(1.110223024625E-16,1.,-0.));
#9751 = ADVANCED_FACE('',(#9752),#9763,.T.);
#9752 = FACE_BOUND('',#9753,.T.);
#9753 = EDGE_LOOP('',(#9754,#9755,#9761,#9762));
#9754 = ORIENTED_EDGE('',*,*,#7895,.T.);
#9755 = ORIENTED_EDGE('',*,*,#9756,.F.);
#9756 = EDGE_CURVE('',#7840,#7896,#9757,.T.);
#9757 = LINE('',#9758,#9759);
#9758 = CARTESIAN_POINT('',(-0.1,-2.54,0.9));
#9759 = VECTOR('',#9760,1.);
#9760 = DIRECTION('',(-1.110223024625E-16,-1.,0.));
#9761 = ORIENTED_EDGE('',*,*,#7847,.T.);
#9762 = ORIENTED_EDGE('',*,*,#7870,.T.);
#9763 = PLANE('',#9764);
#9764 = AXIS2_PLACEMENT_3D('',#9765,#9766,#9767);
#9765 = CARTESIAN_POINT('',(-3.756717159575E-16,-2.54,0.9));
#9766 = DIRECTION('',(0.,0.,1.));
#9767 = DIRECTION('',(1.110223024625E-16,1.,-0.));
#9768 = ADVANCED_FACE('',(#9769),#9812,.T.);
#9769 = FACE_BOUND('',#9770,.T.);
#9770 = EDGE_LOOP('',(#9771,#9772,#9780,#9788,#9796,#9804,#9810,#9811));
#9771 = ORIENTED_EDGE('',*,*,#7903,.F.);
#9772 = ORIENTED_EDGE('',*,*,#9773,.T.);
#9773 = EDGE_CURVE('',#7904,#9774,#9776,.T.);
#9774 = VERTEX_POINT('',#9775);
#9775 = CARTESIAN_POINT('',(-0.1,-2.79,7.35));
#9776 = LINE('',#9777,#9778);
#9777 = CARTESIAN_POINT('',(-0.1,-2.84,7.4));
#9778 = VECTOR('',#9779,1.);
#9779 = DIRECTION('',(7.850462293414E-17,0.707106781187,-0.707106781187)
  );
#9780 = ORIENTED_EDGE('',*,*,#9781,.T.);
#9781 = EDGE_CURVE('',#9774,#9782,#9784,.T.);
#9782 = VERTEX_POINT('',#9783);
#9783 = CARTESIAN_POINT('',(-0.1,-2.79,1.25));
#9784 = LINE('',#9785,#9786);
#9785 = CARTESIAN_POINT('',(-0.1,-2.79,7.35));
#9786 = VECTOR('',#9787,1.);
#9787 = DIRECTION('',(0.,-0.,-1.));
#9788 = ORIENTED_EDGE('',*,*,#9789,.T.);
#9789 = EDGE_CURVE('',#9782,#9790,#9792,.T.);
#9790 = VERTEX_POINT('',#9791);
#9791 = CARTESIAN_POINT('',(-0.1,-2.29,1.25));
#9792 = LINE('',#9793,#9794);
#9793 = CARTESIAN_POINT('',(-0.1,-2.79,1.25));
#9794 = VECTOR('',#9795,1.);
#9795 = DIRECTION('',(1.110223024625E-16,1.,0.));
#9796 = ORIENTED_EDGE('',*,*,#9797,.T.);
#9797 = EDGE_CURVE('',#9790,#9798,#9800,.T.);
#9798 = VERTEX_POINT('',#9799);
#9799 = CARTESIAN_POINT('',(-0.1,-2.29,7.35));
#9800 = LINE('',#9801,#9802);
#9801 = CARTESIAN_POINT('',(-0.1,-2.29,1.25));
#9802 = VECTOR('',#9803,1.);
#9803 = DIRECTION('',(0.,0.,1.));
#9804 = ORIENTED_EDGE('',*,*,#9805,.T.);
#9805 = EDGE_CURVE('',#9798,#7832,#9806,.T.);
#9806 = LINE('',#9807,#9808);
#9807 = CARTESIAN_POINT('',(-0.1,-2.29,7.35));
#9808 = VECTOR('',#9809,1.);
#9809 = DIRECTION('',(7.850462293414E-17,0.707106781187,0.707106781187)
  );
#9810 = ORIENTED_EDGE('',*,*,#7839,.F.);
#9811 = ORIENTED_EDGE('',*,*,#9756,.T.);
#9812 = PLANE('',#9813);
#9813 = AXIS2_PLACEMENT_3D('',#9814,#9815,#9816);
#9814 = CARTESIAN_POINT('',(-0.1,-2.54,3.911477598424));
#9815 = DIRECTION('',(-1.,1.110223024625E-16,0.));
#9816 = DIRECTION('',(0.,0.,1.));
#9817 = ADVANCED_FACE('',(#9818),#9836,.T.);
#9818 = FACE_BOUND('',#9819,.T.);
#9819 = EDGE_LOOP('',(#9820,#9828,#9834,#9835));
#9820 = ORIENTED_EDGE('',*,*,#9821,.T.);
#9821 = EDGE_CURVE('',#9798,#9822,#9824,.T.);
#9822 = VERTEX_POINT('',#9823);
#9823 = CARTESIAN_POINT('',(0.1,-2.29,7.35));
#9824 = LINE('',#9825,#9826);
#9825 = CARTESIAN_POINT('',(-0.1,-2.29,7.35));
#9826 = VECTOR('',#9827,1.);
#9827 = DIRECTION('',(1.,0.,-0.));
#9828 = ORIENTED_EDGE('',*,*,#9829,.T.);
#9829 = EDGE_CURVE('',#9822,#7824,#9830,.T.);
#9830 = LINE('',#9831,#9832);
#9831 = CARTESIAN_POINT('',(0.1,-2.29,7.35));
#9832 = VECTOR('',#9833,1.);
#9833 = DIRECTION('',(7.850462293414E-17,0.707106781187,0.707106781187)
  );
#9834 = ORIENTED_EDGE('',*,*,#7831,.F.);
#9835 = ORIENTED_EDGE('',*,*,#9805,.F.);
#9836 = PLANE('',#9837);
#9837 = AXIS2_PLACEMENT_3D('',#9838,#9839,#9840);
#9838 = CARTESIAN_POINT('',(-0.1,-2.29,7.35));
#9839 = DIRECTION('',(-7.850462293414E-17,-0.707106781187,0.707106781187
    ));
#9840 = DIRECTION('',(7.850462293414E-17,0.707106781187,0.707106781187)
  );
#9841 = ADVANCED_FACE('',(#9842),#9878,.F.);
#9842 = FACE_BOUND('',#9843,.F.);
#9843 = EDGE_LOOP('',(#9844,#9845,#9853,#9861,#9869,#9875,#9876,#9877));
#9844 = ORIENTED_EDGE('',*,*,#7919,.F.);
#9845 = ORIENTED_EDGE('',*,*,#9846,.T.);
#9846 = EDGE_CURVE('',#7912,#9847,#9849,.T.);
#9847 = VERTEX_POINT('',#9848);
#9848 = CARTESIAN_POINT('',(0.1,-2.79,7.35));
#9849 = LINE('',#9850,#9851);
#9850 = CARTESIAN_POINT('',(0.1,-2.84,7.4));
#9851 = VECTOR('',#9852,1.);
#9852 = DIRECTION('',(7.850462293414E-17,0.707106781187,-0.707106781187)
  );
#9853 = ORIENTED_EDGE('',*,*,#9854,.T.);
#9854 = EDGE_CURVE('',#9847,#9855,#9857,.T.);
#9855 = VERTEX_POINT('',#9856);
#9856 = CARTESIAN_POINT('',(0.1,-2.79,1.25));
#9857 = LINE('',#9858,#9859);
#9858 = CARTESIAN_POINT('',(0.1,-2.79,7.35));
#9859 = VECTOR('',#9860,1.);
#9860 = DIRECTION('',(0.,-0.,-1.));
#9861 = ORIENTED_EDGE('',*,*,#9862,.T.);
#9862 = EDGE_CURVE('',#9855,#9863,#9865,.T.);
#9863 = VERTEX_POINT('',#9864);
#9864 = CARTESIAN_POINT('',(0.1,-2.29,1.25));
#9865 = LINE('',#9866,#9867);
#9866 = CARTESIAN_POINT('',(0.1,-2.79,1.25));
#9867 = VECTOR('',#9868,1.);
#9868 = DIRECTION('',(1.110223024625E-16,1.,0.));
#9869 = ORIENTED_EDGE('',*,*,#9870,.T.);
#9870 = EDGE_CURVE('',#9863,#9822,#9871,.T.);
#9871 = LINE('',#9872,#9873);
#9872 = CARTESIAN_POINT('',(0.1,-2.29,1.25));
#9873 = VECTOR('',#9874,1.);
#9874 = DIRECTION('',(0.,0.,1.));
#9875 = ORIENTED_EDGE('',*,*,#9829,.T.);
#9876 = ORIENTED_EDGE('',*,*,#7823,.F.);
#9877 = ORIENTED_EDGE('',*,*,#9741,.T.);
#9878 = PLANE('',#9879);
#9879 = AXIS2_PLACEMENT_3D('',#9880,#9881,#9882);
#9880 = CARTESIAN_POINT('',(0.1,-2.54,3.911477598424));
#9881 = DIRECTION('',(-1.,1.110223024625E-16,0.));
#9882 = DIRECTION('',(0.,0.,1.));
#9883 = ADVANCED_FACE('',(#9884),#9895,.T.);
#9884 = FACE_BOUND('',#9885,.T.);
#9885 = EDGE_LOOP('',(#9886,#9887,#9888,#9894));
#9886 = ORIENTED_EDGE('',*,*,#7911,.T.);
#9887 = ORIENTED_EDGE('',*,*,#9846,.T.);
#9888 = ORIENTED_EDGE('',*,*,#9889,.F.);
#9889 = EDGE_CURVE('',#9774,#9847,#9890,.T.);
#9890 = LINE('',#9891,#9892);
#9891 = CARTESIAN_POINT('',(-0.1,-2.79,7.35));
#9892 = VECTOR('',#9893,1.);
#9893 = DIRECTION('',(1.,0.,-0.));
#9894 = ORIENTED_EDGE('',*,*,#9773,.F.);
#9895 = PLANE('',#9896);
#9896 = AXIS2_PLACEMENT_3D('',#9897,#9898,#9899);
#9897 = CARTESIAN_POINT('',(-0.1,-2.84,7.4));
#9898 = DIRECTION('',(7.850462293414E-17,0.707106781187,0.707106781187)
  );
#9899 = DIRECTION('',(7.850462293414E-17,0.707106781187,-0.707106781187)
  );
#9900 = ADVANCED_FACE('',(#9901),#9912,.T.);
#9901 = FACE_BOUND('',#9902,.T.);
#9902 = EDGE_LOOP('',(#9903,#9904,#9905,#9906));
#9903 = ORIENTED_EDGE('',*,*,#8087,.T.);
#9904 = ORIENTED_EDGE('',*,*,#7950,.T.);
#9905 = ORIENTED_EDGE('',*,*,#7975,.T.);
#9906 = ORIENTED_EDGE('',*,*,#9907,.T.);
#9907 = EDGE_CURVE('',#7976,#8080,#9908,.T.);
#9908 = LINE('',#9909,#9910);
#9909 = CARTESIAN_POINT('',(0.1,8.770761894539E-16,0.9));
#9910 = VECTOR('',#9911,1.);
#9911 = DIRECTION('',(-1.110223024625E-16,-1.,0.));
#9912 = PLANE('',#9913);
#9913 = AXIS2_PLACEMENT_3D('',#9914,#9915,#9916);
#9914 = CARTESIAN_POINT('',(-9.367506770275E-17,1.7763568394E-15,0.9));
#9915 = DIRECTION('',(0.,0.,1.));
#9916 = DIRECTION('',(1.110223024625E-16,1.,-0.));
#9917 = ADVANCED_FACE('',(#9918),#9929,.T.);
#9918 = FACE_BOUND('',#9919,.T.);
#9919 = EDGE_LOOP('',(#9920,#9921,#9927,#9928));
#9920 = ORIENTED_EDGE('',*,*,#8055,.T.);
#9921 = ORIENTED_EDGE('',*,*,#9922,.F.);
#9922 = EDGE_CURVE('',#8000,#8056,#9923,.T.);
#9923 = LINE('',#9924,#9925);
#9924 = CARTESIAN_POINT('',(-0.1,8.992806499464E-16,0.9));
#9925 = VECTOR('',#9926,1.);
#9926 = DIRECTION('',(-1.110223024625E-16,-1.,0.));
#9927 = ORIENTED_EDGE('',*,*,#8007,.T.);
#9928 = ORIENTED_EDGE('',*,*,#8030,.T.);
#9929 = PLANE('',#9930);
#9930 = AXIS2_PLACEMENT_3D('',#9931,#9932,#9933);
#9931 = CARTESIAN_POINT('',(-9.367506770275E-17,1.7763568394E-15,0.9));
#9932 = DIRECTION('',(0.,0.,1.));
#9933 = DIRECTION('',(1.110223024625E-16,1.,-0.));
#9934 = ADVANCED_FACE('',(#9935),#9978,.T.);
#9935 = FACE_BOUND('',#9936,.T.);
#9936 = EDGE_LOOP('',(#9937,#9938,#9946,#9954,#9962,#9970,#9976,#9977));
#9937 = ORIENTED_EDGE('',*,*,#8063,.F.);
#9938 = ORIENTED_EDGE('',*,*,#9939,.T.);
#9939 = EDGE_CURVE('',#8064,#9940,#9942,.T.);
#9940 = VERTEX_POINT('',#9941);
#9941 = CARTESIAN_POINT('',(-0.1,-0.25,7.35));
#9942 = LINE('',#9943,#9944);
#9943 = CARTESIAN_POINT('',(-0.1,-0.3,7.4));
#9944 = VECTOR('',#9945,1.);
#9945 = DIRECTION('',(7.850462293414E-17,0.707106781187,-0.707106781187)
  );
#9946 = ORIENTED_EDGE('',*,*,#9947,.T.);
#9947 = EDGE_CURVE('',#9940,#9948,#9950,.T.);
#9948 = VERTEX_POINT('',#9949);
#9949 = CARTESIAN_POINT('',(-0.1,-0.25,1.25));
#9950 = LINE('',#9951,#9952);
#9951 = CARTESIAN_POINT('',(-0.1,-0.25,7.35));
#9952 = VECTOR('',#9953,1.);
#9953 = DIRECTION('',(0.,-0.,-1.));
#9954 = ORIENTED_EDGE('',*,*,#9955,.T.);
#9955 = EDGE_CURVE('',#9948,#9956,#9958,.T.);
#9956 = VERTEX_POINT('',#9957);
#9957 = CARTESIAN_POINT('',(-0.1,0.25,1.25));
#9958 = LINE('',#9959,#9960);
#9959 = CARTESIAN_POINT('',(-0.1,-0.25,1.25));
#9960 = VECTOR('',#9961,1.);
#9961 = DIRECTION('',(1.110223024625E-16,1.,0.));
#9962 = ORIENTED_EDGE('',*,*,#9963,.T.);
#9963 = EDGE_CURVE('',#9956,#9964,#9966,.T.);
#9964 = VERTEX_POINT('',#9965);
#9965 = CARTESIAN_POINT('',(-0.1,0.25,7.35));
#9966 = LINE('',#9967,#9968);
#9967 = CARTESIAN_POINT('',(-0.1,0.25,1.25));
#9968 = VECTOR('',#9969,1.);
#9969 = DIRECTION('',(0.,0.,1.));
#9970 = ORIENTED_EDGE('',*,*,#9971,.T.);
#9971 = EDGE_CURVE('',#9964,#7992,#9972,.T.);
#9972 = LINE('',#9973,#9974);
#9973 = CARTESIAN_POINT('',(-0.1,0.25,7.35));
#9974 = VECTOR('',#9975,1.);
#9975 = DIRECTION('',(7.850462293414E-17,0.707106781187,0.707106781187)
  );
#9976 = ORIENTED_EDGE('',*,*,#7999,.F.);
#9977 = ORIENTED_EDGE('',*,*,#9922,.T.);
#9978 = PLANE('',#9979);
#9979 = AXIS2_PLACEMENT_3D('',#9980,#9981,#9982);
#9980 = CARTESIAN_POINT('',(-0.1,1.110223024625E-17,3.911477598424));
#9981 = DIRECTION('',(-1.,1.110223024625E-16,0.));
#9982 = DIRECTION('',(0.,0.,1.));
#9983 = ADVANCED_FACE('',(#9984),#10002,.T.);
#9984 = FACE_BOUND('',#9985,.T.);
#9985 = EDGE_LOOP('',(#9986,#9994,#10000,#10001));
#9986 = ORIENTED_EDGE('',*,*,#9987,.T.);
#9987 = EDGE_CURVE('',#9964,#9988,#9990,.T.);
#9988 = VERTEX_POINT('',#9989);
#9989 = CARTESIAN_POINT('',(0.1,0.25,7.35));
#9990 = LINE('',#9991,#9992);
#9991 = CARTESIAN_POINT('',(-0.1,0.25,7.35));
#9992 = VECTOR('',#9993,1.);
#9993 = DIRECTION('',(1.,0.,-0.));
#9994 = ORIENTED_EDGE('',*,*,#9995,.T.);
#9995 = EDGE_CURVE('',#9988,#7984,#9996,.T.);
#9996 = LINE('',#9997,#9998);
#9997 = CARTESIAN_POINT('',(0.1,0.25,7.35));
#9998 = VECTOR('',#9999,1.);
#9999 = DIRECTION('',(7.850462293414E-17,0.707106781187,0.707106781187)
  );
#10000 = ORIENTED_EDGE('',*,*,#7991,.F.);
#10001 = ORIENTED_EDGE('',*,*,#9971,.F.);
#10002 = PLANE('',#10003);
#10003 = AXIS2_PLACEMENT_3D('',#10004,#10005,#10006);
#10004 = CARTESIAN_POINT('',(-0.1,0.25,7.35));
#10005 = DIRECTION('',(-7.850462293414E-17,-0.707106781187,
    0.707106781187));
#10006 = DIRECTION('',(7.850462293414E-17,0.707106781187,0.707106781187)
  );
#10007 = ADVANCED_FACE('',(#10008),#10044,.F.);
#10008 = FACE_BOUND('',#10009,.F.);
#10009 = EDGE_LOOP('',(#10010,#10011,#10019,#10027,#10035,#10041,#10042,
    #10043));
#10010 = ORIENTED_EDGE('',*,*,#8079,.F.);
#10011 = ORIENTED_EDGE('',*,*,#10012,.T.);
#10012 = EDGE_CURVE('',#8072,#10013,#10015,.T.);
#10013 = VERTEX_POINT('',#10014);
#10014 = CARTESIAN_POINT('',(0.1,-0.25,7.35));
#10015 = LINE('',#10016,#10017);
#10016 = CARTESIAN_POINT('',(0.1,-0.3,7.4));
#10017 = VECTOR('',#10018,1.);
#10018 = DIRECTION('',(7.850462293414E-17,0.707106781187,-0.707106781187
    ));
#10019 = ORIENTED_EDGE('',*,*,#10020,.T.);
#10020 = EDGE_CURVE('',#10013,#10021,#10023,.T.);
#10021 = VERTEX_POINT('',#10022);
#10022 = CARTESIAN_POINT('',(0.1,-0.25,1.25));
#10023 = LINE('',#10024,#10025);
#10024 = CARTESIAN_POINT('',(0.1,-0.25,7.35));
#10025 = VECTOR('',#10026,1.);
#10026 = DIRECTION('',(0.,-0.,-1.));
#10027 = ORIENTED_EDGE('',*,*,#10028,.T.);
#10028 = EDGE_CURVE('',#10021,#10029,#10031,.T.);
#10029 = VERTEX_POINT('',#10030);
#10030 = CARTESIAN_POINT('',(0.1,0.25,1.25));
#10031 = LINE('',#10032,#10033);
#10032 = CARTESIAN_POINT('',(0.1,-0.25,1.25));
#10033 = VECTOR('',#10034,1.);
#10034 = DIRECTION('',(1.110223024625E-16,1.,0.));
#10035 = ORIENTED_EDGE('',*,*,#10036,.T.);
#10036 = EDGE_CURVE('',#10029,#9988,#10037,.T.);
#10037 = LINE('',#10038,#10039);
#10038 = CARTESIAN_POINT('',(0.1,0.25,1.25));
#10039 = VECTOR('',#10040,1.);
#10040 = DIRECTION('',(0.,0.,1.));
#10041 = ORIENTED_EDGE('',*,*,#9995,.T.);
#10042 = ORIENTED_EDGE('',*,*,#7983,.F.);
#10043 = ORIENTED_EDGE('',*,*,#9907,.T.);
#10044 = PLANE('',#10045);
#10045 = AXIS2_PLACEMENT_3D('',#10046,#10047,#10048);
#10046 = CARTESIAN_POINT('',(0.1,-1.110223024625E-17,3.911477598424));
#10047 = DIRECTION('',(-1.,1.110223024625E-16,0.));
#10048 = DIRECTION('',(0.,0.,1.));
#10049 = ADVANCED_FACE('',(#10050),#10061,.T.);
#10050 = FACE_BOUND('',#10051,.T.);
#10051 = EDGE_LOOP('',(#10052,#10053,#10054,#10060));
#10052 = ORIENTED_EDGE('',*,*,#8071,.T.);
#10053 = ORIENTED_EDGE('',*,*,#10012,.T.);
#10054 = ORIENTED_EDGE('',*,*,#10055,.F.);
#10055 = EDGE_CURVE('',#9940,#10013,#10056,.T.);
#10056 = LINE('',#10057,#10058);
#10057 = CARTESIAN_POINT('',(-0.1,-0.25,7.35));
#10058 = VECTOR('',#10059,1.);
#10059 = DIRECTION('',(1.,0.,-0.));
#10060 = ORIENTED_EDGE('',*,*,#9939,.F.);
#10061 = PLANE('',#10062);
#10062 = AXIS2_PLACEMENT_3D('',#10063,#10064,#10065);
#10063 = CARTESIAN_POINT('',(-0.1,-0.3,7.4));
#10064 = DIRECTION('',(7.850462293414E-17,0.707106781187,0.707106781187)
  );
#10065 = DIRECTION('',(7.850462293414E-17,0.707106781187,-0.707106781187
    ));
#10066 = ADVANCED_FACE('',(#10067),#10078,.T.);
#10067 = FACE_BOUND('',#10068,.T.);
#10068 = EDGE_LOOP('',(#10069,#10075,#10076,#10077));
#10069 = ORIENTED_EDGE('',*,*,#10070,.T.);
#10070 = EDGE_CURVE('',#8794,#8867,#10071,.T.);
#10071 = LINE('',#10072,#10073);
#10072 = CARTESIAN_POINT('',(-0.1,-17.53,1.25));
#10073 = VECTOR('',#10074,1.);
#10074 = DIRECTION('',(1.,0.,-0.));
#10075 = ORIENTED_EDGE('',*,*,#8874,.T.);
#10076 = ORIENTED_EDGE('',*,*,#8825,.F.);
#10077 = ORIENTED_EDGE('',*,*,#8801,.F.);
#10078 = PLANE('',#10079);
#10079 = AXIS2_PLACEMENT_3D('',#10080,#10081,#10082);
#10080 = CARTESIAN_POINT('',(-0.1,-17.53,1.25));
#10081 = DIRECTION('',(-1.110223024625E-16,-1.,0.));
#10082 = DIRECTION('',(0.,0.,1.));
#10083 = ADVANCED_FACE('',(#10084),#10095,.T.);
#10084 = FACE_BOUND('',#10085,.T.);
#10085 = EDGE_LOOP('',(#10086,#10092,#10093,#10094));
#10086 = ORIENTED_EDGE('',*,*,#10087,.T.);
#10087 = EDGE_CURVE('',#8786,#8859,#10088,.T.);
#10088 = LINE('',#10089,#10090);
#10089 = CARTESIAN_POINT('',(-0.1,-18.03,1.25));
#10090 = VECTOR('',#10091,1.);
#10091 = DIRECTION('',(1.,0.,-0.));
#10092 = ORIENTED_EDGE('',*,*,#8866,.T.);
#10093 = ORIENTED_EDGE('',*,*,#10070,.F.);
#10094 = ORIENTED_EDGE('',*,*,#8793,.F.);
#10095 = PLANE('',#10096);
#10096 = AXIS2_PLACEMENT_3D('',#10097,#10098,#10099);
#10097 = CARTESIAN_POINT('',(-0.1,-18.03,1.25));
#10098 = DIRECTION('',(0.,0.,1.));
#10099 = DIRECTION('',(1.110223024625E-16,1.,-0.));
#10100 = ADVANCED_FACE('',(#10101),#10107,.T.);
#10101 = FACE_BOUND('',#10102,.T.);
#10102 = EDGE_LOOP('',(#10103,#10104,#10105,#10106));
#10103 = ORIENTED_EDGE('',*,*,#8893,.T.);
#10104 = ORIENTED_EDGE('',*,*,#8858,.T.);
#10105 = ORIENTED_EDGE('',*,*,#10087,.F.);
#10106 = ORIENTED_EDGE('',*,*,#8785,.F.);
#10107 = PLANE('',#10108);
#10108 = AXIS2_PLACEMENT_3D('',#10109,#10110,#10111);
#10109 = CARTESIAN_POINT('',(-0.1,-18.03,7.35));
#10110 = DIRECTION('',(1.110223024625E-16,1.,0.));
#10111 = DIRECTION('',(0.,0.,-1.));
#10112 = ADVANCED_FACE('',(#10113),#10124,.T.);
#10113 = FACE_BOUND('',#10114,.T.);
#10114 = EDGE_LOOP('',(#10115,#10121,#10122,#10123));
#10115 = ORIENTED_EDGE('',*,*,#10116,.T.);
#10116 = EDGE_CURVE('',#8960,#9033,#10117,.T.);
#10117 = LINE('',#10118,#10119);
#10118 = CARTESIAN_POINT('',(-0.1,-14.99,1.25));
#10119 = VECTOR('',#10120,1.);
#10120 = DIRECTION('',(1.,0.,-0.));
#10121 = ORIENTED_EDGE('',*,*,#9040,.T.);
#10122 = ORIENTED_EDGE('',*,*,#8991,.F.);
#10123 = ORIENTED_EDGE('',*,*,#8967,.F.);
#10124 = PLANE('',#10125);
#10125 = AXIS2_PLACEMENT_3D('',#10126,#10127,#10128);
#10126 = CARTESIAN_POINT('',(-0.1,-14.99,1.25));
#10127 = DIRECTION('',(-1.110223024625E-16,-1.,0.));
#10128 = DIRECTION('',(0.,0.,1.));
#10129 = ADVANCED_FACE('',(#10130),#10141,.T.);
#10130 = FACE_BOUND('',#10131,.T.);
#10131 = EDGE_LOOP('',(#10132,#10138,#10139,#10140));
#10132 = ORIENTED_EDGE('',*,*,#10133,.T.);
#10133 = EDGE_CURVE('',#8952,#9025,#10134,.T.);
#10134 = LINE('',#10135,#10136);
#10135 = CARTESIAN_POINT('',(-0.1,-15.49,1.25));
#10136 = VECTOR('',#10137,1.);
#10137 = DIRECTION('',(1.,0.,-0.));
#10138 = ORIENTED_EDGE('',*,*,#9032,.T.);
#10139 = ORIENTED_EDGE('',*,*,#10116,.F.);
#10140 = ORIENTED_EDGE('',*,*,#8959,.F.);
#10141 = PLANE('',#10142);
#10142 = AXIS2_PLACEMENT_3D('',#10143,#10144,#10145);
#10143 = CARTESIAN_POINT('',(-0.1,-15.49,1.25));
#10144 = DIRECTION('',(0.,0.,1.));
#10145 = DIRECTION('',(1.110223024625E-16,1.,-0.));
#10146 = ADVANCED_FACE('',(#10147),#10153,.T.);
#10147 = FACE_BOUND('',#10148,.T.);
#10148 = EDGE_LOOP('',(#10149,#10150,#10151,#10152));
#10149 = ORIENTED_EDGE('',*,*,#9059,.T.);
#10150 = ORIENTED_EDGE('',*,*,#9024,.T.);
#10151 = ORIENTED_EDGE('',*,*,#10133,.F.);
#10152 = ORIENTED_EDGE('',*,*,#8951,.F.);
#10153 = PLANE('',#10154);
#10154 = AXIS2_PLACEMENT_3D('',#10155,#10156,#10157);
#10155 = CARTESIAN_POINT('',(-0.1,-15.49,7.35));
#10156 = DIRECTION('',(1.110223024625E-16,1.,0.));
#10157 = DIRECTION('',(0.,0.,-1.));
#10158 = ADVANCED_FACE('',(#10159),#10170,.T.);
#10159 = FACE_BOUND('',#10160,.T.);
#10160 = EDGE_LOOP('',(#10161,#10167,#10168,#10169));
#10161 = ORIENTED_EDGE('',*,*,#10162,.T.);
#10162 = EDGE_CURVE('',#9126,#9199,#10163,.T.);
#10163 = LINE('',#10164,#10165);
#10164 = CARTESIAN_POINT('',(-0.1,-12.45,1.25));
#10165 = VECTOR('',#10166,1.);
#10166 = DIRECTION('',(1.,0.,-0.));
#10167 = ORIENTED_EDGE('',*,*,#9206,.T.);
#10168 = ORIENTED_EDGE('',*,*,#9157,.F.);
#10169 = ORIENTED_EDGE('',*,*,#9133,.F.);
#10170 = PLANE('',#10171);
#10171 = AXIS2_PLACEMENT_3D('',#10172,#10173,#10174);
#10172 = CARTESIAN_POINT('',(-0.1,-12.45,1.25));
#10173 = DIRECTION('',(-1.110223024625E-16,-1.,0.));
#10174 = DIRECTION('',(0.,0.,1.));
#10175 = ADVANCED_FACE('',(#10176),#10187,.T.);
#10176 = FACE_BOUND('',#10177,.T.);
#10177 = EDGE_LOOP('',(#10178,#10184,#10185,#10186));
#10178 = ORIENTED_EDGE('',*,*,#10179,.T.);
#10179 = EDGE_CURVE('',#9118,#9191,#10180,.T.);
#10180 = LINE('',#10181,#10182);
#10181 = CARTESIAN_POINT('',(-0.1,-12.95,1.25));
#10182 = VECTOR('',#10183,1.);
#10183 = DIRECTION('',(1.,0.,-0.));
#10184 = ORIENTED_EDGE('',*,*,#9198,.T.);
#10185 = ORIENTED_EDGE('',*,*,#10162,.F.);
#10186 = ORIENTED_EDGE('',*,*,#9125,.F.);
#10187 = PLANE('',#10188);
#10188 = AXIS2_PLACEMENT_3D('',#10189,#10190,#10191);
#10189 = CARTESIAN_POINT('',(-0.1,-12.95,1.25));
#10190 = DIRECTION('',(0.,0.,1.));
#10191 = DIRECTION('',(1.110223024625E-16,1.,-0.));
#10192 = ADVANCED_FACE('',(#10193),#10199,.T.);
#10193 = FACE_BOUND('',#10194,.T.);
#10194 = EDGE_LOOP('',(#10195,#10196,#10197,#10198));
#10195 = ORIENTED_EDGE('',*,*,#9225,.T.);
#10196 = ORIENTED_EDGE('',*,*,#9190,.T.);
#10197 = ORIENTED_EDGE('',*,*,#10179,.F.);
#10198 = ORIENTED_EDGE('',*,*,#9117,.F.);
#10199 = PLANE('',#10200);
#10200 = AXIS2_PLACEMENT_3D('',#10201,#10202,#10203);
#10201 = CARTESIAN_POINT('',(-0.1,-12.95,7.35));
#10202 = DIRECTION('',(1.110223024625E-16,1.,0.));
#10203 = DIRECTION('',(0.,0.,-1.));
#10204 = ADVANCED_FACE('',(#10205),#10216,.T.);
#10205 = FACE_BOUND('',#10206,.T.);
#10206 = EDGE_LOOP('',(#10207,#10213,#10214,#10215));
#10207 = ORIENTED_EDGE('',*,*,#10208,.T.);
#10208 = EDGE_CURVE('',#9292,#9365,#10209,.T.);
#10209 = LINE('',#10210,#10211);
#10210 = CARTESIAN_POINT('',(-0.1,-9.91,1.25));
#10211 = VECTOR('',#10212,1.);
#10212 = DIRECTION('',(1.,0.,-0.));
#10213 = ORIENTED_EDGE('',*,*,#9372,.T.);
#10214 = ORIENTED_EDGE('',*,*,#9323,.F.);
#10215 = ORIENTED_EDGE('',*,*,#9299,.F.);
#10216 = PLANE('',#10217);
#10217 = AXIS2_PLACEMENT_3D('',#10218,#10219,#10220);
#10218 = CARTESIAN_POINT('',(-0.1,-9.91,1.25));
#10219 = DIRECTION('',(-1.110223024625E-16,-1.,0.));
#10220 = DIRECTION('',(0.,0.,1.));
#10221 = ADVANCED_FACE('',(#10222),#10233,.T.);
#10222 = FACE_BOUND('',#10223,.T.);
#10223 = EDGE_LOOP('',(#10224,#10230,#10231,#10232));
#10224 = ORIENTED_EDGE('',*,*,#10225,.T.);
#10225 = EDGE_CURVE('',#9284,#9357,#10226,.T.);
#10226 = LINE('',#10227,#10228);
#10227 = CARTESIAN_POINT('',(-0.1,-10.41,1.25));
#10228 = VECTOR('',#10229,1.);
#10229 = DIRECTION('',(1.,0.,-0.));
#10230 = ORIENTED_EDGE('',*,*,#9364,.T.);
#10231 = ORIENTED_EDGE('',*,*,#10208,.F.);
#10232 = ORIENTED_EDGE('',*,*,#9291,.F.);
#10233 = PLANE('',#10234);
#10234 = AXIS2_PLACEMENT_3D('',#10235,#10236,#10237);
#10235 = CARTESIAN_POINT('',(-0.1,-10.41,1.25));
#10236 = DIRECTION('',(0.,0.,1.));
#10237 = DIRECTION('',(1.110223024625E-16,1.,-0.));
#10238 = ADVANCED_FACE('',(#10239),#10245,.T.);
#10239 = FACE_BOUND('',#10240,.T.);
#10240 = EDGE_LOOP('',(#10241,#10242,#10243,#10244));
#10241 = ORIENTED_EDGE('',*,*,#9391,.T.);
#10242 = ORIENTED_EDGE('',*,*,#9356,.T.);
#10243 = ORIENTED_EDGE('',*,*,#10225,.F.);
#10244 = ORIENTED_EDGE('',*,*,#9283,.F.);
#10245 = PLANE('',#10246);
#10246 = AXIS2_PLACEMENT_3D('',#10247,#10248,#10249);
#10247 = CARTESIAN_POINT('',(-0.1,-10.41,7.35));
#10248 = DIRECTION('',(1.110223024625E-16,1.,0.));
#10249 = DIRECTION('',(0.,0.,-1.));
#10250 = ADVANCED_FACE('',(#10251),#10262,.T.);
#10251 = FACE_BOUND('',#10252,.T.);
#10252 = EDGE_LOOP('',(#10253,#10259,#10260,#10261));
#10253 = ORIENTED_EDGE('',*,*,#10254,.T.);
#10254 = EDGE_CURVE('',#9458,#9531,#10255,.T.);
#10255 = LINE('',#10256,#10257);
#10256 = CARTESIAN_POINT('',(-0.1,-7.37,1.25));
#10257 = VECTOR('',#10258,1.);
#10258 = DIRECTION('',(1.,0.,-0.));
#10259 = ORIENTED_EDGE('',*,*,#9538,.T.);
#10260 = ORIENTED_EDGE('',*,*,#9489,.F.);
#10261 = ORIENTED_EDGE('',*,*,#9465,.F.);
#10262 = PLANE('',#10263);
#10263 = AXIS2_PLACEMENT_3D('',#10264,#10265,#10266);
#10264 = CARTESIAN_POINT('',(-0.1,-7.37,1.25));
#10265 = DIRECTION('',(-1.110223024625E-16,-1.,0.));
#10266 = DIRECTION('',(0.,0.,1.));
#10267 = ADVANCED_FACE('',(#10268),#10279,.T.);
#10268 = FACE_BOUND('',#10269,.T.);
#10269 = EDGE_LOOP('',(#10270,#10276,#10277,#10278));
#10270 = ORIENTED_EDGE('',*,*,#10271,.T.);
#10271 = EDGE_CURVE('',#9450,#9523,#10272,.T.);
#10272 = LINE('',#10273,#10274);
#10273 = CARTESIAN_POINT('',(-0.1,-7.87,1.25));
#10274 = VECTOR('',#10275,1.);
#10275 = DIRECTION('',(1.,0.,-0.));
#10276 = ORIENTED_EDGE('',*,*,#9530,.T.);
#10277 = ORIENTED_EDGE('',*,*,#10254,.F.);
#10278 = ORIENTED_EDGE('',*,*,#9457,.F.);
#10279 = PLANE('',#10280);
#10280 = AXIS2_PLACEMENT_3D('',#10281,#10282,#10283);
#10281 = CARTESIAN_POINT('',(-0.1,-7.87,1.25));
#10282 = DIRECTION('',(0.,0.,1.));
#10283 = DIRECTION('',(1.110223024625E-16,1.,-0.));
#10284 = ADVANCED_FACE('',(#10285),#10291,.T.);
#10285 = FACE_BOUND('',#10286,.T.);
#10286 = EDGE_LOOP('',(#10287,#10288,#10289,#10290));
#10287 = ORIENTED_EDGE('',*,*,#9557,.T.);
#10288 = ORIENTED_EDGE('',*,*,#9522,.T.);
#10289 = ORIENTED_EDGE('',*,*,#10271,.F.);
#10290 = ORIENTED_EDGE('',*,*,#9449,.F.);
#10291 = PLANE('',#10292);
#10292 = AXIS2_PLACEMENT_3D('',#10293,#10294,#10295);
#10293 = CARTESIAN_POINT('',(-0.1,-7.87,7.35));
#10294 = DIRECTION('',(1.110223024625E-16,1.,0.));
#10295 = DIRECTION('',(0.,0.,-1.));
#10296 = ADVANCED_FACE('',(#10297),#10308,.T.);
#10297 = FACE_BOUND('',#10298,.T.);
#10298 = EDGE_LOOP('',(#10299,#10305,#10306,#10307));
#10299 = ORIENTED_EDGE('',*,*,#10300,.T.);
#10300 = EDGE_CURVE('',#9624,#9697,#10301,.T.);
#10301 = LINE('',#10302,#10303);
#10302 = CARTESIAN_POINT('',(-0.1,-4.83,1.25));
#10303 = VECTOR('',#10304,1.);
#10304 = DIRECTION('',(1.,0.,-0.));
#10305 = ORIENTED_EDGE('',*,*,#9704,.T.);
#10306 = ORIENTED_EDGE('',*,*,#9655,.F.);
#10307 = ORIENTED_EDGE('',*,*,#9631,.F.);
#10308 = PLANE('',#10309);
#10309 = AXIS2_PLACEMENT_3D('',#10310,#10311,#10312);
#10310 = CARTESIAN_POINT('',(-0.1,-4.83,1.25));
#10311 = DIRECTION('',(-1.110223024625E-16,-1.,0.));
#10312 = DIRECTION('',(0.,0.,1.));
#10313 = ADVANCED_FACE('',(#10314),#10325,.T.);
#10314 = FACE_BOUND('',#10315,.T.);
#10315 = EDGE_LOOP('',(#10316,#10322,#10323,#10324));
#10316 = ORIENTED_EDGE('',*,*,#10317,.T.);
#10317 = EDGE_CURVE('',#9616,#9689,#10318,.T.);
#10318 = LINE('',#10319,#10320);
#10319 = CARTESIAN_POINT('',(-0.1,-5.33,1.25));
#10320 = VECTOR('',#10321,1.);
#10321 = DIRECTION('',(1.,0.,-0.));
#10322 = ORIENTED_EDGE('',*,*,#9696,.T.);
#10323 = ORIENTED_EDGE('',*,*,#10300,.F.);
#10324 = ORIENTED_EDGE('',*,*,#9623,.F.);
#10325 = PLANE('',#10326);
#10326 = AXIS2_PLACEMENT_3D('',#10327,#10328,#10329);
#10327 = CARTESIAN_POINT('',(-0.1,-5.33,1.25));
#10328 = DIRECTION('',(0.,0.,1.));
#10329 = DIRECTION('',(1.110223024625E-16,1.,-0.));
#10330 = ADVANCED_FACE('',(#10331),#10337,.T.);
#10331 = FACE_BOUND('',#10332,.T.);
#10332 = EDGE_LOOP('',(#10333,#10334,#10335,#10336));
#10333 = ORIENTED_EDGE('',*,*,#9723,.T.);
#10334 = ORIENTED_EDGE('',*,*,#9688,.T.);
#10335 = ORIENTED_EDGE('',*,*,#10317,.F.);
#10336 = ORIENTED_EDGE('',*,*,#9615,.F.);
#10337 = PLANE('',#10338);
#10338 = AXIS2_PLACEMENT_3D('',#10339,#10340,#10341);
#10339 = CARTESIAN_POINT('',(-0.1,-5.33,7.35));
#10340 = DIRECTION('',(1.110223024625E-16,1.,0.));
#10341 = DIRECTION('',(0.,0.,-1.));
#10342 = ADVANCED_FACE('',(#10343),#10354,.T.);
#10343 = FACE_BOUND('',#10344,.T.);
#10344 = EDGE_LOOP('',(#10345,#10351,#10352,#10353));
#10345 = ORIENTED_EDGE('',*,*,#10346,.T.);
#10346 = EDGE_CURVE('',#9790,#9863,#10347,.T.);
#10347 = LINE('',#10348,#10349);
#10348 = CARTESIAN_POINT('',(-0.1,-2.29,1.25));
#10349 = VECTOR('',#10350,1.);
#10350 = DIRECTION('',(1.,0.,-0.));
#10351 = ORIENTED_EDGE('',*,*,#9870,.T.);
#10352 = ORIENTED_EDGE('',*,*,#9821,.F.);
#10353 = ORIENTED_EDGE('',*,*,#9797,.F.);
#10354 = PLANE('',#10355);
#10355 = AXIS2_PLACEMENT_3D('',#10356,#10357,#10358);
#10356 = CARTESIAN_POINT('',(-0.1,-2.29,1.25));
#10357 = DIRECTION('',(-1.110223024625E-16,-1.,0.));
#10358 = DIRECTION('',(0.,0.,1.));
#10359 = ADVANCED_FACE('',(#10360),#10371,.T.);
#10360 = FACE_BOUND('',#10361,.T.);
#10361 = EDGE_LOOP('',(#10362,#10368,#10369,#10370));
#10362 = ORIENTED_EDGE('',*,*,#10363,.T.);
#10363 = EDGE_CURVE('',#9782,#9855,#10364,.T.);
#10364 = LINE('',#10365,#10366);
#10365 = CARTESIAN_POINT('',(-0.1,-2.79,1.25));
#10366 = VECTOR('',#10367,1.);
#10367 = DIRECTION('',(1.,0.,-0.));
#10368 = ORIENTED_EDGE('',*,*,#9862,.T.);
#10369 = ORIENTED_EDGE('',*,*,#10346,.F.);
#10370 = ORIENTED_EDGE('',*,*,#9789,.F.);
#10371 = PLANE('',#10372);
#10372 = AXIS2_PLACEMENT_3D('',#10373,#10374,#10375);
#10373 = CARTESIAN_POINT('',(-0.1,-2.79,1.25));
#10374 = DIRECTION('',(0.,0.,1.));
#10375 = DIRECTION('',(1.110223024625E-16,1.,-0.));
#10376 = ADVANCED_FACE('',(#10377),#10383,.T.);
#10377 = FACE_BOUND('',#10378,.T.);
#10378 = EDGE_LOOP('',(#10379,#10380,#10381,#10382));
#10379 = ORIENTED_EDGE('',*,*,#9889,.T.);
#10380 = ORIENTED_EDGE('',*,*,#9854,.T.);
#10381 = ORIENTED_EDGE('',*,*,#10363,.F.);
#10382 = ORIENTED_EDGE('',*,*,#9781,.F.);
#10383 = PLANE('',#10384);
#10384 = AXIS2_PLACEMENT_3D('',#10385,#10386,#10387);
#10385 = CARTESIAN_POINT('',(-0.1,-2.79,7.35));
#10386 = DIRECTION('',(1.110223024625E-16,1.,0.));
#10387 = DIRECTION('',(0.,0.,-1.));
#10388 = ADVANCED_FACE('',(#10389),#10400,.T.);
#10389 = FACE_BOUND('',#10390,.T.);
#10390 = EDGE_LOOP('',(#10391,#10397,#10398,#10399));
#10391 = ORIENTED_EDGE('',*,*,#10392,.T.);
#10392 = EDGE_CURVE('',#9956,#10029,#10393,.T.);
#10393 = LINE('',#10394,#10395);
#10394 = CARTESIAN_POINT('',(-0.1,0.25,1.25));
#10395 = VECTOR('',#10396,1.);
#10396 = DIRECTION('',(1.,0.,-0.));
#10397 = ORIENTED_EDGE('',*,*,#10036,.T.);
#10398 = ORIENTED_EDGE('',*,*,#9987,.F.);
#10399 = ORIENTED_EDGE('',*,*,#9963,.F.);
#10400 = PLANE('',#10401);
#10401 = AXIS2_PLACEMENT_3D('',#10402,#10403,#10404);
#10402 = CARTESIAN_POINT('',(-0.1,0.25,1.25));
#10403 = DIRECTION('',(-1.110223024625E-16,-1.,0.));
#10404 = DIRECTION('',(0.,0.,1.));
#10405 = ADVANCED_FACE('',(#10406),#10417,.T.);
#10406 = FACE_BOUND('',#10407,.T.);
#10407 = EDGE_LOOP('',(#10408,#10414,#10415,#10416));
#10408 = ORIENTED_EDGE('',*,*,#10409,.T.);
#10409 = EDGE_CURVE('',#9948,#10021,#10410,.T.);
#10410 = LINE('',#10411,#10412);
#10411 = CARTESIAN_POINT('',(-0.1,-0.25,1.25));
#10412 = VECTOR('',#10413,1.);
#10413 = DIRECTION('',(1.,0.,-0.));
#10414 = ORIENTED_EDGE('',*,*,#10028,.T.);
#10415 = ORIENTED_EDGE('',*,*,#10392,.F.);
#10416 = ORIENTED_EDGE('',*,*,#9955,.F.);
#10417 = PLANE('',#10418);
#10418 = AXIS2_PLACEMENT_3D('',#10419,#10420,#10421);
#10419 = CARTESIAN_POINT('',(-0.1,-0.25,1.25));
#10420 = DIRECTION('',(0.,0.,1.));
#10421 = DIRECTION('',(1.110223024625E-16,1.,-0.));
#10422 = ADVANCED_FACE('',(#10423),#10429,.T.);
#10423 = FACE_BOUND('',#10424,.T.);
#10424 = EDGE_LOOP('',(#10425,#10426,#10427,#10428));
#10425 = ORIENTED_EDGE('',*,*,#10055,.T.);
#10426 = ORIENTED_EDGE('',*,*,#10020,.T.);
#10427 = ORIENTED_EDGE('',*,*,#10409,.F.);
#10428 = ORIENTED_EDGE('',*,*,#9947,.F.);
#10429 = PLANE('',#10430);
#10430 = AXIS2_PLACEMENT_3D('',#10431,#10432,#10433);
#10431 = CARTESIAN_POINT('',(-0.1,-0.25,7.35));
#10432 = DIRECTION('',(1.110223024625E-16,1.,0.));
#10433 = DIRECTION('',(0.,0.,-1.));
#10434 = ( GEOMETRIC_REPRESENTATION_CONTEXT(3) 
GLOBAL_UNCERTAINTY_ASSIGNED_CONTEXT((#10438)) 
GLOBAL_UNIT_ASSIGNED_CONTEXT((#10435,#10436,#10437)) 
REPRESENTATION_CONTEXT('Context #1',
  '3D Context with UNIT and UNCERTAINTY') );
#10435 = ( LENGTH_UNIT() NAMED_UNIT(*) SI_UNIT(.MILLI.,.METRE.) );
#10436 = ( NAMED_UNIT(*) PLANE_ANGLE_UNIT() SI_UNIT($,.RADIAN.) );
#10437 = ( NAMED_UNIT(*) SI_UNIT($,.STERADIAN.) SOLID_ANGLE_UNIT() );
#10438 = UNCERTAINTY_MEASURE_WITH_UNIT(LENGTH_MEASURE(1.E-07),#10435,
  'distance_accuracy_value','confusion accuracy');
#10439 = CONTEXT_DEPENDENT_SHAPE_REPRESENTATION(#10440,#10442);
#10440 = ( REPRESENTATION_RELATIONSHIP('','',#3943,#3920) 
REPRESENTATION_RELATIONSHIP_WITH_TRANSFORMATION(#10441) 
SHAPE_REPRESENTATION_RELATIONSHIP() );
#10441 = ITEM_DEFINED_TRANSFORMATION('','',#11,#3921);
#10442 = PRODUCT_DEFINITION_SHAPE('Placement','Placement of an item',
  #10443);
#10443 = NEXT_ASSEMBLY_USAGE_OCCURRENCE('8','=>[0:1:1:7]','',#3915,#3938
  ,$);
#10444 = PRODUCT_RELATED_PRODUCT_CATEGORY('part',$,(#3940));
#10445 = SHAPE_DEFINITION_REPRESENTATION(#10446,#10452);
#10446 = PRODUCT_DEFINITION_SHAPE('','',#10447);
#10447 = PRODUCT_DEFINITION('design','',#10448,#10451);
#10448 = PRODUCT_DEFINITION_FORMATION('','',#10449);
#10449 = PRODUCT('Buzzer_12x9.5RM7.6','Buzzer_12x9.5RM7.6','',(#10450));
#10450 = PRODUCT_CONTEXT('',#2,'mechanical');
#10451 = PRODUCT_DEFINITION_CONTEXT('part definition',#2,'design');
#10452 = SHAPE_REPRESENTATION('',(#11,#10453),#10457);
#10453 = AXIS2_PLACEMENT_3D('',#10454,#10455,#10456);
#10454 = CARTESIAN_POINT('',(0.,0.,0.));
#10455 = DIRECTION('',(0.,0.,1.));
#10456 = DIRECTION('',(1.,0.,-0.));
#10457 = ( GEOMETRIC_REPRESENTATION_CONTEXT(3) 
GLOBAL_UNCERTAINTY_ASSIGNED_CONTEXT((#10461)) 
GLOBAL_UNIT_ASSIGNED_CONTEXT((#10458,#10459,#10460)) 
REPRESENTATION_CONTEXT('Context #1',
  '3D Context with UNIT and UNCERTAINTY') );
#10458 = ( LENGTH_UNIT() NAMED_UNIT(*) SI_UNIT(.MILLI.,.METRE.) );
#10459 = ( NAMED_UNIT(*) PLANE_ANGLE_UNIT() SI_UNIT($,.RADIAN.) );
#10460 = ( NAMED_UNIT(*) SI_UNIT($,.STERADIAN.) SOLID_ANGLE_UNIT() );
#10461 = UNCERTAINTY_MEASURE_WITH_UNIT(LENGTH_MEASURE(1.E-07),#10458,
  'distance_accuracy_value','confusion accuracy');
#10462 = CONTEXT_DEPENDENT_SHAPE_REPRESENTATION(#10463,#10465);
#10463 = ( REPRESENTATION_RELATIONSHIP('','',#10452,#10) 
REPRESENTATION_RELATIONSHIP_WITH_TRANSFORMATION(#10464) 
SHAPE_REPRESENTATION_RELATIONSHIP() );
#10464 = ITEM_DEFINED_TRANSFORMATION('','',#11,#35);
#10465 = PRODUCT_DEFINITION_SHAPE('Placement','Placement of an item',
  #10466);
#10466 = NEXT_ASSEMBLY_USAGE_OCCURRENCE('11','BZ1','',#5,#10447,$);
#10467 = PRODUCT_RELATED_PRODUCT_CATEGORY('part',$,(#10449));
#10468 = SHAPE_DEFINITION_REPRESENTATION(#10469,#10475);
#10469 = PRODUCT_DEFINITION_SHAPE('','',#10470);
#10470 = PRODUCT_DEFINITION('design','',#10471,#10474);
#10471 = PRODUCT_DEFINITION_FORMATION('','',#10472);
#10472 = PRODUCT('Buzzer_12x95RM76','Buzzer_12x95RM76','',(#10473));
#10473 = PRODUCT_CONTEXT('',#2,'mechanical');
#10474 = PRODUCT_DEFINITION_CONTEXT('part definition',#2,'design');
#10475 = ADVANCED_BREP_SHAPE_REPRESENTATION('',(#11,#10476),#10768);
#10476 = MANIFOLD_SOLID_BREP('',#10477);
#10477 = CLOSED_SHELL('',(#10478,#10511,#10537,#10563,#10594,#10614,
    #10639,#10664,#10689,#10715,#10741,#10750,#10759));
#10478 = ADVANCED_FACE('',(#10479),#10506,.T.);
#10479 = FACE_BOUND('',#10480,.T.);
#10480 = EDGE_LOOP('',(#10481,#10490,#10498,#10505));
#10481 = ORIENTED_EDGE('',*,*,#10482,.T.);
#10482 = EDGE_CURVE('',#10483,#10483,#10485,.T.);
#10483 = VERTEX_POINT('',#10484);
#10484 = CARTESIAN_POINT('',(9.8,1.804356723968E-35,0.33));
#10485 = CIRCLE('',#10486,6.);
#10486 = AXIS2_PLACEMENT_3D('',#10487,#10488,#10489);
#10487 = CARTESIAN_POINT('',(3.8,1.804356723968E-35,0.33));
#10488 = DIRECTION('',(0.,0.,1.));
#10489 = DIRECTION('',(1.,0.,-0.));
#10490 = ORIENTED_EDGE('',*,*,#10491,.T.);
#10491 = EDGE_CURVE('',#10483,#10492,#10494,.T.);
#10492 = VERTEX_POINT('',#10493);
#10493 = CARTESIAN_POINT('',(9.8,-8.91040357515E-35,8.048518518519));
#10494 = LINE('',#10495,#10496);
#10495 = CARTESIAN_POINT('',(9.8,0.,3.E-02));
#10496 = VECTOR('',#10497,1.);
#10497 = DIRECTION('',(0.,0.,1.));
#10498 = ORIENTED_EDGE('',*,*,#10499,.F.);
#10499 = EDGE_CURVE('',#10492,#10492,#10500,.T.);
#10500 = CIRCLE('',#10501,6.);
#10501 = AXIS2_PLACEMENT_3D('',#10502,#10503,#10504);
#10502 = CARTESIAN_POINT('',(3.8,-8.91040357515E-35,8.048518518519));
#10503 = DIRECTION('',(0.,0.,1.));
#10504 = DIRECTION('',(1.,0.,-0.));
#10505 = ORIENTED_EDGE('',*,*,#10491,.F.);
#10506 = CYLINDRICAL_SURFACE('',#10507,6.);
#10507 = AXIS2_PLACEMENT_3D('',#10508,#10509,#10510);
#10508 = CARTESIAN_POINT('',(3.8,0.,3.E-02));
#10509 = DIRECTION('',(-0.,-0.,-1.));
#10510 = DIRECTION('',(1.,0.,-0.));
#10511 = ADVANCED_FACE('',(#10512),#10532,.T.);
#10512 = FACE_BOUND('',#10513,.T.);
#10513 = EDGE_LOOP('',(#10514,#10523,#10530,#10531));
#10514 = ORIENTED_EDGE('',*,*,#10515,.T.);
#10515 = EDGE_CURVE('',#10516,#10516,#10518,.T.);
#10516 = VERTEX_POINT('',#10517);
#10517 = CARTESIAN_POINT('',(9.5,2.672764710092E-51,3.E-02));
#10518 = CIRCLE('',#10519,5.7);
#10519 = AXIS2_PLACEMENT_3D('',#10520,#10521,#10522);
#10520 = CARTESIAN_POINT('',(3.8,0.,3.E-02));
#10521 = DIRECTION('',(0.,0.,1.));
#10522 = DIRECTION('',(1.,0.,-0.));
#10523 = ORIENTED_EDGE('',*,*,#10524,.F.);
#10524 = EDGE_CURVE('',#10483,#10516,#10525,.T.);
#10525 = CIRCLE('',#10526,0.3);
#10526 = AXIS2_PLACEMENT_3D('',#10527,#10528,#10529);
#10527 = CARTESIAN_POINT('',(9.5,9.021783619839E-37,0.33));
#10528 = DIRECTION('',(3.007261206613E-36,1.,-6.014522413226E-35));
#10529 = DIRECTION('',(1.,-3.007261206613E-36,1.80872399296E-70));
#10530 = ORIENTED_EDGE('',*,*,#10482,.F.);
#10531 = ORIENTED_EDGE('',*,*,#10524,.T.);
#10532 = TOROIDAL_SURFACE('',#10533,5.7,0.3);
#10533 = AXIS2_PLACEMENT_3D('',#10534,#10535,#10536);
#10534 = CARTESIAN_POINT('',(3.8,1.804356723968E-35,0.33));
#10535 = DIRECTION('',(-0.,-0.,-1.));
#10536 = DIRECTION('',(1.,0.,-0.));
#10537 = ADVANCED_FACE('',(#10538),#10558,.T.);
#10538 = FACE_BOUND('',#10539,.T.);
#10539 = EDGE_LOOP('',(#10540,#10549,#10550,#10551));
#10540 = ORIENTED_EDGE('',*,*,#10541,.F.);
#10541 = EDGE_CURVE('',#10492,#10542,#10544,.T.);
#10542 = VERTEX_POINT('',#10543);
#10543 = CARTESIAN_POINT('',(8.318518518519,3.207317652111E-50,9.53));
#10544 = CIRCLE('',#10545,1.481481481481);
#10545 = AXIS2_PLACEMENT_3D('',#10546,#10547,#10548);
#10546 = CARTESIAN_POINT('',(8.318518518519,-8.91040357515E-35,
    8.048518518519));
#10547 = DIRECTION('',(8.259101077374E-51,-1.,6.014522413226E-35));
#10548 = DIRECTION('',(1.,8.259101077374E-51,-4.967454854296E-85));
#10549 = ORIENTED_EDGE('',*,*,#10499,.T.);
#10550 = ORIENTED_EDGE('',*,*,#10541,.T.);
#10551 = ORIENTED_EDGE('',*,*,#10552,.F.);
#10552 = EDGE_CURVE('',#10542,#10542,#10553,.T.);
#10553 = CIRCLE('',#10554,4.518518518519);
#10554 = AXIS2_PLACEMENT_3D('',#10555,#10556,#10557);
#10555 = CARTESIAN_POINT('',(3.8,0.,9.53));
#10556 = DIRECTION('',(0.,0.,1.));
#10557 = DIRECTION('',(1.,0.,-0.));
#10558 = TOROIDAL_SURFACE('',#10559,4.518518518519,1.481481481481);
#10559 = AXIS2_PLACEMENT_3D('',#10560,#10561,#10562);
#10560 = CARTESIAN_POINT('',(3.8,-8.91040357515E-35,8.048518518519));
#10561 = DIRECTION('',(0.,0.,1.));
#10562 = DIRECTION('',(1.,0.,-0.));
#10563 = ADVANCED_FACE('',(#10564,#10567,#10578),#10589,.F.);
#10564 = FACE_BOUND('',#10565,.F.);
#10565 = EDGE_LOOP('',(#10566));
#10566 = ORIENTED_EDGE('',*,*,#10515,.T.);
#10567 = FACE_BOUND('',#10568,.F.);
#10568 = EDGE_LOOP('',(#10569));
#10569 = ORIENTED_EDGE('',*,*,#10570,.F.);
#10570 = EDGE_CURVE('',#10571,#10571,#10573,.T.);
#10571 = VERTEX_POINT('',#10572);
#10572 = CARTESIAN_POINT('',(0.45,0.,3.E-02));
#10573 = CIRCLE('',#10574,0.45);
#10574 = AXIS2_PLACEMENT_3D('',#10575,#10576,#10577);
#10575 = CARTESIAN_POINT('',(0.,0.,3.E-02));
#10576 = DIRECTION('',(0.,0.,1.));
#10577 = DIRECTION('',(1.,0.,-0.));
#10578 = FACE_BOUND('',#10579,.F.);
#10579 = EDGE_LOOP('',(#10580));
#10580 = ORIENTED_EDGE('',*,*,#10581,.F.);
#10581 = EDGE_CURVE('',#10582,#10582,#10584,.T.);
#10582 = VERTEX_POINT('',#10583);
#10583 = CARTESIAN_POINT('',(8.05,0.,3.E-02));
#10584 = CIRCLE('',#10585,0.45);
#10585 = AXIS2_PLACEMENT_3D('',#10586,#10587,#10588);
#10586 = CARTESIAN_POINT('',(7.6,0.,3.E-02));
#10587 = DIRECTION('',(0.,0.,1.));
#10588 = DIRECTION('',(1.,0.,-0.));
#10589 = PLANE('',#10590);
#10590 = AXIS2_PLACEMENT_3D('',#10591,#10592,#10593);
#10591 = CARTESIAN_POINT('',(3.8,0.,3.E-02));
#10592 = DIRECTION('',(0.,0.,1.));
#10593 = DIRECTION('',(1.,0.,-0.));
#10594 = ADVANCED_FACE('',(#10595,#10598),#10609,.T.);
#10595 = FACE_BOUND('',#10596,.T.);
#10596 = EDGE_LOOP('',(#10597));
#10597 = ORIENTED_EDGE('',*,*,#10552,.T.);
#10598 = FACE_BOUND('',#10599,.T.);
#10599 = EDGE_LOOP('',(#10600));
#10600 = ORIENTED_EDGE('',*,*,#10601,.T.);
#10601 = EDGE_CURVE('',#10602,#10602,#10604,.T.);
#10602 = VERTEX_POINT('',#10603);
#10603 = CARTESIAN_POINT('',(4.8,0.,9.53));
#10604 = CIRCLE('',#10605,1.);
#10605 = AXIS2_PLACEMENT_3D('',#10606,#10607,#10608);
#10606 = CARTESIAN_POINT('',(3.8,0.,9.53));
#10607 = DIRECTION('',(0.,-0.,-1.));
#10608 = DIRECTION('',(1.,0.,-0.));
#10609 = PLANE('',#10610);
#10610 = AXIS2_PLACEMENT_3D('',#10611,#10612,#10613);
#10611 = CARTESIAN_POINT('',(3.8,0.,9.53));
#10612 = DIRECTION('',(0.,0.,1.));
#10613 = DIRECTION('',(1.,0.,-0.));
#10614 = ADVANCED_FACE('',(#10615),#10634,.T.);
#10615 = FACE_BOUND('',#10616,.T.);
#10616 = EDGE_LOOP('',(#10617,#10618,#10626,#10633));
#10617 = ORIENTED_EDGE('',*,*,#10570,.F.);
#10618 = ORIENTED_EDGE('',*,*,#10619,.T.);
#10619 = EDGE_CURVE('',#10571,#10620,#10622,.T.);
#10620 = VERTEX_POINT('',#10621);
#10621 = CARTESIAN_POINT('',(0.45,0.,-2.82));
#10622 = LINE('',#10623,#10624);
#10623 = CARTESIAN_POINT('',(0.45,0.,1.03));
#10624 = VECTOR('',#10625,1.);
#10625 = DIRECTION('',(-0.,-0.,-1.));
#10626 = ORIENTED_EDGE('',*,*,#10627,.T.);
#10627 = EDGE_CURVE('',#10620,#10620,#10628,.T.);
#10628 = CIRCLE('',#10629,0.45);
#10629 = AXIS2_PLACEMENT_3D('',#10630,#10631,#10632);
#10630 = CARTESIAN_POINT('',(0.,0.,-2.82));
#10631 = DIRECTION('',(0.,0.,1.));
#10632 = DIRECTION('',(1.,0.,-0.));
#10633 = ORIENTED_EDGE('',*,*,#10619,.F.);
#10634 = CYLINDRICAL_SURFACE('',#10635,0.45);
#10635 = AXIS2_PLACEMENT_3D('',#10636,#10637,#10638);
#10636 = CARTESIAN_POINT('',(0.,0.,1.03));
#10637 = DIRECTION('',(0.,0.,1.));
#10638 = DIRECTION('',(1.,0.,-0.));
#10639 = ADVANCED_FACE('',(#10640),#10659,.T.);
#10640 = FACE_BOUND('',#10641,.T.);
#10641 = EDGE_LOOP('',(#10642,#10643,#10651,#10658));
#10642 = ORIENTED_EDGE('',*,*,#10581,.F.);
#10643 = ORIENTED_EDGE('',*,*,#10644,.T.);
#10644 = EDGE_CURVE('',#10582,#10645,#10647,.T.);
#10645 = VERTEX_POINT('',#10646);
#10646 = CARTESIAN_POINT('',(8.05,6.042804770876E-33,-2.82));
#10647 = LINE('',#10648,#10649);
#10648 = CARTESIAN_POINT('',(8.05,0.,1.03));
#10649 = VECTOR('',#10650,1.);
#10650 = DIRECTION('',(-0.,-0.,-1.));
#10651 = ORIENTED_EDGE('',*,*,#10652,.T.);
#10652 = EDGE_CURVE('',#10645,#10645,#10653,.T.);
#10653 = CIRCLE('',#10654,0.45);
#10654 = AXIS2_PLACEMENT_3D('',#10655,#10656,#10657);
#10655 = CARTESIAN_POINT('',(7.6,-1.29542663314E-31,-2.82));
#10656 = DIRECTION('',(0.,0.,1.));
#10657 = DIRECTION('',(1.,0.,-0.));
#10658 = ORIENTED_EDGE('',*,*,#10644,.F.);
#10659 = CYLINDRICAL_SURFACE('',#10660,0.45);
#10660 = AXIS2_PLACEMENT_3D('',#10661,#10662,#10663);
#10661 = CARTESIAN_POINT('',(7.6,0.,1.03));
#10662 = DIRECTION('',(0.,0.,1.));
#10663 = DIRECTION('',(1.,0.,-0.));
#10664 = ADVANCED_FACE('',(#10665),#10684,.F.);
#10665 = FACE_BOUND('',#10666,.F.);
#10666 = EDGE_LOOP('',(#10667,#10675,#10676,#10677));
#10667 = ORIENTED_EDGE('',*,*,#10668,.T.);
#10668 = EDGE_CURVE('',#10669,#10602,#10671,.T.);
#10669 = VERTEX_POINT('',#10670);
#10670 = CARTESIAN_POINT('',(4.8,0.,9.33));
#10671 = LINE('',#10672,#10673);
#10672 = CARTESIAN_POINT('',(4.8,0.,1.93));
#10673 = VECTOR('',#10674,1.);
#10674 = DIRECTION('',(0.,0.,1.));
#10675 = ORIENTED_EDGE('',*,*,#10601,.T.);
#10676 = ORIENTED_EDGE('',*,*,#10668,.F.);
#10677 = ORIENTED_EDGE('',*,*,#10678,.T.);
#10678 = EDGE_CURVE('',#10669,#10669,#10679,.T.);
#10679 = CIRCLE('',#10680,1.);
#10680 = AXIS2_PLACEMENT_3D('',#10681,#10682,#10683);
#10681 = CARTESIAN_POINT('',(3.8,0.,9.33));
#10682 = DIRECTION('',(0.,0.,1.));
#10683 = DIRECTION('',(1.,0.,-0.));
#10684 = CYLINDRICAL_SURFACE('',#10685,1.);
#10685 = AXIS2_PLACEMENT_3D('',#10686,#10687,#10688);
#10686 = CARTESIAN_POINT('',(3.8,0.,1.93));
#10687 = DIRECTION('',(-0.,-0.,-1.));
#10688 = DIRECTION('',(1.,0.,-0.));
#10689 = ADVANCED_FACE('',(#10690),#10710,.T.);
#10690 = FACE_BOUND('',#10691,.T.);
#10691 = EDGE_LOOP('',(#10692,#10701,#10708,#10709));
#10692 = ORIENTED_EDGE('',*,*,#10693,.T.);
#10693 = EDGE_CURVE('',#10694,#10694,#10696,.T.);
#10694 = VERTEX_POINT('',#10695);
#10695 = CARTESIAN_POINT('',(0.27,0.,-3.));
#10696 = CIRCLE('',#10697,0.27);
#10697 = AXIS2_PLACEMENT_3D('',#10698,#10699,#10700);
#10698 = CARTESIAN_POINT('',(0.,0.,-3.));
#10699 = DIRECTION('',(0.,0.,1.));
#10700 = DIRECTION('',(1.,0.,-0.));
#10701 = ORIENTED_EDGE('',*,*,#10702,.F.);
#10702 = EDGE_CURVE('',#10620,#10694,#10703,.T.);
#10703 = CIRCLE('',#10704,0.18);
#10704 = AXIS2_PLACEMENT_3D('',#10705,#10706,#10707);
#10705 = CARTESIAN_POINT('',(0.27,0.,-2.82));
#10706 = DIRECTION('',(3.007261206613E-36,1.,-6.014522413226E-35));
#10707 = DIRECTION('',(1.,-3.007261206613E-36,1.80872399296E-70));
#10708 = ORIENTED_EDGE('',*,*,#10627,.F.);
#10709 = ORIENTED_EDGE('',*,*,#10702,.T.);
#10710 = TOROIDAL_SURFACE('',#10711,0.27,0.18);
#10711 = AXIS2_PLACEMENT_3D('',#10712,#10713,#10714);
#10712 = CARTESIAN_POINT('',(0.,0.,-2.82));
#10713 = DIRECTION('',(-0.,-0.,-1.));
#10714 = DIRECTION('',(1.,0.,-0.));
#10715 = ADVANCED_FACE('',(#10716),#10736,.T.);
#10716 = FACE_BOUND('',#10717,.T.);
#10717 = EDGE_LOOP('',(#10718,#10727,#10734,#10735));
#10718 = ORIENTED_EDGE('',*,*,#10719,.T.);
#10719 = EDGE_CURVE('',#10720,#10720,#10722,.T.);
#10720 = VERTEX_POINT('',#10721);
#10721 = CARTESIAN_POINT('',(7.87,-5.423418723394E-32,-3.));
#10722 = CIRCLE('',#10723,0.27);
#10723 = AXIS2_PLACEMENT_3D('',#10724,#10725,#10726);
#10724 = CARTESIAN_POINT('',(7.6,-1.355854680849E-31,-3.));
#10725 = DIRECTION('',(0.,0.,1.));
#10726 = DIRECTION('',(1.,0.,-0.));
#10727 = ORIENTED_EDGE('',*,*,#10728,.F.);
#10728 = EDGE_CURVE('',#10645,#10720,#10729,.T.);
#10729 = CIRCLE('',#10730,0.18);
#10730 = AXIS2_PLACEMENT_3D('',#10731,#10732,#10733);
#10731 = CARTESIAN_POINT('',(7.87,-5.181706532559E-32,-2.82));
#10732 = DIRECTION('',(3.007261206613E-36,1.,-6.014522413226E-35));
#10733 = DIRECTION('',(1.,-3.007261206613E-36,1.80872399296E-70));
#10734 = ORIENTED_EDGE('',*,*,#10652,.F.);
#10735 = ORIENTED_EDGE('',*,*,#10728,.T.);
#10736 = TOROIDAL_SURFACE('',#10737,0.27,0.18);
#10737 = AXIS2_PLACEMENT_3D('',#10738,#10739,#10740);
#10738 = CARTESIAN_POINT('',(7.6,-1.29542663314E-31,-2.82));
#10739 = DIRECTION('',(-0.,-0.,-1.));
#10740 = DIRECTION('',(1.,0.,-0.));
#10741 = ADVANCED_FACE('',(#10742),#10745,.T.);
#10742 = FACE_BOUND('',#10743,.T.);
#10743 = EDGE_LOOP('',(#10744));
#10744 = ORIENTED_EDGE('',*,*,#10678,.T.);
#10745 = PLANE('',#10746);
#10746 = AXIS2_PLACEMENT_3D('',#10747,#10748,#10749);
#10747 = CARTESIAN_POINT('',(3.8,0.,9.33));
#10748 = DIRECTION('',(0.,0.,1.));
#10749 = DIRECTION('',(1.,0.,-0.));
#10750 = ADVANCED_FACE('',(#10751),#10754,.F.);
#10751 = FACE_BOUND('',#10752,.F.);
#10752 = EDGE_LOOP('',(#10753));
#10753 = ORIENTED_EDGE('',*,*,#10693,.T.);
#10754 = PLANE('',#10755);
#10755 = AXIS2_PLACEMENT_3D('',#10756,#10757,#10758);
#10756 = CARTESIAN_POINT('',(0.,0.,-3.));
#10757 = DIRECTION('',(0.,0.,1.));
#10758 = DIRECTION('',(1.,0.,-0.));
#10759 = ADVANCED_FACE('',(#10760),#10763,.F.);
#10760 = FACE_BOUND('',#10761,.F.);
#10761 = EDGE_LOOP('',(#10762));
#10762 = ORIENTED_EDGE('',*,*,#10719,.T.);
#10763 = PLANE('',#10764);
#10764 = AXIS2_PLACEMENT_3D('',#10765,#10766,#10767);
#10765 = CARTESIAN_POINT('',(7.6,-1.355854680849E-31,-3.));
#10766 = DIRECTION('',(0.,0.,1.));
#10767 = DIRECTION('',(1.,0.,-0.));
#10768 = ( GEOMETRIC_REPRESENTATION_CONTEXT(3) 
GLOBAL_UNCERTAINTY_ASSIGNED_CONTEXT((#10772)) 
GLOBAL_UNIT_ASSIGNED_CONTEXT((#10769,#10770,#10771)) 
REPRESENTATION_CONTEXT('Context #1',
  '3D Context with UNIT and UNCERTAINTY') );
#10769 = ( LENGTH_UNIT() NAMED_UNIT(*) SI_UNIT(.MILLI.,.METRE.) );
#10770 = ( NAMED_UNIT(*) PLANE_ANGLE_UNIT() SI_UNIT($,.RADIAN.) );
#10771 = ( NAMED_UNIT(*) SI_UNIT($,.STERADIAN.) SOLID_ANGLE_UNIT() );
#10772 = UNCERTAINTY_MEASURE_WITH_UNIT(LENGTH_MEASURE(1.E-07),#10769,
  'distance_accuracy_value','confusion accuracy');
#10773 = CONTEXT_DEPENDENT_SHAPE_REPRESENTATION(#10774,#10776);
#10774 = ( REPRESENTATION_RELATIONSHIP('','',#10475,#10452) 
REPRESENTATION_RELATIONSHIP_WITH_TRANSFORMATION(#10775) 
SHAPE_REPRESENTATION_RELATIONSHIP() );
#10775 = ITEM_DEFINED_TRANSFORMATION('','',#11,#10453);
#10776 = PRODUCT_DEFINITION_SHAPE('Placement','Placement of an item',
  #10777);
#10777 = NEXT_ASSEMBLY_USAGE_OCCURRENCE('10','=>[0:1:1:9]','',#10447,
  #10470,$);
#10778 = PRODUCT_RELATED_PRODUCT_CATEGORY('part',$,(#10472));
#10779 = SHAPE_DEFINITION_REPRESENTATION(#10780,#10786);
#10780 = PRODUCT_DEFINITION_SHAPE('','',#10781);
#10781 = PRODUCT_DEFINITION('design','',#10782,#10785);
#10782 = PRODUCT_DEFINITION_FORMATION('','',#10783);
#10783 = PRODUCT('DesClock-unsaved-export-q4nB1z_PCB',
  'DesClock-unsaved-export-q4nB1z_PCB','',(#10784));
#10784 = PRODUCT_CONTEXT('',#2,'mechanical');
#10785 = PRODUCT_DEFINITION_CONTEXT('part definition',#2,'design');
#10786 = ADVANCED_BREP_SHAPE_REPRESENTATION('',(#11,#10787),#12809);
#10787 = MANIFOLD_SOLID_BREP('',#10788);
#10788 = CLOSED_SHELL('',(#10789,#10829,#10860,#10891,#11436,#11981,
    #11993,#12010,#12027,#12044,#12061,#12078,#12095,#12112,#12129,
    #12146,#12163,#12180,#12197,#12214,#12231,#12248,#12265,#12282,
    #12299,#12316,#12333,#12350,#12367,#12384,#12401,#12418,#12435,
    #12452,#12469,#12486,#12503,#12520,#12537,#12554,#12571,#12588,
    #12605,#12622,#12639,#12656,#12673,#12690,#12707,#12724,#12741,
    #12758,#12775,#12792));
#10789 = ADVANCED_FACE('',(#10790),#10824,.T.);
#10790 = FACE_BOUND('',#10791,.T.);
#10791 = EDGE_LOOP('',(#10792,#10802,#10810,#10818));
#10792 = ORIENTED_EDGE('',*,*,#10793,.T.);
#10793 = EDGE_CURVE('',#10794,#10796,#10798,.T.);
#10794 = VERTEX_POINT('',#10795);
#10795 = CARTESIAN_POINT('',(135.13,-85.7,0.));
#10796 = VERTEX_POINT('',#10797);
#10797 = CARTESIAN_POINT('',(135.13,-85.7,1.51));
#10798 = LINE('',#10799,#10800);
#10799 = CARTESIAN_POINT('',(135.13,-85.7,0.));
#10800 = VECTOR('',#10801,1.);
#10801 = DIRECTION('',(0.,0.,1.));
#10802 = ORIENTED_EDGE('',*,*,#10803,.T.);
#10803 = EDGE_CURVE('',#10796,#10804,#10806,.T.);
#10804 = VERTEX_POINT('',#10805);
#10805 = CARTESIAN_POINT('',(38.91,-85.7,1.51));
#10806 = LINE('',#10807,#10808);
#10807 = CARTESIAN_POINT('',(135.13,-85.7,1.51));
#10808 = VECTOR('',#10809,1.);
#10809 = DIRECTION('',(-1.,0.,0.));
#10810 = ORIENTED_EDGE('',*,*,#10811,.F.);
#10811 = EDGE_CURVE('',#10812,#10804,#10814,.T.);
#10812 = VERTEX_POINT('',#10813);
#10813 = CARTESIAN_POINT('',(38.91,-85.7,0.));
#10814 = LINE('',#10815,#10816);
#10815 = CARTESIAN_POINT('',(38.91,-85.7,0.));
#10816 = VECTOR('',#10817,1.);
#10817 = DIRECTION('',(0.,0.,1.));
#10818 = ORIENTED_EDGE('',*,*,#10819,.F.);
#10819 = EDGE_CURVE('',#10794,#10812,#10820,.T.);
#10820 = LINE('',#10821,#10822);
#10821 = CARTESIAN_POINT('',(135.13,-85.7,0.));
#10822 = VECTOR('',#10823,1.);
#10823 = DIRECTION('',(-1.,0.,0.));
#10824 = PLANE('',#10825);
#10825 = AXIS2_PLACEMENT_3D('',#10826,#10827,#10828);
#10826 = CARTESIAN_POINT('',(135.13,-85.7,0.));
#10827 = DIRECTION('',(0.,-1.,0.));
#10828 = DIRECTION('',(-1.,0.,0.));
#10829 = ADVANCED_FACE('',(#10830),#10855,.T.);
#10830 = FACE_BOUND('',#10831,.T.);
#10831 = EDGE_LOOP('',(#10832,#10842,#10848,#10849));
#10832 = ORIENTED_EDGE('',*,*,#10833,.T.);
#10833 = EDGE_CURVE('',#10834,#10836,#10838,.T.);
#10834 = VERTEX_POINT('',#10835);
#10835 = CARTESIAN_POINT('',(135.13,-31.21,0.));
#10836 = VERTEX_POINT('',#10837);
#10837 = CARTESIAN_POINT('',(135.13,-31.21,1.51));
#10838 = LINE('',#10839,#10840);
#10839 = CARTESIAN_POINT('',(135.13,-31.21,0.));
#10840 = VECTOR('',#10841,1.);
#10841 = DIRECTION('',(0.,0.,1.));
#10842 = ORIENTED_EDGE('',*,*,#10843,.T.);
#10843 = EDGE_CURVE('',#10836,#10796,#10844,.T.);
#10844 = LINE('',#10845,#10846);
#10845 = CARTESIAN_POINT('',(135.13,-31.21,1.51));
#10846 = VECTOR('',#10847,1.);
#10847 = DIRECTION('',(0.,-1.,0.));
#10848 = ORIENTED_EDGE('',*,*,#10793,.F.);
#10849 = ORIENTED_EDGE('',*,*,#10850,.F.);
#10850 = EDGE_CURVE('',#10834,#10794,#10851,.T.);
#10851 = LINE('',#10852,#10853);
#10852 = CARTESIAN_POINT('',(135.13,-31.21,0.));
#10853 = VECTOR('',#10854,1.);
#10854 = DIRECTION('',(0.,-1.,0.));
#10855 = PLANE('',#10856);
#10856 = AXIS2_PLACEMENT_3D('',#10857,#10858,#10859);
#10857 = CARTESIAN_POINT('',(135.13,-31.21,0.));
#10858 = DIRECTION('',(1.,0.,-0.));
#10859 = DIRECTION('',(0.,-1.,0.));
#10860 = ADVANCED_FACE('',(#10861),#10886,.T.);
#10861 = FACE_BOUND('',#10862,.T.);
#10862 = EDGE_LOOP('',(#10863,#10864,#10872,#10880));
#10863 = ORIENTED_EDGE('',*,*,#10811,.T.);
#10864 = ORIENTED_EDGE('',*,*,#10865,.T.);
#10865 = EDGE_CURVE('',#10804,#10866,#10868,.T.);
#10866 = VERTEX_POINT('',#10867);
#10867 = CARTESIAN_POINT('',(38.91,-31.21,1.51));
#10868 = LINE('',#10869,#10870);
#10869 = CARTESIAN_POINT('',(38.91,-85.7,1.51));
#10870 = VECTOR('',#10871,1.);
#10871 = DIRECTION('',(0.,1.,0.));
#10872 = ORIENTED_EDGE('',*,*,#10873,.F.);
#10873 = EDGE_CURVE('',#10874,#10866,#10876,.T.);
#10874 = VERTEX_POINT('',#10875);
#10875 = CARTESIAN_POINT('',(38.91,-31.21,0.));
#10876 = LINE('',#10877,#10878);
#10877 = CARTESIAN_POINT('',(38.91,-31.21,0.));
#10878 = VECTOR('',#10879,1.);
#10879 = DIRECTION('',(0.,0.,1.));
#10880 = ORIENTED_EDGE('',*,*,#10881,.F.);
#10881 = EDGE_CURVE('',#10812,#10874,#10882,.T.);
#10882 = LINE('',#10883,#10884);
#10883 = CARTESIAN_POINT('',(38.91,-85.7,0.));
#10884 = VECTOR('',#10885,1.);
#10885 = DIRECTION('',(0.,1.,0.));
#10886 = PLANE('',#10887);
#10887 = AXIS2_PLACEMENT_3D('',#10888,#10889,#10890);
#10888 = CARTESIAN_POINT('',(38.91,-85.7,0.));
#10889 = DIRECTION('',(-1.,0.,0.));
#10890 = DIRECTION('',(0.,1.,0.));
#10891 = ADVANCED_FACE('',(#10892,#10903,#10914,#10925,#10936,#10947,
    #10958,#10969,#10980,#10991,#11002,#11013,#11024,#11035,#11046,
    #11057,#11068,#11079,#11090,#11101,#11112,#11123,#11134,#11145,
    #11156,#11167,#11178,#11189,#11200,#11211,#11222,#11233,#11244,
    #11255,#11266,#11277,#11288,#11299,#11310,#11321,#11332,#11343,
    #11354,#11365,#11376,#11387,#11398,#11409,#11420),#11431,.F.);
#10892 = FACE_BOUND('',#10893,.F.);
#10893 = EDGE_LOOP('',(#10894,#10895,#10896,#10902));
#10894 = ORIENTED_EDGE('',*,*,#10819,.F.);
#10895 = ORIENTED_EDGE('',*,*,#10850,.F.);
#10896 = ORIENTED_EDGE('',*,*,#10897,.F.);
#10897 = EDGE_CURVE('',#10874,#10834,#10898,.T.);
#10898 = LINE('',#10899,#10900);
#10899 = CARTESIAN_POINT('',(38.91,-31.21,0.));
#10900 = VECTOR('',#10901,1.);
#10901 = DIRECTION('',(1.,0.,0.));
#10902 = ORIENTED_EDGE('',*,*,#10881,.F.);
#10903 = FACE_BOUND('',#10904,.F.);
#10904 = EDGE_LOOP('',(#10905));
#10905 = ORIENTED_EDGE('',*,*,#10906,.T.);
#10906 = EDGE_CURVE('',#10907,#10907,#10909,.T.);
#10907 = VERTEX_POINT('',#10908);
#10908 = CARTESIAN_POINT('',(44.11,-81.73,0.));
#10909 = CIRCLE('',#10910,1.6);
#10910 = AXIS2_PLACEMENT_3D('',#10911,#10912,#10913);
#10911 = CARTESIAN_POINT('',(44.11,-80.13,0.));
#10912 = DIRECTION('',(-0.,0.,-1.));
#10913 = DIRECTION('',(-0.,-1.,0.));
#10914 = FACE_BOUND('',#10915,.F.);
#10915 = EDGE_LOOP('',(#10916));
#10916 = ORIENTED_EDGE('',*,*,#10917,.T.);
#10917 = EDGE_CURVE('',#10918,#10918,#10920,.T.);
#10918 = VERTEX_POINT('',#10919);
#10919 = CARTESIAN_POINT('',(52.58,-69.67,0.));
#10920 = CIRCLE('',#10921,0.85);
#10921 = AXIS2_PLACEMENT_3D('',#10922,#10923,#10924);
#10922 = CARTESIAN_POINT('',(52.58,-68.82,0.));
#10923 = DIRECTION('',(-0.,0.,-1.));
#10924 = DIRECTION('',(-0.,-1.,0.));
#10925 = FACE_BOUND('',#10926,.F.);
#10926 = EDGE_LOOP('',(#10927));
#10927 = ORIENTED_EDGE('',*,*,#10928,.T.);
#10928 = EDGE_CURVE('',#10929,#10929,#10931,.T.);
#10929 = VERTEX_POINT('',#10930);
#10930 = CARTESIAN_POINT('',(57.66,-70.82,0.));
#10931 = CIRCLE('',#10932,2.);
#10932 = AXIS2_PLACEMENT_3D('',#10933,#10934,#10935);
#10933 = CARTESIAN_POINT('',(57.66,-68.82,0.));
#10934 = DIRECTION('',(-0.,0.,-1.));
#10935 = DIRECTION('',(-0.,-1.,0.));
#10936 = FACE_BOUND('',#10937,.F.);
#10937 = EDGE_LOOP('',(#10938));
#10938 = ORIENTED_EDGE('',*,*,#10939,.T.);
#10939 = EDGE_CURVE('',#10940,#10940,#10942,.T.);
#10940 = VERTEX_POINT('',#10941);
#10941 = CARTESIAN_POINT('',(62.74,-69.67,0.));
#10942 = CIRCLE('',#10943,0.85);
#10943 = AXIS2_PLACEMENT_3D('',#10944,#10945,#10946);
#10944 = CARTESIAN_POINT('',(62.74,-68.82,0.));
#10945 = DIRECTION('',(-0.,0.,-1.));
#10946 = DIRECTION('',(-0.,-1.,0.));
#10947 = FACE_BOUND('',#10948,.F.);
#10948 = EDGE_LOOP('',(#10949));
#10949 = ORIENTED_EDGE('',*,*,#10950,.T.);
#10950 = EDGE_CURVE('',#10951,#10951,#10953,.T.);
#10951 = VERTEX_POINT('',#10952);
#10952 = CARTESIAN_POINT('',(53.85,-67.03,0.));
#10953 = CIRCLE('',#10954,0.75);
#10954 = AXIS2_PLACEMENT_3D('',#10955,#10956,#10957);
#10955 = CARTESIAN_POINT('',(53.85,-66.28,0.));
#10956 = DIRECTION('',(-0.,0.,-1.));
#10957 = DIRECTION('',(-0.,-1.,0.));
#10958 = FACE_BOUND('',#10959,.F.);
#10959 = EDGE_LOOP('',(#10960));
#10960 = ORIENTED_EDGE('',*,*,#10961,.T.);
#10961 = EDGE_CURVE('',#10962,#10962,#10964,.T.);
#10962 = VERTEX_POINT('',#10963);
#10963 = CARTESIAN_POINT('',(60.2,-64.49,0.));
#10964 = CIRCLE('',#10965,0.75);
#10965 = AXIS2_PLACEMENT_3D('',#10966,#10967,#10968);
#10966 = CARTESIAN_POINT('',(60.2,-63.74,0.));
#10967 = DIRECTION('',(-0.,0.,-1.));
#10968 = DIRECTION('',(-0.,-1.,0.));
#10969 = FACE_BOUND('',#10970,.F.);
#10970 = EDGE_LOOP('',(#10971));
#10971 = ORIENTED_EDGE('',*,*,#10972,.T.);
#10972 = EDGE_CURVE('',#10973,#10973,#10975,.T.);
#10973 = VERTEX_POINT('',#10974);
#10974 = CARTESIAN_POINT('',(71.72,-69.67,0.));
#10975 = CIRCLE('',#10976,0.85);
#10976 = AXIS2_PLACEMENT_3D('',#10977,#10978,#10979);
#10977 = CARTESIAN_POINT('',(71.72,-68.82,0.));
#10978 = DIRECTION('',(-0.,0.,-1.));
#10979 = DIRECTION('',(-0.,-1.,0.));
#10980 = FACE_BOUND('',#10981,.F.);
#10981 = EDGE_LOOP('',(#10982));
#10982 = ORIENTED_EDGE('',*,*,#10983,.T.);
#10983 = EDGE_CURVE('',#10984,#10984,#10986,.T.);
#10984 = VERTEX_POINT('',#10985);
#10985 = CARTESIAN_POINT('',(72.99,-67.03,0.));
#10986 = CIRCLE('',#10987,0.75);
#10987 = AXIS2_PLACEMENT_3D('',#10988,#10989,#10990);
#10988 = CARTESIAN_POINT('',(72.99,-66.28,0.));
#10989 = DIRECTION('',(-0.,0.,-1.));
#10990 = DIRECTION('',(-0.,-1.,0.));
#10991 = FACE_BOUND('',#10992,.F.);
#10992 = EDGE_LOOP('',(#10993));
#10993 = ORIENTED_EDGE('',*,*,#10994,.T.);
#10994 = EDGE_CURVE('',#10995,#10995,#10997,.T.);
#10995 = VERTEX_POINT('',#10996);
#10996 = CARTESIAN_POINT('',(76.8,-70.82,0.));
#10997 = CIRCLE('',#10998,2.);
#10998 = AXIS2_PLACEMENT_3D('',#10999,#11000,#11001);
#10999 = CARTESIAN_POINT('',(76.8,-68.82,0.));
#11000 = DIRECTION('',(-0.,0.,-1.));
#11001 = DIRECTION('',(-0.,-1.,0.));
#11002 = FACE_BOUND('',#11003,.F.);
#11003 = EDGE_LOOP('',(#11004));
#11004 = ORIENTED_EDGE('',*,*,#11005,.T.);
#11005 = EDGE_CURVE('',#11006,#11006,#11008,.T.);
#11006 = VERTEX_POINT('',#11007);
#11007 = CARTESIAN_POINT('',(81.88,-69.67,0.));
#11008 = CIRCLE('',#11009,0.85);
#11009 = AXIS2_PLACEMENT_3D('',#11010,#11011,#11012);
#11010 = CARTESIAN_POINT('',(81.88,-68.82,0.));
#11011 = DIRECTION('',(-0.,0.,-1.));
#11012 = DIRECTION('',(-0.,-1.,0.));
#11013 = FACE_BOUND('',#11014,.F.);
#11014 = EDGE_LOOP('',(#11015));
#11015 = ORIENTED_EDGE('',*,*,#11016,.T.);
#11016 = EDGE_CURVE('',#11017,#11017,#11019,.T.);
#11017 = VERTEX_POINT('',#11018);
#11018 = CARTESIAN_POINT('',(79.34,-64.49,0.));
#11019 = CIRCLE('',#11020,0.75);
#11020 = AXIS2_PLACEMENT_3D('',#11021,#11022,#11023);
#11021 = CARTESIAN_POINT('',(79.34,-63.74,0.));
#11022 = DIRECTION('',(-0.,0.,-1.));
#11023 = DIRECTION('',(-0.,-1.,0.));
#11024 = FACE_BOUND('',#11025,.F.);
#11025 = EDGE_LOOP('',(#11026));
#11026 = ORIENTED_EDGE('',*,*,#11027,.T.);
#11027 = EDGE_CURVE('',#11028,#11028,#11030,.T.);
#11028 = VERTEX_POINT('',#11029);
#11029 = CARTESIAN_POINT('',(130.13,-81.4,0.));
#11030 = CIRCLE('',#11031,1.6);
#11031 = AXIS2_PLACEMENT_3D('',#11032,#11033,#11034);
#11032 = CARTESIAN_POINT('',(130.13,-79.8,0.));
#11033 = DIRECTION('',(-0.,0.,-1.));
#11034 = DIRECTION('',(-0.,-1.,0.));
#11035 = FACE_BOUND('',#11036,.F.);
#11036 = EDGE_LOOP('',(#11037));
#11037 = ORIENTED_EDGE('',*,*,#11038,.T.);
#11038 = EDGE_CURVE('',#11039,#11039,#11041,.T.);
#11039 = VERTEX_POINT('',#11040);
#11040 = CARTESIAN_POINT('',(90.85,-69.67,0.));
#11041 = CIRCLE('',#11042,0.85);
#11042 = AXIS2_PLACEMENT_3D('',#11043,#11044,#11045);
#11043 = CARTESIAN_POINT('',(90.85,-68.82,0.));
#11044 = DIRECTION('',(-0.,0.,-1.));
#11045 = DIRECTION('',(-0.,-1.,0.));
#11046 = FACE_BOUND('',#11047,.F.);
#11047 = EDGE_LOOP('',(#11048));
#11048 = ORIENTED_EDGE('',*,*,#11049,.T.);
#11049 = EDGE_CURVE('',#11050,#11050,#11052,.T.);
#11050 = VERTEX_POINT('',#11051);
#11051 = CARTESIAN_POINT('',(95.93,-70.82,0.));
#11052 = CIRCLE('',#11053,2.);
#11053 = AXIS2_PLACEMENT_3D('',#11054,#11055,#11056);
#11054 = CARTESIAN_POINT('',(95.93,-68.82,0.));
#11055 = DIRECTION('',(-0.,0.,-1.));
#11056 = DIRECTION('',(-0.,-1.,0.));
#11057 = FACE_BOUND('',#11058,.F.);
#11058 = EDGE_LOOP('',(#11059));
#11059 = ORIENTED_EDGE('',*,*,#11060,.T.);
#11060 = EDGE_CURVE('',#11061,#11061,#11063,.T.);
#11061 = VERTEX_POINT('',#11062);
#11062 = CARTESIAN_POINT('',(92.12,-67.03,0.));
#11063 = CIRCLE('',#11064,0.75);
#11064 = AXIS2_PLACEMENT_3D('',#11065,#11066,#11067);
#11065 = CARTESIAN_POINT('',(92.12,-66.28,0.));
#11066 = DIRECTION('',(-0.,0.,-1.));
#11067 = DIRECTION('',(-0.,-1.,0.));
#11068 = FACE_BOUND('',#11069,.F.);
#11069 = EDGE_LOOP('',(#11070));
#11070 = ORIENTED_EDGE('',*,*,#11071,.T.);
#11071 = EDGE_CURVE('',#11072,#11072,#11074,.T.);
#11072 = VERTEX_POINT('',#11073);
#11073 = CARTESIAN_POINT('',(101.01,-69.67,0.));
#11074 = CIRCLE('',#11075,0.85);
#11075 = AXIS2_PLACEMENT_3D('',#11076,#11077,#11078);
#11076 = CARTESIAN_POINT('',(101.01,-68.82,0.));
#11077 = DIRECTION('',(-0.,0.,-1.));
#11078 = DIRECTION('',(1.671865260612E-14,-1.,-0.));
#11079 = FACE_BOUND('',#11080,.F.);
#11080 = EDGE_LOOP('',(#11081));
#11081 = ORIENTED_EDGE('',*,*,#11082,.T.);
#11082 = EDGE_CURVE('',#11083,#11083,#11085,.T.);
#11083 = VERTEX_POINT('',#11084);
#11084 = CARTESIAN_POINT('',(98.47,-64.49,0.));
#11085 = CIRCLE('',#11086,0.75);
#11086 = AXIS2_PLACEMENT_3D('',#11087,#11088,#11089);
#11087 = CARTESIAN_POINT('',(98.47,-63.74,0.));
#11088 = DIRECTION('',(-0.,0.,-1.));
#11089 = DIRECTION('',(-0.,-1.,0.));
#11090 = FACE_BOUND('',#11091,.F.);
#11091 = EDGE_LOOP('',(#11092));
#11092 = ORIENTED_EDGE('',*,*,#11093,.T.);
#11093 = EDGE_CURVE('',#11094,#11094,#11096,.T.);
#11094 = VERTEX_POINT('',#11095);
#11095 = CARTESIAN_POINT('',(109.98,-69.67,0.));
#11096 = CIRCLE('',#11097,0.85);
#11097 = AXIS2_PLACEMENT_3D('',#11098,#11099,#11100);
#11098 = CARTESIAN_POINT('',(109.98,-68.82,0.));
#11099 = DIRECTION('',(-0.,0.,-1.));
#11100 = DIRECTION('',(1.671865260612E-14,-1.,-0.));
#11101 = FACE_BOUND('',#11102,.F.);
#11102 = EDGE_LOOP('',(#11103));
#11103 = ORIENTED_EDGE('',*,*,#11104,.T.);
#11104 = EDGE_CURVE('',#11105,#11105,#11107,.T.);
#11105 = VERTEX_POINT('',#11106);
#11106 = CARTESIAN_POINT('',(115.06,-70.82,0.));
#11107 = CIRCLE('',#11108,2.);
#11108 = AXIS2_PLACEMENT_3D('',#11109,#11110,#11111);
#11109 = CARTESIAN_POINT('',(115.06,-68.82,0.));
#11110 = DIRECTION('',(-0.,0.,-1.));
#11111 = DIRECTION('',(-0.,-1.,0.));
#11112 = FACE_BOUND('',#11113,.F.);
#11113 = EDGE_LOOP('',(#11114));
#11114 = ORIENTED_EDGE('',*,*,#11115,.T.);
#11115 = EDGE_CURVE('',#11116,#11116,#11118,.T.);
#11116 = VERTEX_POINT('',#11117);
#11117 = CARTESIAN_POINT('',(120.14,-69.67,0.));
#11118 = CIRCLE('',#11119,0.85);
#11119 = AXIS2_PLACEMENT_3D('',#11120,#11121,#11122);
#11120 = CARTESIAN_POINT('',(120.14,-68.82,0.));
#11121 = DIRECTION('',(-0.,0.,-1.));
#11122 = DIRECTION('',(-0.,-1.,0.));
#11123 = FACE_BOUND('',#11124,.F.);
#11124 = EDGE_LOOP('',(#11125));
#11125 = ORIENTED_EDGE('',*,*,#11126,.T.);
#11126 = EDGE_CURVE('',#11127,#11127,#11129,.T.);
#11127 = VERTEX_POINT('',#11128);
#11128 = CARTESIAN_POINT('',(111.25,-67.03,0.));
#11129 = CIRCLE('',#11130,0.75);
#11130 = AXIS2_PLACEMENT_3D('',#11131,#11132,#11133);
#11131 = CARTESIAN_POINT('',(111.25,-66.28,0.));
#11132 = DIRECTION('',(-0.,0.,-1.));
#11133 = DIRECTION('',(-0.,-1.,0.));
#11134 = FACE_BOUND('',#11135,.F.);
#11135 = EDGE_LOOP('',(#11136));
#11136 = ORIENTED_EDGE('',*,*,#11137,.T.);
#11137 = EDGE_CURVE('',#11138,#11138,#11140,.T.);
#11138 = VERTEX_POINT('',#11139);
#11139 = CARTESIAN_POINT('',(117.6,-64.49,0.));
#11140 = CIRCLE('',#11141,0.75);
#11141 = AXIS2_PLACEMENT_3D('',#11142,#11143,#11144);
#11142 = CARTESIAN_POINT('',(117.6,-63.74,0.));
#11143 = DIRECTION('',(-0.,0.,-1.));
#11144 = DIRECTION('',(-0.,-1.,0.));
#11145 = FACE_BOUND('',#11146,.F.);
#11146 = EDGE_LOOP('',(#11147));
#11147 = ORIENTED_EDGE('',*,*,#11148,.T.);
#11148 = EDGE_CURVE('',#11149,#11149,#11151,.T.);
#11149 = VERTEX_POINT('',#11150);
#11150 = CARTESIAN_POINT('',(53.63,-54.56,0.));
#11151 = CIRCLE('',#11152,0.5);
#11152 = AXIS2_PLACEMENT_3D('',#11153,#11154,#11155);
#11153 = CARTESIAN_POINT('',(53.63,-54.06,0.));
#11154 = DIRECTION('',(-0.,0.,-1.));
#11155 = DIRECTION('',(-0.,-1.,0.));
#11156 = FACE_BOUND('',#11157,.F.);
#11157 = EDGE_LOOP('',(#11158));
#11158 = ORIENTED_EDGE('',*,*,#11159,.T.);
#11159 = EDGE_CURVE('',#11160,#11160,#11162,.T.);
#11160 = VERTEX_POINT('',#11161);
#11161 = CARTESIAN_POINT('',(56.17,-54.56,0.));
#11162 = CIRCLE('',#11163,0.5);
#11163 = AXIS2_PLACEMENT_3D('',#11164,#11165,#11166);
#11164 = CARTESIAN_POINT('',(56.17,-54.06,0.));
#11165 = DIRECTION('',(-0.,0.,-1.));
#11166 = DIRECTION('',(-0.,-1.,0.));
#11167 = FACE_BOUND('',#11168,.F.);
#11168 = EDGE_LOOP('',(#11169));
#11169 = ORIENTED_EDGE('',*,*,#11170,.T.);
#11170 = EDGE_CURVE('',#11171,#11171,#11173,.T.);
#11171 = VERTEX_POINT('',#11172);
#11172 = CARTESIAN_POINT('',(58.71,-54.56,0.));
#11173 = CIRCLE('',#11174,0.5);
#11174 = AXIS2_PLACEMENT_3D('',#11175,#11176,#11177);
#11175 = CARTESIAN_POINT('',(58.71,-54.06,0.));
#11176 = DIRECTION('',(-0.,0.,-1.));
#11177 = DIRECTION('',(-0.,-1.,0.));
#11178 = FACE_BOUND('',#11179,.F.);
#11179 = EDGE_LOOP('',(#11180));
#11180 = ORIENTED_EDGE('',*,*,#11181,.T.);
#11181 = EDGE_CURVE('',#11182,#11182,#11184,.T.);
#11182 = VERTEX_POINT('',#11183);
#11183 = CARTESIAN_POINT('',(61.25,-54.56,0.));
#11184 = CIRCLE('',#11185,0.5);
#11185 = AXIS2_PLACEMENT_3D('',#11186,#11187,#11188);
#11186 = CARTESIAN_POINT('',(61.25,-54.06,0.));
#11187 = DIRECTION('',(-0.,0.,-1.));
#11188 = DIRECTION('',(-0.,-1.,0.));
#11189 = FACE_BOUND('',#11190,.F.);
#11190 = EDGE_LOOP('',(#11191));
#11191 = ORIENTED_EDGE('',*,*,#11192,.T.);
#11192 = EDGE_CURVE('',#11193,#11193,#11195,.T.);
#11193 = VERTEX_POINT('',#11194);
#11194 = CARTESIAN_POINT('',(63.79,-54.56,0.));
#11195 = CIRCLE('',#11196,0.5);
#11196 = AXIS2_PLACEMENT_3D('',#11197,#11198,#11199);
#11197 = CARTESIAN_POINT('',(63.79,-54.06,0.));
#11198 = DIRECTION('',(-0.,0.,-1.));
#11199 = DIRECTION('',(-1.42108547152E-14,-1.,0.));
#11200 = FACE_BOUND('',#11201,.F.);
#11201 = EDGE_LOOP('',(#11202));
#11202 = ORIENTED_EDGE('',*,*,#11203,.T.);
#11203 = EDGE_CURVE('',#11204,#11204,#11206,.T.);
#11204 = VERTEX_POINT('',#11205);
#11205 = CARTESIAN_POINT('',(66.33,-54.56,0.));
#11206 = CIRCLE('',#11207,0.5);
#11207 = AXIS2_PLACEMENT_3D('',#11208,#11209,#11210);
#11208 = CARTESIAN_POINT('',(66.33,-54.06,0.));
#11209 = DIRECTION('',(-0.,0.,-1.));
#11210 = DIRECTION('',(-0.,-1.,0.));
#11211 = FACE_BOUND('',#11212,.F.);
#11212 = EDGE_LOOP('',(#11213));
#11213 = ORIENTED_EDGE('',*,*,#11214,.T.);
#11214 = EDGE_CURVE('',#11215,#11215,#11217,.T.);
#11215 = VERTEX_POINT('',#11216);
#11216 = CARTESIAN_POINT('',(68.87,-54.56,0.));
#11217 = CIRCLE('',#11218,0.5);
#11218 = AXIS2_PLACEMENT_3D('',#11219,#11220,#11221);
#11219 = CARTESIAN_POINT('',(68.87,-54.06,0.));
#11220 = DIRECTION('',(-0.,0.,-1.));
#11221 = DIRECTION('',(-0.,-1.,0.));
#11222 = FACE_BOUND('',#11223,.F.);
#11223 = EDGE_LOOP('',(#11224));
#11224 = ORIENTED_EDGE('',*,*,#11225,.T.);
#11225 = EDGE_CURVE('',#11226,#11226,#11228,.T.);
#11226 = VERTEX_POINT('',#11227);
#11227 = CARTESIAN_POINT('',(71.41,-54.56,0.));
#11228 = CIRCLE('',#11229,0.5);
#11229 = AXIS2_PLACEMENT_3D('',#11230,#11231,#11232);
#11230 = CARTESIAN_POINT('',(71.41,-54.06,0.));
#11231 = DIRECTION('',(-0.,0.,-1.));
#11232 = DIRECTION('',(-0.,-1.,0.));
#11233 = FACE_BOUND('',#11234,.F.);
#11234 = EDGE_LOOP('',(#11235));
#11235 = ORIENTED_EDGE('',*,*,#11236,.T.);
#11236 = EDGE_CURVE('',#11237,#11237,#11239,.T.);
#11237 = VERTEX_POINT('',#11238);
#11238 = CARTESIAN_POINT('',(80.65,-56.963,0.));
#11239 = CIRCLE('',#11240,0.4445);
#11240 = AXIS2_PLACEMENT_3D('',#11241,#11242,#11243);
#11241 = CARTESIAN_POINT('',(80.65,-56.5185,0.));
#11242 = DIRECTION('',(-0.,0.,-1.));
#11243 = DIRECTION('',(-0.,-1.,0.));
#11244 = FACE_BOUND('',#11245,.F.);
#11245 = EDGE_LOOP('',(#11246));
#11246 = ORIENTED_EDGE('',*,*,#11247,.T.);
#11247 = EDGE_CURVE('',#11248,#11248,#11250,.T.);
#11248 = VERTEX_POINT('',#11249);
#11249 = CARTESIAN_POINT('',(80.65,-54.423,0.));
#11250 = CIRCLE('',#11251,0.4445);
#11251 = AXIS2_PLACEMENT_3D('',#11252,#11253,#11254);
#11252 = CARTESIAN_POINT('',(80.65,-53.9785,0.));
#11253 = DIRECTION('',(-0.,0.,-1.));
#11254 = DIRECTION('',(-0.,-1.,0.));
#11255 = FACE_BOUND('',#11256,.F.);
#11256 = EDGE_LOOP('',(#11257));
#11257 = ORIENTED_EDGE('',*,*,#11258,.T.);
#11258 = EDGE_CURVE('',#11259,#11259,#11261,.T.);
#11259 = VERTEX_POINT('',#11260);
#11260 = CARTESIAN_POINT('',(80.65,-51.883,0.));
#11261 = CIRCLE('',#11262,0.4445);
#11262 = AXIS2_PLACEMENT_3D('',#11263,#11264,#11265);
#11263 = CARTESIAN_POINT('',(80.65,-51.4385,0.));
#11264 = DIRECTION('',(-0.,0.,-1.));
#11265 = DIRECTION('',(-0.,-1.,0.));
#11266 = FACE_BOUND('',#11267,.F.);
#11267 = EDGE_LOOP('',(#11268));
#11268 = ORIENTED_EDGE('',*,*,#11269,.T.);
#11269 = EDGE_CURVE('',#11270,#11270,#11272,.T.);
#11270 = VERTEX_POINT('',#11271);
#11271 = CARTESIAN_POINT('',(80.65,-49.343,0.));
#11272 = CIRCLE('',#11273,0.4445);
#11273 = AXIS2_PLACEMENT_3D('',#11274,#11275,#11276);
#11274 = CARTESIAN_POINT('',(80.65,-48.8985,0.));
#11275 = DIRECTION('',(-0.,0.,-1.));
#11276 = DIRECTION('',(-0.,-1.,0.));
#11277 = FACE_BOUND('',#11278,.F.);
#11278 = EDGE_LOOP('',(#11279));
#11279 = ORIENTED_EDGE('',*,*,#11280,.T.);
#11280 = EDGE_CURVE('',#11281,#11281,#11283,.T.);
#11281 = VERTEX_POINT('',#11282);
#11282 = CARTESIAN_POINT('',(43.94,-37.98,0.));
#11283 = CIRCLE('',#11284,1.6);
#11284 = AXIS2_PLACEMENT_3D('',#11285,#11286,#11287);
#11285 = CARTESIAN_POINT('',(43.94,-36.38,0.));
#11286 = DIRECTION('',(-0.,0.,-1.));
#11287 = DIRECTION('',(-0.,-1.,0.));
#11288 = FACE_BOUND('',#11289,.F.);
#11289 = EDGE_LOOP('',(#11290));
#11290 = ORIENTED_EDGE('',*,*,#11291,.T.);
#11291 = EDGE_CURVE('',#11292,#11292,#11294,.T.);
#11292 = VERTEX_POINT('',#11293);
#11293 = CARTESIAN_POINT('',(80.65,-46.803,0.));
#11294 = CIRCLE('',#11295,0.4445);
#11295 = AXIS2_PLACEMENT_3D('',#11296,#11297,#11298);
#11296 = CARTESIAN_POINT('',(80.65,-46.3585,0.));
#11297 = DIRECTION('',(-0.,0.,-1.));
#11298 = DIRECTION('',(-0.,-1.,0.));
#11299 = FACE_BOUND('',#11300,.F.);
#11300 = EDGE_LOOP('',(#11301));
#11301 = ORIENTED_EDGE('',*,*,#11302,.T.);
#11302 = EDGE_CURVE('',#11303,#11303,#11305,.T.);
#11303 = VERTEX_POINT('',#11304);
#11304 = CARTESIAN_POINT('',(80.65,-44.263,0.));
#11305 = CIRCLE('',#11306,0.4445);
#11306 = AXIS2_PLACEMENT_3D('',#11307,#11308,#11309);
#11307 = CARTESIAN_POINT('',(80.65,-43.8185,0.));
#11308 = DIRECTION('',(-0.,0.,-1.));
#11309 = DIRECTION('',(-0.,-1.,0.));
#11310 = FACE_BOUND('',#11311,.F.);
#11311 = EDGE_LOOP('',(#11312));
#11312 = ORIENTED_EDGE('',*,*,#11313,.T.);
#11313 = EDGE_CURVE('',#11314,#11314,#11316,.T.);
#11314 = VERTEX_POINT('',#11315);
#11315 = CARTESIAN_POINT('',(80.65,-41.723,0.));
#11316 = CIRCLE('',#11317,0.4445);
#11317 = AXIS2_PLACEMENT_3D('',#11318,#11319,#11320);
#11318 = CARTESIAN_POINT('',(80.65,-41.2785,0.));
#11319 = DIRECTION('',(-0.,0.,-1.));
#11320 = DIRECTION('',(-0.,-1.,0.));
#11321 = FACE_BOUND('',#11322,.F.);
#11322 = EDGE_LOOP('',(#11323));
#11323 = ORIENTED_EDGE('',*,*,#11324,.T.);
#11324 = EDGE_CURVE('',#11325,#11325,#11327,.T.);
#11325 = VERTEX_POINT('',#11326);
#11326 = CARTESIAN_POINT('',(95.89,-56.963,0.));
#11327 = CIRCLE('',#11328,0.4445);
#11328 = AXIS2_PLACEMENT_3D('',#11329,#11330,#11331);
#11329 = CARTESIAN_POINT('',(95.89,-56.5185,0.));
#11330 = DIRECTION('',(-0.,0.,-1.));
#11331 = DIRECTION('',(-0.,-1.,0.));
#11332 = FACE_BOUND('',#11333,.F.);
#11333 = EDGE_LOOP('',(#11334));
#11334 = ORIENTED_EDGE('',*,*,#11335,.T.);
#11335 = EDGE_CURVE('',#11336,#11336,#11338,.T.);
#11336 = VERTEX_POINT('',#11337);
#11337 = CARTESIAN_POINT('',(95.89,-54.423,0.));
#11338 = CIRCLE('',#11339,0.4445);
#11339 = AXIS2_PLACEMENT_3D('',#11340,#11341,#11342);
#11340 = CARTESIAN_POINT('',(95.89,-53.9785,0.));
#11341 = DIRECTION('',(-0.,0.,-1.));
#11342 = DIRECTION('',(-0.,-1.,0.));
#11343 = FACE_BOUND('',#11344,.F.);
#11344 = EDGE_LOOP('',(#11345));
#11345 = ORIENTED_EDGE('',*,*,#11346,.T.);
#11346 = EDGE_CURVE('',#11347,#11347,#11349,.T.);
#11347 = VERTEX_POINT('',#11348);
#11348 = CARTESIAN_POINT('',(95.89,-51.883,0.));
#11349 = CIRCLE('',#11350,0.4445);
#11350 = AXIS2_PLACEMENT_3D('',#11351,#11352,#11353);
#11351 = CARTESIAN_POINT('',(95.89,-51.4385,0.));
#11352 = DIRECTION('',(-0.,0.,-1.));
#11353 = DIRECTION('',(-0.,-1.,0.));
#11354 = FACE_BOUND('',#11355,.F.);
#11355 = EDGE_LOOP('',(#11356));
#11356 = ORIENTED_EDGE('',*,*,#11357,.T.);
#11357 = EDGE_CURVE('',#11358,#11358,#11360,.T.);
#11358 = VERTEX_POINT('',#11359);
#11359 = CARTESIAN_POINT('',(95.89,-49.343,0.));
#11360 = CIRCLE('',#11361,0.4445);
#11361 = AXIS2_PLACEMENT_3D('',#11362,#11363,#11364);
#11362 = CARTESIAN_POINT('',(95.89,-48.8985,0.));
#11363 = DIRECTION('',(-0.,0.,-1.));
#11364 = DIRECTION('',(-0.,-1.,0.));
#11365 = FACE_BOUND('',#11366,.F.);
#11366 = EDGE_LOOP('',(#11367));
#11367 = ORIENTED_EDGE('',*,*,#11368,.T.);
#11368 = EDGE_CURVE('',#11369,#11369,#11371,.T.);
#11369 = VERTEX_POINT('',#11370);
#11370 = CARTESIAN_POINT('',(118.07,-56.39,0.));
#11371 = CIRCLE('',#11372,0.5);
#11372 = AXIS2_PLACEMENT_3D('',#11373,#11374,#11375);
#11373 = CARTESIAN_POINT('',(118.07,-55.89,0.));
#11374 = DIRECTION('',(-0.,0.,-1.));
#11375 = DIRECTION('',(-0.,-1.,0.));
#11376 = FACE_BOUND('',#11377,.F.);
#11377 = EDGE_LOOP('',(#11378));
#11378 = ORIENTED_EDGE('',*,*,#11379,.T.);
#11379 = EDGE_CURVE('',#11380,#11380,#11382,.T.);
#11380 = VERTEX_POINT('',#11381);
#11381 = CARTESIAN_POINT('',(118.07,-48.79,0.));
#11382 = CIRCLE('',#11383,0.5);
#11383 = AXIS2_PLACEMENT_3D('',#11384,#11385,#11386);
#11384 = CARTESIAN_POINT('',(118.07,-48.29,0.));
#11385 = DIRECTION('',(-0.,0.,-1.));
#11386 = DIRECTION('',(-0.,-1.,0.));
#11387 = FACE_BOUND('',#11388,.F.);
#11388 = EDGE_LOOP('',(#11389));
#11389 = ORIENTED_EDGE('',*,*,#11390,.T.);
#11390 = EDGE_CURVE('',#11391,#11391,#11393,.T.);
#11391 = VERTEX_POINT('',#11392);
#11392 = CARTESIAN_POINT('',(95.89,-46.803,0.));
#11393 = CIRCLE('',#11394,0.4445);
#11394 = AXIS2_PLACEMENT_3D('',#11395,#11396,#11397);
#11395 = CARTESIAN_POINT('',(95.89,-46.3585,0.));
#11396 = DIRECTION('',(-0.,0.,-1.));
#11397 = DIRECTION('',(-0.,-1.,0.));
#11398 = FACE_BOUND('',#11399,.F.);
#11399 = EDGE_LOOP('',(#11400));
#11400 = ORIENTED_EDGE('',*,*,#11401,.T.);
#11401 = EDGE_CURVE('',#11402,#11402,#11404,.T.);
#11402 = VERTEX_POINT('',#11403);
#11403 = CARTESIAN_POINT('',(95.89,-44.263,0.));
#11404 = CIRCLE('',#11405,0.4445);
#11405 = AXIS2_PLACEMENT_3D('',#11406,#11407,#11408);
#11406 = CARTESIAN_POINT('',(95.89,-43.8185,0.));
#11407 = DIRECTION('',(-0.,0.,-1.));
#11408 = DIRECTION('',(-0.,-1.,0.));
#11409 = FACE_BOUND('',#11410,.F.);
#11410 = EDGE_LOOP('',(#11411));
#11411 = ORIENTED_EDGE('',*,*,#11412,.T.);
#11412 = EDGE_CURVE('',#11413,#11413,#11415,.T.);
#11413 = VERTEX_POINT('',#11414);
#11414 = CARTESIAN_POINT('',(95.89,-41.723,0.));
#11415 = CIRCLE('',#11416,0.4445);
#11416 = AXIS2_PLACEMENT_3D('',#11417,#11418,#11419);
#11417 = CARTESIAN_POINT('',(95.89,-41.2785,0.));
#11418 = DIRECTION('',(-0.,0.,-1.));
#11419 = DIRECTION('',(-0.,-1.,0.));
#11420 = FACE_BOUND('',#11421,.F.);
#11421 = EDGE_LOOP('',(#11422));
#11422 = ORIENTED_EDGE('',*,*,#11423,.T.);
#11423 = EDGE_CURVE('',#11424,#11424,#11426,.T.);
#11424 = VERTEX_POINT('',#11425);
#11425 = CARTESIAN_POINT('',(129.81,-38.22,0.));
#11426 = CIRCLE('',#11427,1.6);
#11427 = AXIS2_PLACEMENT_3D('',#11428,#11429,#11430);
#11428 = CARTESIAN_POINT('',(129.81,-36.62,0.));
#11429 = DIRECTION('',(-0.,0.,-1.));
#11430 = DIRECTION('',(-0.,-1.,0.));
#11431 = PLANE('',#11432);
#11432 = AXIS2_PLACEMENT_3D('',#11433,#11434,#11435);
#11433 = CARTESIAN_POINT('',(0.,0.,0.));
#11434 = DIRECTION('',(0.,0.,1.));
#11435 = DIRECTION('',(1.,0.,-0.));
#11436 = ADVANCED_FACE('',(#11437,#11448,#11459,#11470,#11481,#11492,
    #11503,#11514,#11525,#11536,#11547,#11558,#11569,#11580,#11591,
    #11602,#11613,#11624,#11635,#11646,#11657,#11668,#11679,#11690,
    #11701,#11712,#11723,#11734,#11745,#11756,#11767,#11778,#11789,
    #11800,#11811,#11822,#11833,#11844,#11855,#11866,#11877,#11888,
    #11899,#11910,#11921,#11932,#11943,#11954,#11965),#11976,.T.);
#11437 = FACE_BOUND('',#11438,.T.);
#11438 = EDGE_LOOP('',(#11439,#11440,#11441,#11447));
#11439 = ORIENTED_EDGE('',*,*,#10803,.F.);
#11440 = ORIENTED_EDGE('',*,*,#10843,.F.);
#11441 = ORIENTED_EDGE('',*,*,#11442,.F.);
#11442 = EDGE_CURVE('',#10866,#10836,#11443,.T.);
#11443 = LINE('',#11444,#11445);
#11444 = CARTESIAN_POINT('',(38.91,-31.21,1.51));
#11445 = VECTOR('',#11446,1.);
#11446 = DIRECTION('',(1.,0.,0.));
#11447 = ORIENTED_EDGE('',*,*,#10865,.F.);
#11448 = FACE_BOUND('',#11449,.T.);
#11449 = EDGE_LOOP('',(#11450));
#11450 = ORIENTED_EDGE('',*,*,#11451,.T.);
#11451 = EDGE_CURVE('',#11452,#11452,#11454,.T.);
#11452 = VERTEX_POINT('',#11453);
#11453 = CARTESIAN_POINT('',(44.11,-81.73,1.51));
#11454 = CIRCLE('',#11455,1.6);
#11455 = AXIS2_PLACEMENT_3D('',#11456,#11457,#11458);
#11456 = CARTESIAN_POINT('',(44.11,-80.13,1.51));
#11457 = DIRECTION('',(-0.,0.,-1.));
#11458 = DIRECTION('',(-0.,-1.,0.));
#11459 = FACE_BOUND('',#11460,.T.);
#11460 = EDGE_LOOP('',(#11461));
#11461 = ORIENTED_EDGE('',*,*,#11462,.T.);
#11462 = EDGE_CURVE('',#11463,#11463,#11465,.T.);
#11463 = VERTEX_POINT('',#11464);
#11464 = CARTESIAN_POINT('',(52.58,-69.67,1.51));
#11465 = CIRCLE('',#11466,0.85);
#11466 = AXIS2_PLACEMENT_3D('',#11467,#11468,#11469);
#11467 = CARTESIAN_POINT('',(52.58,-68.82,1.51));
#11468 = DIRECTION('',(-0.,0.,-1.));
#11469 = DIRECTION('',(-0.,-1.,0.));
#11470 = FACE_BOUND('',#11471,.T.);
#11471 = EDGE_LOOP('',(#11472));
#11472 = ORIENTED_EDGE('',*,*,#11473,.T.);
#11473 = EDGE_CURVE('',#11474,#11474,#11476,.T.);
#11474 = VERTEX_POINT('',#11475);
#11475 = CARTESIAN_POINT('',(57.66,-70.82,1.51));
#11476 = CIRCLE('',#11477,2.);
#11477 = AXIS2_PLACEMENT_3D('',#11478,#11479,#11480);
#11478 = CARTESIAN_POINT('',(57.66,-68.82,1.51));
#11479 = DIRECTION('',(-0.,0.,-1.));
#11480 = DIRECTION('',(-0.,-1.,0.));
#11481 = FACE_BOUND('',#11482,.T.);
#11482 = EDGE_LOOP('',(#11483));
#11483 = ORIENTED_EDGE('',*,*,#11484,.T.);
#11484 = EDGE_CURVE('',#11485,#11485,#11487,.T.);
#11485 = VERTEX_POINT('',#11486);
#11486 = CARTESIAN_POINT('',(62.74,-69.67,1.51));
#11487 = CIRCLE('',#11488,0.85);
#11488 = AXIS2_PLACEMENT_3D('',#11489,#11490,#11491);
#11489 = CARTESIAN_POINT('',(62.74,-68.82,1.51));
#11490 = DIRECTION('',(-0.,0.,-1.));
#11491 = DIRECTION('',(-0.,-1.,0.));
#11492 = FACE_BOUND('',#11493,.T.);
#11493 = EDGE_LOOP('',(#11494));
#11494 = ORIENTED_EDGE('',*,*,#11495,.T.);
#11495 = EDGE_CURVE('',#11496,#11496,#11498,.T.);
#11496 = VERTEX_POINT('',#11497);
#11497 = CARTESIAN_POINT('',(53.85,-67.03,1.51));
#11498 = CIRCLE('',#11499,0.75);
#11499 = AXIS2_PLACEMENT_3D('',#11500,#11501,#11502);
#11500 = CARTESIAN_POINT('',(53.85,-66.28,1.51));
#11501 = DIRECTION('',(-0.,0.,-1.));
#11502 = DIRECTION('',(-0.,-1.,0.));
#11503 = FACE_BOUND('',#11504,.T.);
#11504 = EDGE_LOOP('',(#11505));
#11505 = ORIENTED_EDGE('',*,*,#11506,.T.);
#11506 = EDGE_CURVE('',#11507,#11507,#11509,.T.);
#11507 = VERTEX_POINT('',#11508);
#11508 = CARTESIAN_POINT('',(60.2,-64.49,1.51));
#11509 = CIRCLE('',#11510,0.75);
#11510 = AXIS2_PLACEMENT_3D('',#11511,#11512,#11513);
#11511 = CARTESIAN_POINT('',(60.2,-63.74,1.51));
#11512 = DIRECTION('',(-0.,0.,-1.));
#11513 = DIRECTION('',(-0.,-1.,0.));
#11514 = FACE_BOUND('',#11515,.T.);
#11515 = EDGE_LOOP('',(#11516));
#11516 = ORIENTED_EDGE('',*,*,#11517,.T.);
#11517 = EDGE_CURVE('',#11518,#11518,#11520,.T.);
#11518 = VERTEX_POINT('',#11519);
#11519 = CARTESIAN_POINT('',(71.72,-69.67,1.51));
#11520 = CIRCLE('',#11521,0.85);
#11521 = AXIS2_PLACEMENT_3D('',#11522,#11523,#11524);
#11522 = CARTESIAN_POINT('',(71.72,-68.82,1.51));
#11523 = DIRECTION('',(-0.,0.,-1.));
#11524 = DIRECTION('',(-0.,-1.,0.));
#11525 = FACE_BOUND('',#11526,.T.);
#11526 = EDGE_LOOP('',(#11527));
#11527 = ORIENTED_EDGE('',*,*,#11528,.T.);
#11528 = EDGE_CURVE('',#11529,#11529,#11531,.T.);
#11529 = VERTEX_POINT('',#11530);
#11530 = CARTESIAN_POINT('',(72.99,-67.03,1.51));
#11531 = CIRCLE('',#11532,0.75);
#11532 = AXIS2_PLACEMENT_3D('',#11533,#11534,#11535);
#11533 = CARTESIAN_POINT('',(72.99,-66.28,1.51));
#11534 = DIRECTION('',(-0.,0.,-1.));
#11535 = DIRECTION('',(-0.,-1.,0.));
#11536 = FACE_BOUND('',#11537,.T.);
#11537 = EDGE_LOOP('',(#11538));
#11538 = ORIENTED_EDGE('',*,*,#11539,.T.);
#11539 = EDGE_CURVE('',#11540,#11540,#11542,.T.);
#11540 = VERTEX_POINT('',#11541);
#11541 = CARTESIAN_POINT('',(76.8,-70.82,1.51));
#11542 = CIRCLE('',#11543,2.);
#11543 = AXIS2_PLACEMENT_3D('',#11544,#11545,#11546);
#11544 = CARTESIAN_POINT('',(76.8,-68.82,1.51));
#11545 = DIRECTION('',(-0.,0.,-1.));
#11546 = DIRECTION('',(-0.,-1.,0.));
#11547 = FACE_BOUND('',#11548,.T.);
#11548 = EDGE_LOOP('',(#11549));
#11549 = ORIENTED_EDGE('',*,*,#11550,.T.);
#11550 = EDGE_CURVE('',#11551,#11551,#11553,.T.);
#11551 = VERTEX_POINT('',#11552);
#11552 = CARTESIAN_POINT('',(81.88,-69.67,1.51));
#11553 = CIRCLE('',#11554,0.85);
#11554 = AXIS2_PLACEMENT_3D('',#11555,#11556,#11557);
#11555 = CARTESIAN_POINT('',(81.88,-68.82,1.51));
#11556 = DIRECTION('',(-0.,0.,-1.));
#11557 = DIRECTION('',(-0.,-1.,0.));
#11558 = FACE_BOUND('',#11559,.T.);
#11559 = EDGE_LOOP('',(#11560));
#11560 = ORIENTED_EDGE('',*,*,#11561,.T.);
#11561 = EDGE_CURVE('',#11562,#11562,#11564,.T.);
#11562 = VERTEX_POINT('',#11563);
#11563 = CARTESIAN_POINT('',(79.34,-64.49,1.51));
#11564 = CIRCLE('',#11565,0.75);
#11565 = AXIS2_PLACEMENT_3D('',#11566,#11567,#11568);
#11566 = CARTESIAN_POINT('',(79.34,-63.74,1.51));
#11567 = DIRECTION('',(-0.,0.,-1.));
#11568 = DIRECTION('',(-0.,-1.,0.));
#11569 = FACE_BOUND('',#11570,.T.);
#11570 = EDGE_LOOP('',(#11571));
#11571 = ORIENTED_EDGE('',*,*,#11572,.T.);
#11572 = EDGE_CURVE('',#11573,#11573,#11575,.T.);
#11573 = VERTEX_POINT('',#11574);
#11574 = CARTESIAN_POINT('',(130.13,-81.4,1.51));
#11575 = CIRCLE('',#11576,1.6);
#11576 = AXIS2_PLACEMENT_3D('',#11577,#11578,#11579);
#11577 = CARTESIAN_POINT('',(130.13,-79.8,1.51));
#11578 = DIRECTION('',(-0.,0.,-1.));
#11579 = DIRECTION('',(-0.,-1.,0.));
#11580 = FACE_BOUND('',#11581,.T.);
#11581 = EDGE_LOOP('',(#11582));
#11582 = ORIENTED_EDGE('',*,*,#11583,.T.);
#11583 = EDGE_CURVE('',#11584,#11584,#11586,.T.);
#11584 = VERTEX_POINT('',#11585);
#11585 = CARTESIAN_POINT('',(90.85,-69.67,1.51));
#11586 = CIRCLE('',#11587,0.85);
#11587 = AXIS2_PLACEMENT_3D('',#11588,#11589,#11590);
#11588 = CARTESIAN_POINT('',(90.85,-68.82,1.51));
#11589 = DIRECTION('',(-0.,0.,-1.));
#11590 = DIRECTION('',(-0.,-1.,0.));
#11591 = FACE_BOUND('',#11592,.T.);
#11592 = EDGE_LOOP('',(#11593));
#11593 = ORIENTED_EDGE('',*,*,#11594,.T.);
#11594 = EDGE_CURVE('',#11595,#11595,#11597,.T.);
#11595 = VERTEX_POINT('',#11596);
#11596 = CARTESIAN_POINT('',(95.93,-70.82,1.51));
#11597 = CIRCLE('',#11598,2.);
#11598 = AXIS2_PLACEMENT_3D('',#11599,#11600,#11601);
#11599 = CARTESIAN_POINT('',(95.93,-68.82,1.51));
#11600 = DIRECTION('',(-0.,0.,-1.));
#11601 = DIRECTION('',(-0.,-1.,0.));
#11602 = FACE_BOUND('',#11603,.T.);
#11603 = EDGE_LOOP('',(#11604));
#11604 = ORIENTED_EDGE('',*,*,#11605,.T.);
#11605 = EDGE_CURVE('',#11606,#11606,#11608,.T.);
#11606 = VERTEX_POINT('',#11607);
#11607 = CARTESIAN_POINT('',(92.12,-67.03,1.51));
#11608 = CIRCLE('',#11609,0.75);
#11609 = AXIS2_PLACEMENT_3D('',#11610,#11611,#11612);
#11610 = CARTESIAN_POINT('',(92.12,-66.28,1.51));
#11611 = DIRECTION('',(-0.,0.,-1.));
#11612 = DIRECTION('',(-0.,-1.,0.));
#11613 = FACE_BOUND('',#11614,.T.);
#11614 = EDGE_LOOP('',(#11615));
#11615 = ORIENTED_EDGE('',*,*,#11616,.T.);
#11616 = EDGE_CURVE('',#11617,#11617,#11619,.T.);
#11617 = VERTEX_POINT('',#11618);
#11618 = CARTESIAN_POINT('',(101.01,-69.67,1.51));
#11619 = CIRCLE('',#11620,0.85);
#11620 = AXIS2_PLACEMENT_3D('',#11621,#11622,#11623);
#11621 = CARTESIAN_POINT('',(101.01,-68.82,1.51));
#11622 = DIRECTION('',(-0.,0.,-1.));
#11623 = DIRECTION('',(1.671865260612E-14,-1.,-0.));
#11624 = FACE_BOUND('',#11625,.T.);
#11625 = EDGE_LOOP('',(#11626));
#11626 = ORIENTED_EDGE('',*,*,#11627,.T.);
#11627 = EDGE_CURVE('',#11628,#11628,#11630,.T.);
#11628 = VERTEX_POINT('',#11629);
#11629 = CARTESIAN_POINT('',(98.47,-64.49,1.51));
#11630 = CIRCLE('',#11631,0.75);
#11631 = AXIS2_PLACEMENT_3D('',#11632,#11633,#11634);
#11632 = CARTESIAN_POINT('',(98.47,-63.74,1.51));
#11633 = DIRECTION('',(-0.,0.,-1.));
#11634 = DIRECTION('',(-0.,-1.,0.));
#11635 = FACE_BOUND('',#11636,.T.);
#11636 = EDGE_LOOP('',(#11637));
#11637 = ORIENTED_EDGE('',*,*,#11638,.T.);
#11638 = EDGE_CURVE('',#11639,#11639,#11641,.T.);
#11639 = VERTEX_POINT('',#11640);
#11640 = CARTESIAN_POINT('',(109.98,-69.67,1.51));
#11641 = CIRCLE('',#11642,0.85);
#11642 = AXIS2_PLACEMENT_3D('',#11643,#11644,#11645);
#11643 = CARTESIAN_POINT('',(109.98,-68.82,1.51));
#11644 = DIRECTION('',(-0.,0.,-1.));
#11645 = DIRECTION('',(1.671865260612E-14,-1.,-0.));
#11646 = FACE_BOUND('',#11647,.T.);
#11647 = EDGE_LOOP('',(#11648));
#11648 = ORIENTED_EDGE('',*,*,#11649,.T.);
#11649 = EDGE_CURVE('',#11650,#11650,#11652,.T.);
#11650 = VERTEX_POINT('',#11651);
#11651 = CARTESIAN_POINT('',(115.06,-70.82,1.51));
#11652 = CIRCLE('',#11653,2.);
#11653 = AXIS2_PLACEMENT_3D('',#11654,#11655,#11656);
#11654 = CARTESIAN_POINT('',(115.06,-68.82,1.51));
#11655 = DIRECTION('',(-0.,0.,-1.));
#11656 = DIRECTION('',(-0.,-1.,0.));
#11657 = FACE_BOUND('',#11658,.T.);
#11658 = EDGE_LOOP('',(#11659));
#11659 = ORIENTED_EDGE('',*,*,#11660,.T.);
#11660 = EDGE_CURVE('',#11661,#11661,#11663,.T.);
#11661 = VERTEX_POINT('',#11662);
#11662 = CARTESIAN_POINT('',(120.14,-69.67,1.51));
#11663 = CIRCLE('',#11664,0.85);
#11664 = AXIS2_PLACEMENT_3D('',#11665,#11666,#11667);
#11665 = CARTESIAN_POINT('',(120.14,-68.82,1.51));
#11666 = DIRECTION('',(-0.,0.,-1.));
#11667 = DIRECTION('',(-0.,-1.,0.));
#11668 = FACE_BOUND('',#11669,.T.);
#11669 = EDGE_LOOP('',(#11670));
#11670 = ORIENTED_EDGE('',*,*,#11671,.T.);
#11671 = EDGE_CURVE('',#11672,#11672,#11674,.T.);
#11672 = VERTEX_POINT('',#11673);
#11673 = CARTESIAN_POINT('',(111.25,-67.03,1.51));
#11674 = CIRCLE('',#11675,0.75);
#11675 = AXIS2_PLACEMENT_3D('',#11676,#11677,#11678);
#11676 = CARTESIAN_POINT('',(111.25,-66.28,1.51));
#11677 = DIRECTION('',(-0.,0.,-1.));
#11678 = DIRECTION('',(-0.,-1.,0.));
#11679 = FACE_BOUND('',#11680,.T.);
#11680 = EDGE_LOOP('',(#11681));
#11681 = ORIENTED_EDGE('',*,*,#11682,.T.);
#11682 = EDGE_CURVE('',#11683,#11683,#11685,.T.);
#11683 = VERTEX_POINT('',#11684);
#11684 = CARTESIAN_POINT('',(117.6,-64.49,1.51));
#11685 = CIRCLE('',#11686,0.75);
#11686 = AXIS2_PLACEMENT_3D('',#11687,#11688,#11689);
#11687 = CARTESIAN_POINT('',(117.6,-63.74,1.51));
#11688 = DIRECTION('',(-0.,0.,-1.));
#11689 = DIRECTION('',(-0.,-1.,0.));
#11690 = FACE_BOUND('',#11691,.T.);
#11691 = EDGE_LOOP('',(#11692));
#11692 = ORIENTED_EDGE('',*,*,#11693,.T.);
#11693 = EDGE_CURVE('',#11694,#11694,#11696,.T.);
#11694 = VERTEX_POINT('',#11695);
#11695 = CARTESIAN_POINT('',(53.63,-54.56,1.51));
#11696 = CIRCLE('',#11697,0.5);
#11697 = AXIS2_PLACEMENT_3D('',#11698,#11699,#11700);
#11698 = CARTESIAN_POINT('',(53.63,-54.06,1.51));
#11699 = DIRECTION('',(-0.,0.,-1.));
#11700 = DIRECTION('',(-0.,-1.,0.));
#11701 = FACE_BOUND('',#11702,.T.);
#11702 = EDGE_LOOP('',(#11703));
#11703 = ORIENTED_EDGE('',*,*,#11704,.T.);
#11704 = EDGE_CURVE('',#11705,#11705,#11707,.T.);
#11705 = VERTEX_POINT('',#11706);
#11706 = CARTESIAN_POINT('',(56.17,-54.56,1.51));
#11707 = CIRCLE('',#11708,0.5);
#11708 = AXIS2_PLACEMENT_3D('',#11709,#11710,#11711);
#11709 = CARTESIAN_POINT('',(56.17,-54.06,1.51));
#11710 = DIRECTION('',(-0.,0.,-1.));
#11711 = DIRECTION('',(-0.,-1.,0.));
#11712 = FACE_BOUND('',#11713,.T.);
#11713 = EDGE_LOOP('',(#11714));
#11714 = ORIENTED_EDGE('',*,*,#11715,.T.);
#11715 = EDGE_CURVE('',#11716,#11716,#11718,.T.);
#11716 = VERTEX_POINT('',#11717);
#11717 = CARTESIAN_POINT('',(58.71,-54.56,1.51));
#11718 = CIRCLE('',#11719,0.5);
#11719 = AXIS2_PLACEMENT_3D('',#11720,#11721,#11722);
#11720 = CARTESIAN_POINT('',(58.71,-54.06,1.51));
#11721 = DIRECTION('',(-0.,0.,-1.));
#11722 = DIRECTION('',(-0.,-1.,0.));
#11723 = FACE_BOUND('',#11724,.T.);
#11724 = EDGE_LOOP('',(#11725));
#11725 = ORIENTED_EDGE('',*,*,#11726,.T.);
#11726 = EDGE_CURVE('',#11727,#11727,#11729,.T.);
#11727 = VERTEX_POINT('',#11728);
#11728 = CARTESIAN_POINT('',(61.25,-54.56,1.51));
#11729 = CIRCLE('',#11730,0.5);
#11730 = AXIS2_PLACEMENT_3D('',#11731,#11732,#11733);
#11731 = CARTESIAN_POINT('',(61.25,-54.06,1.51));
#11732 = DIRECTION('',(-0.,0.,-1.));
#11733 = DIRECTION('',(-0.,-1.,0.));
#11734 = FACE_BOUND('',#11735,.T.);
#11735 = EDGE_LOOP('',(#11736));
#11736 = ORIENTED_EDGE('',*,*,#11737,.T.);
#11737 = EDGE_CURVE('',#11738,#11738,#11740,.T.);
#11738 = VERTEX_POINT('',#11739);
#11739 = CARTESIAN_POINT('',(63.79,-54.56,1.51));
#11740 = CIRCLE('',#11741,0.5);
#11741 = AXIS2_PLACEMENT_3D('',#11742,#11743,#11744);
#11742 = CARTESIAN_POINT('',(63.79,-54.06,1.51));
#11743 = DIRECTION('',(-0.,0.,-1.));
#11744 = DIRECTION('',(-1.42108547152E-14,-1.,0.));
#11745 = FACE_BOUND('',#11746,.T.);
#11746 = EDGE_LOOP('',(#11747));
#11747 = ORIENTED_EDGE('',*,*,#11748,.T.);
#11748 = EDGE_CURVE('',#11749,#11749,#11751,.T.);
#11749 = VERTEX_POINT('',#11750);
#11750 = CARTESIAN_POINT('',(66.33,-54.56,1.51));
#11751 = CIRCLE('',#11752,0.5);
#11752 = AXIS2_PLACEMENT_3D('',#11753,#11754,#11755);
#11753 = CARTESIAN_POINT('',(66.33,-54.06,1.51));
#11754 = DIRECTION('',(-0.,0.,-1.));
#11755 = DIRECTION('',(-0.,-1.,0.));
#11756 = FACE_BOUND('',#11757,.T.);
#11757 = EDGE_LOOP('',(#11758));
#11758 = ORIENTED_EDGE('',*,*,#11759,.T.);
#11759 = EDGE_CURVE('',#11760,#11760,#11762,.T.);
#11760 = VERTEX_POINT('',#11761);
#11761 = CARTESIAN_POINT('',(68.87,-54.56,1.51));
#11762 = CIRCLE('',#11763,0.5);
#11763 = AXIS2_PLACEMENT_3D('',#11764,#11765,#11766);
#11764 = CARTESIAN_POINT('',(68.87,-54.06,1.51));
#11765 = DIRECTION('',(-0.,0.,-1.));
#11766 = DIRECTION('',(-0.,-1.,0.));
#11767 = FACE_BOUND('',#11768,.T.);
#11768 = EDGE_LOOP('',(#11769));
#11769 = ORIENTED_EDGE('',*,*,#11770,.T.);
#11770 = EDGE_CURVE('',#11771,#11771,#11773,.T.);
#11771 = VERTEX_POINT('',#11772);
#11772 = CARTESIAN_POINT('',(71.41,-54.56,1.51));
#11773 = CIRCLE('',#11774,0.5);
#11774 = AXIS2_PLACEMENT_3D('',#11775,#11776,#11777);
#11775 = CARTESIAN_POINT('',(71.41,-54.06,1.51));
#11776 = DIRECTION('',(-0.,0.,-1.));
#11777 = DIRECTION('',(-0.,-1.,0.));
#11778 = FACE_BOUND('',#11779,.T.);
#11779 = EDGE_LOOP('',(#11780));
#11780 = ORIENTED_EDGE('',*,*,#11781,.T.);
#11781 = EDGE_CURVE('',#11782,#11782,#11784,.T.);
#11782 = VERTEX_POINT('',#11783);
#11783 = CARTESIAN_POINT('',(80.65,-56.963,1.51));
#11784 = CIRCLE('',#11785,0.4445);
#11785 = AXIS2_PLACEMENT_3D('',#11786,#11787,#11788);
#11786 = CARTESIAN_POINT('',(80.65,-56.5185,1.51));
#11787 = DIRECTION('',(-0.,0.,-1.));
#11788 = DIRECTION('',(-0.,-1.,0.));
#11789 = FACE_BOUND('',#11790,.T.);
#11790 = EDGE_LOOP('',(#11791));
#11791 = ORIENTED_EDGE('',*,*,#11792,.T.);
#11792 = EDGE_CURVE('',#11793,#11793,#11795,.T.);
#11793 = VERTEX_POINT('',#11794);
#11794 = CARTESIAN_POINT('',(80.65,-54.423,1.51));
#11795 = CIRCLE('',#11796,0.4445);
#11796 = AXIS2_PLACEMENT_3D('',#11797,#11798,#11799);
#11797 = CARTESIAN_POINT('',(80.65,-53.9785,1.51));
#11798 = DIRECTION('',(-0.,0.,-1.));
#11799 = DIRECTION('',(-0.,-1.,0.));
#11800 = FACE_BOUND('',#11801,.T.);
#11801 = EDGE_LOOP('',(#11802));
#11802 = ORIENTED_EDGE('',*,*,#11803,.T.);
#11803 = EDGE_CURVE('',#11804,#11804,#11806,.T.);
#11804 = VERTEX_POINT('',#11805);
#11805 = CARTESIAN_POINT('',(80.65,-51.883,1.51));
#11806 = CIRCLE('',#11807,0.4445);
#11807 = AXIS2_PLACEMENT_3D('',#11808,#11809,#11810);
#11808 = CARTESIAN_POINT('',(80.65,-51.4385,1.51));
#11809 = DIRECTION('',(-0.,0.,-1.));
#11810 = DIRECTION('',(-0.,-1.,0.));
#11811 = FACE_BOUND('',#11812,.T.);
#11812 = EDGE_LOOP('',(#11813));
#11813 = ORIENTED_EDGE('',*,*,#11814,.T.);
#11814 = EDGE_CURVE('',#11815,#11815,#11817,.T.);
#11815 = VERTEX_POINT('',#11816);
#11816 = CARTESIAN_POINT('',(80.65,-49.343,1.51));
#11817 = CIRCLE('',#11818,0.4445);
#11818 = AXIS2_PLACEMENT_3D('',#11819,#11820,#11821);
#11819 = CARTESIAN_POINT('',(80.65,-48.8985,1.51));
#11820 = DIRECTION('',(-0.,0.,-1.));
#11821 = DIRECTION('',(-0.,-1.,0.));
#11822 = FACE_BOUND('',#11823,.T.);
#11823 = EDGE_LOOP('',(#11824));
#11824 = ORIENTED_EDGE('',*,*,#11825,.T.);
#11825 = EDGE_CURVE('',#11826,#11826,#11828,.T.);
#11826 = VERTEX_POINT('',#11827);
#11827 = CARTESIAN_POINT('',(43.94,-37.98,1.51));
#11828 = CIRCLE('',#11829,1.6);
#11829 = AXIS2_PLACEMENT_3D('',#11830,#11831,#11832);
#11830 = CARTESIAN_POINT('',(43.94,-36.38,1.51));
#11831 = DIRECTION('',(-0.,0.,-1.));
#11832 = DIRECTION('',(-0.,-1.,0.));
#11833 = FACE_BOUND('',#11834,.T.);
#11834 = EDGE_LOOP('',(#11835));
#11835 = ORIENTED_EDGE('',*,*,#11836,.T.);
#11836 = EDGE_CURVE('',#11837,#11837,#11839,.T.);
#11837 = VERTEX_POINT('',#11838);
#11838 = CARTESIAN_POINT('',(80.65,-46.803,1.51));
#11839 = CIRCLE('',#11840,0.4445);
#11840 = AXIS2_PLACEMENT_3D('',#11841,#11842,#11843);
#11841 = CARTESIAN_POINT('',(80.65,-46.3585,1.51));
#11842 = DIRECTION('',(-0.,0.,-1.));
#11843 = DIRECTION('',(-0.,-1.,0.));
#11844 = FACE_BOUND('',#11845,.T.);
#11845 = EDGE_LOOP('',(#11846));
#11846 = ORIENTED_EDGE('',*,*,#11847,.T.);
#11847 = EDGE_CURVE('',#11848,#11848,#11850,.T.);
#11848 = VERTEX_POINT('',#11849);
#11849 = CARTESIAN_POINT('',(80.65,-44.263,1.51));
#11850 = CIRCLE('',#11851,0.4445);
#11851 = AXIS2_PLACEMENT_3D('',#11852,#11853,#11854);
#11852 = CARTESIAN_POINT('',(80.65,-43.8185,1.51));
#11853 = DIRECTION('',(-0.,0.,-1.));
#11854 = DIRECTION('',(-0.,-1.,0.));
#11855 = FACE_BOUND('',#11856,.T.);
#11856 = EDGE_LOOP('',(#11857));
#11857 = ORIENTED_EDGE('',*,*,#11858,.T.);
#11858 = EDGE_CURVE('',#11859,#11859,#11861,.T.);
#11859 = VERTEX_POINT('',#11860);
#11860 = CARTESIAN_POINT('',(80.65,-41.723,1.51));
#11861 = CIRCLE('',#11862,0.4445);
#11862 = AXIS2_PLACEMENT_3D('',#11863,#11864,#11865);
#11863 = CARTESIAN_POINT('',(80.65,-41.2785,1.51));
#11864 = DIRECTION('',(-0.,0.,-1.));
#11865 = DIRECTION('',(-0.,-1.,0.));
#11866 = FACE_BOUND('',#11867,.T.);
#11867 = EDGE_LOOP('',(#11868));
#11868 = ORIENTED_EDGE('',*,*,#11869,.T.);
#11869 = EDGE_CURVE('',#11870,#11870,#11872,.T.);
#11870 = VERTEX_POINT('',#11871);
#11871 = CARTESIAN_POINT('',(95.89,-56.963,1.51));
#11872 = CIRCLE('',#11873,0.4445);
#11873 = AXIS2_PLACEMENT_3D('',#11874,#11875,#11876);
#11874 = CARTESIAN_POINT('',(95.89,-56.5185,1.51));
#11875 = DIRECTION('',(-0.,0.,-1.));
#11876 = DIRECTION('',(-0.,-1.,0.));
#11877 = FACE_BOUND('',#11878,.T.);
#11878 = EDGE_LOOP('',(#11879));
#11879 = ORIENTED_EDGE('',*,*,#11880,.T.);
#11880 = EDGE_CURVE('',#11881,#11881,#11883,.T.);
#11881 = VERTEX_POINT('',#11882);
#11882 = CARTESIAN_POINT('',(95.89,-54.423,1.51));
#11883 = CIRCLE('',#11884,0.4445);
#11884 = AXIS2_PLACEMENT_3D('',#11885,#11886,#11887);
#11885 = CARTESIAN_POINT('',(95.89,-53.9785,1.51));
#11886 = DIRECTION('',(-0.,0.,-1.));
#11887 = DIRECTION('',(-0.,-1.,0.));
#11888 = FACE_BOUND('',#11889,.T.);
#11889 = EDGE_LOOP('',(#11890));
#11890 = ORIENTED_EDGE('',*,*,#11891,.T.);
#11891 = EDGE_CURVE('',#11892,#11892,#11894,.T.);
#11892 = VERTEX_POINT('',#11893);
#11893 = CARTESIAN_POINT('',(95.89,-51.883,1.51));
#11894 = CIRCLE('',#11895,0.4445);
#11895 = AXIS2_PLACEMENT_3D('',#11896,#11897,#11898);
#11896 = CARTESIAN_POINT('',(95.89,-51.4385,1.51));
#11897 = DIRECTION('',(-0.,0.,-1.));
#11898 = DIRECTION('',(-0.,-1.,0.));
#11899 = FACE_BOUND('',#11900,.T.);
#11900 = EDGE_LOOP('',(#11901));
#11901 = ORIENTED_EDGE('',*,*,#11902,.T.);
#11902 = EDGE_CURVE('',#11903,#11903,#11905,.T.);
#11903 = VERTEX_POINT('',#11904);
#11904 = CARTESIAN_POINT('',(95.89,-49.343,1.51));
#11905 = CIRCLE('',#11906,0.4445);
#11906 = AXIS2_PLACEMENT_3D('',#11907,#11908,#11909);
#11907 = CARTESIAN_POINT('',(95.89,-48.8985,1.51));
#11908 = DIRECTION('',(-0.,0.,-1.));
#11909 = DIRECTION('',(-0.,-1.,0.));
#11910 = FACE_BOUND('',#11911,.T.);
#11911 = EDGE_LOOP('',(#11912));
#11912 = ORIENTED_EDGE('',*,*,#11913,.T.);
#11913 = EDGE_CURVE('',#11914,#11914,#11916,.T.);
#11914 = VERTEX_POINT('',#11915);
#11915 = CARTESIAN_POINT('',(118.07,-56.39,1.51));
#11916 = CIRCLE('',#11917,0.5);
#11917 = AXIS2_PLACEMENT_3D('',#11918,#11919,#11920);
#11918 = CARTESIAN_POINT('',(118.07,-55.89,1.51));
#11919 = DIRECTION('',(-0.,0.,-1.));
#11920 = DIRECTION('',(-0.,-1.,0.));
#11921 = FACE_BOUND('',#11922,.T.);
#11922 = EDGE_LOOP('',(#11923));
#11923 = ORIENTED_EDGE('',*,*,#11924,.T.);
#11924 = EDGE_CURVE('',#11925,#11925,#11927,.T.);
#11925 = VERTEX_POINT('',#11926);
#11926 = CARTESIAN_POINT('',(118.07,-48.79,1.51));
#11927 = CIRCLE('',#11928,0.5);
#11928 = AXIS2_PLACEMENT_3D('',#11929,#11930,#11931);
#11929 = CARTESIAN_POINT('',(118.07,-48.29,1.51));
#11930 = DIRECTION('',(-0.,0.,-1.));
#11931 = DIRECTION('',(-0.,-1.,0.));
#11932 = FACE_BOUND('',#11933,.T.);
#11933 = EDGE_LOOP('',(#11934));
#11934 = ORIENTED_EDGE('',*,*,#11935,.T.);
#11935 = EDGE_CURVE('',#11936,#11936,#11938,.T.);
#11936 = VERTEX_POINT('',#11937);
#11937 = CARTESIAN_POINT('',(95.89,-46.803,1.51));
#11938 = CIRCLE('',#11939,0.4445);
#11939 = AXIS2_PLACEMENT_3D('',#11940,#11941,#11942);
#11940 = CARTESIAN_POINT('',(95.89,-46.3585,1.51));
#11941 = DIRECTION('',(-0.,0.,-1.));
#11942 = DIRECTION('',(-0.,-1.,0.));
#11943 = FACE_BOUND('',#11944,.T.);
#11944 = EDGE_LOOP('',(#11945));
#11945 = ORIENTED_EDGE('',*,*,#11946,.T.);
#11946 = EDGE_CURVE('',#11947,#11947,#11949,.T.);
#11947 = VERTEX_POINT('',#11948);
#11948 = CARTESIAN_POINT('',(95.89,-44.263,1.51));
#11949 = CIRCLE('',#11950,0.4445);
#11950 = AXIS2_PLACEMENT_3D('',#11951,#11952,#11953);
#11951 = CARTESIAN_POINT('',(95.89,-43.8185,1.51));
#11952 = DIRECTION('',(-0.,0.,-1.));
#11953 = DIRECTION('',(-0.,-1.,0.));
#11954 = FACE_BOUND('',#11955,.T.);
#11955 = EDGE_LOOP('',(#11956));
#11956 = ORIENTED_EDGE('',*,*,#11957,.T.);
#11957 = EDGE_CURVE('',#11958,#11958,#11960,.T.);
#11958 = VERTEX_POINT('',#11959);
#11959 = CARTESIAN_POINT('',(95.89,-41.723,1.51));
#11960 = CIRCLE('',#11961,0.4445);
#11961 = AXIS2_PLACEMENT_3D('',#11962,#11963,#11964);
#11962 = CARTESIAN_POINT('',(95.89,-41.2785,1.51));
#11963 = DIRECTION('',(-0.,0.,-1.));
#11964 = DIRECTION('',(-0.,-1.,0.));
#11965 = FACE_BOUND('',#11966,.T.);
#11966 = EDGE_LOOP('',(#11967));
#11967 = ORIENTED_EDGE('',*,*,#11968,.T.);
#11968 = EDGE_CURVE('',#11969,#11969,#11971,.T.);
#11969 = VERTEX_POINT('',#11970);
#11970 = CARTESIAN_POINT('',(129.81,-38.22,1.51));
#11971 = CIRCLE('',#11972,1.6);
#11972 = AXIS2_PLACEMENT_3D('',#11973,#11974,#11975);
#11973 = CARTESIAN_POINT('',(129.81,-36.62,1.51));
#11974 = DIRECTION('',(-0.,0.,-1.));
#11975 = DIRECTION('',(-0.,-1.,0.));
#11976 = PLANE('',#11977);
#11977 = AXIS2_PLACEMENT_3D('',#11978,#11979,#11980);
#11978 = CARTESIAN_POINT('',(0.,0.,1.51));
#11979 = DIRECTION('',(0.,0.,1.));
#11980 = DIRECTION('',(1.,0.,-0.));
#11981 = ADVANCED_FACE('',(#11982),#11988,.T.);
#11982 = FACE_BOUND('',#11983,.T.);
#11983 = EDGE_LOOP('',(#11984,#11985,#11986,#11987));
#11984 = ORIENTED_EDGE('',*,*,#10873,.T.);
#11985 = ORIENTED_EDGE('',*,*,#11442,.T.);
#11986 = ORIENTED_EDGE('',*,*,#10833,.F.);
#11987 = ORIENTED_EDGE('',*,*,#10897,.F.);
#11988 = PLANE('',#11989);
#11989 = AXIS2_PLACEMENT_3D('',#11990,#11991,#11992);
#11990 = CARTESIAN_POINT('',(38.91,-31.21,0.));
#11991 = DIRECTION('',(0.,1.,0.));
#11992 = DIRECTION('',(1.,0.,0.));
#11993 = ADVANCED_FACE('',(#11994),#12005,.F.);
#11994 = FACE_BOUND('',#11995,.T.);
#11995 = EDGE_LOOP('',(#11996,#11997,#12003,#12004));
#11996 = ORIENTED_EDGE('',*,*,#10906,.T.);
#11997 = ORIENTED_EDGE('',*,*,#11998,.T.);
#11998 = EDGE_CURVE('',#10907,#11452,#11999,.T.);
#11999 = LINE('',#12000,#12001);
#12000 = CARTESIAN_POINT('',(44.11,-81.73,-4.6E-02));
#12001 = VECTOR('',#12002,1.);
#12002 = DIRECTION('',(0.,0.,1.));
#12003 = ORIENTED_EDGE('',*,*,#11451,.F.);
#12004 = ORIENTED_EDGE('',*,*,#11998,.F.);
#12005 = CYLINDRICAL_SURFACE('',#12006,1.6);
#12006 = AXIS2_PLACEMENT_3D('',#12007,#12008,#12009);
#12007 = CARTESIAN_POINT('',(44.11,-80.13,-4.6E-02));
#12008 = DIRECTION('',(-0.,-0.,-1.));
#12009 = DIRECTION('',(-0.,-1.,0.));
#12010 = ADVANCED_FACE('',(#12011),#12022,.F.);
#12011 = FACE_BOUND('',#12012,.T.);
#12012 = EDGE_LOOP('',(#12013,#12014,#12020,#12021));
#12013 = ORIENTED_EDGE('',*,*,#10917,.T.);
#12014 = ORIENTED_EDGE('',*,*,#12015,.T.);
#12015 = EDGE_CURVE('',#10918,#11463,#12016,.T.);
#12016 = LINE('',#12017,#12018);
#12017 = CARTESIAN_POINT('',(52.58,-69.67,-4.6E-02));
#12018 = VECTOR('',#12019,1.);
#12019 = DIRECTION('',(0.,0.,1.));
#12020 = ORIENTED_EDGE('',*,*,#11462,.F.);
#12021 = ORIENTED_EDGE('',*,*,#12015,.F.);
#12022 = CYLINDRICAL_SURFACE('',#12023,0.85);
#12023 = AXIS2_PLACEMENT_3D('',#12024,#12025,#12026);
#12024 = CARTESIAN_POINT('',(52.58,-68.82,-4.6E-02));
#12025 = DIRECTION('',(-0.,-0.,-1.));
#12026 = DIRECTION('',(-0.,-1.,0.));
#12027 = ADVANCED_FACE('',(#12028),#12039,.F.);
#12028 = FACE_BOUND('',#12029,.T.);
#12029 = EDGE_LOOP('',(#12030,#12031,#12037,#12038));
#12030 = ORIENTED_EDGE('',*,*,#10928,.T.);
#12031 = ORIENTED_EDGE('',*,*,#12032,.T.);
#12032 = EDGE_CURVE('',#10929,#11474,#12033,.T.);
#12033 = LINE('',#12034,#12035);
#12034 = CARTESIAN_POINT('',(57.66,-70.82,-4.6E-02));
#12035 = VECTOR('',#12036,1.);
#12036 = DIRECTION('',(0.,0.,1.));
#12037 = ORIENTED_EDGE('',*,*,#11473,.F.);
#12038 = ORIENTED_EDGE('',*,*,#12032,.F.);
#12039 = CYLINDRICAL_SURFACE('',#12040,2.);
#12040 = AXIS2_PLACEMENT_3D('',#12041,#12042,#12043);
#12041 = CARTESIAN_POINT('',(57.66,-68.82,-4.6E-02));
#12042 = DIRECTION('',(-0.,-0.,-1.));
#12043 = DIRECTION('',(-0.,-1.,0.));
#12044 = ADVANCED_FACE('',(#12045),#12056,.F.);
#12045 = FACE_BOUND('',#12046,.T.);
#12046 = EDGE_LOOP('',(#12047,#12048,#12054,#12055));
#12047 = ORIENTED_EDGE('',*,*,#10939,.T.);
#12048 = ORIENTED_EDGE('',*,*,#12049,.T.);
#12049 = EDGE_CURVE('',#10940,#11485,#12050,.T.);
#12050 = LINE('',#12051,#12052);
#12051 = CARTESIAN_POINT('',(62.74,-69.67,-4.6E-02));
#12052 = VECTOR('',#12053,1.);
#12053 = DIRECTION('',(0.,0.,1.));
#12054 = ORIENTED_EDGE('',*,*,#11484,.F.);
#12055 = ORIENTED_EDGE('',*,*,#12049,.F.);
#12056 = CYLINDRICAL_SURFACE('',#12057,0.85);
#12057 = AXIS2_PLACEMENT_3D('',#12058,#12059,#12060);
#12058 = CARTESIAN_POINT('',(62.74,-68.82,-4.6E-02));
#12059 = DIRECTION('',(-0.,-0.,-1.));
#12060 = DIRECTION('',(-0.,-1.,0.));
#12061 = ADVANCED_FACE('',(#12062),#12073,.F.);
#12062 = FACE_BOUND('',#12063,.T.);
#12063 = EDGE_LOOP('',(#12064,#12065,#12071,#12072));
#12064 = ORIENTED_EDGE('',*,*,#10950,.T.);
#12065 = ORIENTED_EDGE('',*,*,#12066,.T.);
#12066 = EDGE_CURVE('',#10951,#11496,#12067,.T.);
#12067 = LINE('',#12068,#12069);
#12068 = CARTESIAN_POINT('',(53.85,-67.03,-4.6E-02));
#12069 = VECTOR('',#12070,1.);
#12070 = DIRECTION('',(0.,0.,1.));
#12071 = ORIENTED_EDGE('',*,*,#11495,.F.);
#12072 = ORIENTED_EDGE('',*,*,#12066,.F.);
#12073 = CYLINDRICAL_SURFACE('',#12074,0.75);
#12074 = AXIS2_PLACEMENT_3D('',#12075,#12076,#12077);
#12075 = CARTESIAN_POINT('',(53.85,-66.28,-4.6E-02));
#12076 = DIRECTION('',(-0.,-0.,-1.));
#12077 = DIRECTION('',(-0.,-1.,0.));
#12078 = ADVANCED_FACE('',(#12079),#12090,.F.);
#12079 = FACE_BOUND('',#12080,.T.);
#12080 = EDGE_LOOP('',(#12081,#12082,#12088,#12089));
#12081 = ORIENTED_EDGE('',*,*,#10961,.T.);
#12082 = ORIENTED_EDGE('',*,*,#12083,.T.);
#12083 = EDGE_CURVE('',#10962,#11507,#12084,.T.);
#12084 = LINE('',#12085,#12086);
#12085 = CARTESIAN_POINT('',(60.2,-64.49,-4.6E-02));
#12086 = VECTOR('',#12087,1.);
#12087 = DIRECTION('',(0.,0.,1.));
#12088 = ORIENTED_EDGE('',*,*,#11506,.F.);
#12089 = ORIENTED_EDGE('',*,*,#12083,.F.);
#12090 = CYLINDRICAL_SURFACE('',#12091,0.75);
#12091 = AXIS2_PLACEMENT_3D('',#12092,#12093,#12094);
#12092 = CARTESIAN_POINT('',(60.2,-63.74,-4.6E-02));
#12093 = DIRECTION('',(-0.,-0.,-1.));
#12094 = DIRECTION('',(-0.,-1.,0.));
#12095 = ADVANCED_FACE('',(#12096),#12107,.F.);
#12096 = FACE_BOUND('',#12097,.T.);
#12097 = EDGE_LOOP('',(#12098,#12099,#12105,#12106));
#12098 = ORIENTED_EDGE('',*,*,#10972,.T.);
#12099 = ORIENTED_EDGE('',*,*,#12100,.T.);
#12100 = EDGE_CURVE('',#10973,#11518,#12101,.T.);
#12101 = LINE('',#12102,#12103);
#12102 = CARTESIAN_POINT('',(71.72,-69.67,-4.6E-02));
#12103 = VECTOR('',#12104,1.);
#12104 = DIRECTION('',(0.,0.,1.));
#12105 = ORIENTED_EDGE('',*,*,#11517,.F.);
#12106 = ORIENTED_EDGE('',*,*,#12100,.F.);
#12107 = CYLINDRICAL_SURFACE('',#12108,0.85);
#12108 = AXIS2_PLACEMENT_3D('',#12109,#12110,#12111);
#12109 = CARTESIAN_POINT('',(71.72,-68.82,-4.6E-02));
#12110 = DIRECTION('',(-0.,-0.,-1.));
#12111 = DIRECTION('',(-0.,-1.,0.));
#12112 = ADVANCED_FACE('',(#12113),#12124,.F.);
#12113 = FACE_BOUND('',#12114,.T.);
#12114 = EDGE_LOOP('',(#12115,#12116,#12122,#12123));
#12115 = ORIENTED_EDGE('',*,*,#10983,.T.);
#12116 = ORIENTED_EDGE('',*,*,#12117,.T.);
#12117 = EDGE_CURVE('',#10984,#11529,#12118,.T.);
#12118 = LINE('',#12119,#12120);
#12119 = CARTESIAN_POINT('',(72.99,-67.03,-4.6E-02));
#12120 = VECTOR('',#12121,1.);
#12121 = DIRECTION('',(0.,0.,1.));
#12122 = ORIENTED_EDGE('',*,*,#11528,.F.);
#12123 = ORIENTED_EDGE('',*,*,#12117,.F.);
#12124 = CYLINDRICAL_SURFACE('',#12125,0.75);
#12125 = AXIS2_PLACEMENT_3D('',#12126,#12127,#12128);
#12126 = CARTESIAN_POINT('',(72.99,-66.28,-4.6E-02));
#12127 = DIRECTION('',(-0.,-0.,-1.));
#12128 = DIRECTION('',(-0.,-1.,0.));
#12129 = ADVANCED_FACE('',(#12130),#12141,.F.);
#12130 = FACE_BOUND('',#12131,.T.);
#12131 = EDGE_LOOP('',(#12132,#12133,#12139,#12140));
#12132 = ORIENTED_EDGE('',*,*,#10994,.T.);
#12133 = ORIENTED_EDGE('',*,*,#12134,.T.);
#12134 = EDGE_CURVE('',#10995,#11540,#12135,.T.);
#12135 = LINE('',#12136,#12137);
#12136 = CARTESIAN_POINT('',(76.8,-70.82,-4.6E-02));
#12137 = VECTOR('',#12138,1.);
#12138 = DIRECTION('',(0.,0.,1.));
#12139 = ORIENTED_EDGE('',*,*,#11539,.F.);
#12140 = ORIENTED_EDGE('',*,*,#12134,.F.);
#12141 = CYLINDRICAL_SURFACE('',#12142,2.);
#12142 = AXIS2_PLACEMENT_3D('',#12143,#12144,#12145);
#12143 = CARTESIAN_POINT('',(76.8,-68.82,-4.6E-02));
#12144 = DIRECTION('',(-0.,-0.,-1.));
#12145 = DIRECTION('',(-0.,-1.,0.));
#12146 = ADVANCED_FACE('',(#12147),#12158,.F.);
#12147 = FACE_BOUND('',#12148,.T.);
#12148 = EDGE_LOOP('',(#12149,#12150,#12156,#12157));
#12149 = ORIENTED_EDGE('',*,*,#11005,.T.);
#12150 = ORIENTED_EDGE('',*,*,#12151,.T.);
#12151 = EDGE_CURVE('',#11006,#11551,#12152,.T.);
#12152 = LINE('',#12153,#12154);
#12153 = CARTESIAN_POINT('',(81.88,-69.67,-4.6E-02));
#12154 = VECTOR('',#12155,1.);
#12155 = DIRECTION('',(0.,0.,1.));
#12156 = ORIENTED_EDGE('',*,*,#11550,.F.);
#12157 = ORIENTED_EDGE('',*,*,#12151,.F.);
#12158 = CYLINDRICAL_SURFACE('',#12159,0.85);
#12159 = AXIS2_PLACEMENT_3D('',#12160,#12161,#12162);
#12160 = CARTESIAN_POINT('',(81.88,-68.82,-4.6E-02));
#12161 = DIRECTION('',(-0.,-0.,-1.));
#12162 = DIRECTION('',(-0.,-1.,0.));
#12163 = ADVANCED_FACE('',(#12164),#12175,.F.);
#12164 = FACE_BOUND('',#12165,.T.);
#12165 = EDGE_LOOP('',(#12166,#12167,#12173,#12174));
#12166 = ORIENTED_EDGE('',*,*,#11016,.T.);
#12167 = ORIENTED_EDGE('',*,*,#12168,.T.);
#12168 = EDGE_CURVE('',#11017,#11562,#12169,.T.);
#12169 = LINE('',#12170,#12171);
#12170 = CARTESIAN_POINT('',(79.34,-64.49,-4.6E-02));
#12171 = VECTOR('',#12172,1.);
#12172 = DIRECTION('',(0.,0.,1.));
#12173 = ORIENTED_EDGE('',*,*,#11561,.F.);
#12174 = ORIENTED_EDGE('',*,*,#12168,.F.);
#12175 = CYLINDRICAL_SURFACE('',#12176,0.75);
#12176 = AXIS2_PLACEMENT_3D('',#12177,#12178,#12179);
#12177 = CARTESIAN_POINT('',(79.34,-63.74,-4.6E-02));
#12178 = DIRECTION('',(-0.,-0.,-1.));
#12179 = DIRECTION('',(-0.,-1.,0.));
#12180 = ADVANCED_FACE('',(#12181),#12192,.F.);
#12181 = FACE_BOUND('',#12182,.T.);
#12182 = EDGE_LOOP('',(#12183,#12184,#12190,#12191));
#12183 = ORIENTED_EDGE('',*,*,#11027,.T.);
#12184 = ORIENTED_EDGE('',*,*,#12185,.T.);
#12185 = EDGE_CURVE('',#11028,#11573,#12186,.T.);
#12186 = LINE('',#12187,#12188);
#12187 = CARTESIAN_POINT('',(130.13,-81.4,-4.6E-02));
#12188 = VECTOR('',#12189,1.);
#12189 = DIRECTION('',(0.,0.,1.));
#12190 = ORIENTED_EDGE('',*,*,#11572,.F.);
#12191 = ORIENTED_EDGE('',*,*,#12185,.F.);
#12192 = CYLINDRICAL_SURFACE('',#12193,1.6);
#12193 = AXIS2_PLACEMENT_3D('',#12194,#12195,#12196);
#12194 = CARTESIAN_POINT('',(130.13,-79.8,-4.6E-02));
#12195 = DIRECTION('',(-0.,-0.,-1.));
#12196 = DIRECTION('',(-0.,-1.,0.));
#12197 = ADVANCED_FACE('',(#12198),#12209,.F.);
#12198 = FACE_BOUND('',#12199,.T.);
#12199 = EDGE_LOOP('',(#12200,#12201,#12207,#12208));
#12200 = ORIENTED_EDGE('',*,*,#11038,.T.);
#12201 = ORIENTED_EDGE('',*,*,#12202,.T.);
#12202 = EDGE_CURVE('',#11039,#11584,#12203,.T.);
#12203 = LINE('',#12204,#12205);
#12204 = CARTESIAN_POINT('',(90.85,-69.67,-4.6E-02));
#12205 = VECTOR('',#12206,1.);
#12206 = DIRECTION('',(0.,0.,1.));
#12207 = ORIENTED_EDGE('',*,*,#11583,.F.);
#12208 = ORIENTED_EDGE('',*,*,#12202,.F.);
#12209 = CYLINDRICAL_SURFACE('',#12210,0.85);
#12210 = AXIS2_PLACEMENT_3D('',#12211,#12212,#12213);
#12211 = CARTESIAN_POINT('',(90.85,-68.82,-4.6E-02));
#12212 = DIRECTION('',(-0.,-0.,-1.));
#12213 = DIRECTION('',(-0.,-1.,0.));
#12214 = ADVANCED_FACE('',(#12215),#12226,.F.);
#12215 = FACE_BOUND('',#12216,.T.);
#12216 = EDGE_LOOP('',(#12217,#12218,#12224,#12225));
#12217 = ORIENTED_EDGE('',*,*,#11049,.T.);
#12218 = ORIENTED_EDGE('',*,*,#12219,.T.);
#12219 = EDGE_CURVE('',#11050,#11595,#12220,.T.);
#12220 = LINE('',#12221,#12222);
#12221 = CARTESIAN_POINT('',(95.93,-70.82,-4.6E-02));
#12222 = VECTOR('',#12223,1.);
#12223 = DIRECTION('',(0.,0.,1.));
#12224 = ORIENTED_EDGE('',*,*,#11594,.F.);
#12225 = ORIENTED_EDGE('',*,*,#12219,.F.);
#12226 = CYLINDRICAL_SURFACE('',#12227,2.);
#12227 = AXIS2_PLACEMENT_3D('',#12228,#12229,#12230);
#12228 = CARTESIAN_POINT('',(95.93,-68.82,-4.6E-02));
#12229 = DIRECTION('',(-0.,-0.,-1.));
#12230 = DIRECTION('',(-0.,-1.,0.));
#12231 = ADVANCED_FACE('',(#12232),#12243,.F.);
#12232 = FACE_BOUND('',#12233,.T.);
#12233 = EDGE_LOOP('',(#12234,#12235,#12241,#12242));
#12234 = ORIENTED_EDGE('',*,*,#11060,.T.);
#12235 = ORIENTED_EDGE('',*,*,#12236,.T.);
#12236 = EDGE_CURVE('',#11061,#11606,#12237,.T.);
#12237 = LINE('',#12238,#12239);
#12238 = CARTESIAN_POINT('',(92.12,-67.03,-4.6E-02));
#12239 = VECTOR('',#12240,1.);
#12240 = DIRECTION('',(0.,0.,1.));
#12241 = ORIENTED_EDGE('',*,*,#11605,.F.);
#12242 = ORIENTED_EDGE('',*,*,#12236,.F.);
#12243 = CYLINDRICAL_SURFACE('',#12244,0.75);
#12244 = AXIS2_PLACEMENT_3D('',#12245,#12246,#12247);
#12245 = CARTESIAN_POINT('',(92.12,-66.28,-4.6E-02));
#12246 = DIRECTION('',(-0.,-0.,-1.));
#12247 = DIRECTION('',(-0.,-1.,0.));
#12248 = ADVANCED_FACE('',(#12249),#12260,.F.);
#12249 = FACE_BOUND('',#12250,.T.);
#12250 = EDGE_LOOP('',(#12251,#12252,#12258,#12259));
#12251 = ORIENTED_EDGE('',*,*,#11071,.T.);
#12252 = ORIENTED_EDGE('',*,*,#12253,.T.);
#12253 = EDGE_CURVE('',#11072,#11617,#12254,.T.);
#12254 = LINE('',#12255,#12256);
#12255 = CARTESIAN_POINT('',(101.01,-69.67,-4.6E-02));
#12256 = VECTOR('',#12257,1.);
#12257 = DIRECTION('',(0.,0.,1.));
#12258 = ORIENTED_EDGE('',*,*,#11616,.F.);
#12259 = ORIENTED_EDGE('',*,*,#12253,.F.);
#12260 = CYLINDRICAL_SURFACE('',#12261,0.85);
#12261 = AXIS2_PLACEMENT_3D('',#12262,#12263,#12264);
#12262 = CARTESIAN_POINT('',(101.01,-68.82,-4.6E-02));
#12263 = DIRECTION('',(-0.,0.,-1.));
#12264 = DIRECTION('',(1.671865260612E-14,-1.,-0.));
#12265 = ADVANCED_FACE('',(#12266),#12277,.F.);
#12266 = FACE_BOUND('',#12267,.T.);
#12267 = EDGE_LOOP('',(#12268,#12269,#12275,#12276));
#12268 = ORIENTED_EDGE('',*,*,#11082,.T.);
#12269 = ORIENTED_EDGE('',*,*,#12270,.T.);
#12270 = EDGE_CURVE('',#11083,#11628,#12271,.T.);
#12271 = LINE('',#12272,#12273);
#12272 = CARTESIAN_POINT('',(98.47,-64.49,-4.6E-02));
#12273 = VECTOR('',#12274,1.);
#12274 = DIRECTION('',(0.,0.,1.));
#12275 = ORIENTED_EDGE('',*,*,#11627,.F.);
#12276 = ORIENTED_EDGE('',*,*,#12270,.F.);
#12277 = CYLINDRICAL_SURFACE('',#12278,0.75);
#12278 = AXIS2_PLACEMENT_3D('',#12279,#12280,#12281);
#12279 = CARTESIAN_POINT('',(98.47,-63.74,-4.6E-02));
#12280 = DIRECTION('',(-0.,-0.,-1.));
#12281 = DIRECTION('',(-0.,-1.,0.));
#12282 = ADVANCED_FACE('',(#12283),#12294,.F.);
#12283 = FACE_BOUND('',#12284,.T.);
#12284 = EDGE_LOOP('',(#12285,#12286,#12292,#12293));
#12285 = ORIENTED_EDGE('',*,*,#11093,.T.);
#12286 = ORIENTED_EDGE('',*,*,#12287,.T.);
#12287 = EDGE_CURVE('',#11094,#11639,#12288,.T.);
#12288 = LINE('',#12289,#12290);
#12289 = CARTESIAN_POINT('',(109.98,-69.67,-4.6E-02));
#12290 = VECTOR('',#12291,1.);
#12291 = DIRECTION('',(0.,0.,1.));
#12292 = ORIENTED_EDGE('',*,*,#11638,.F.);
#12293 = ORIENTED_EDGE('',*,*,#12287,.F.);
#12294 = CYLINDRICAL_SURFACE('',#12295,0.85);
#12295 = AXIS2_PLACEMENT_3D('',#12296,#12297,#12298);
#12296 = CARTESIAN_POINT('',(109.98,-68.82,-4.6E-02));
#12297 = DIRECTION('',(-0.,0.,-1.));
#12298 = DIRECTION('',(1.671865260612E-14,-1.,-0.));
#12299 = ADVANCED_FACE('',(#12300),#12311,.F.);
#12300 = FACE_BOUND('',#12301,.T.);
#12301 = EDGE_LOOP('',(#12302,#12303,#12309,#12310));
#12302 = ORIENTED_EDGE('',*,*,#11104,.T.);
#12303 = ORIENTED_EDGE('',*,*,#12304,.T.);
#12304 = EDGE_CURVE('',#11105,#11650,#12305,.T.);
#12305 = LINE('',#12306,#12307);
#12306 = CARTESIAN_POINT('',(115.06,-70.82,-4.6E-02));
#12307 = VECTOR('',#12308,1.);
#12308 = DIRECTION('',(0.,0.,1.));
#12309 = ORIENTED_EDGE('',*,*,#11649,.F.);
#12310 = ORIENTED_EDGE('',*,*,#12304,.F.);
#12311 = CYLINDRICAL_SURFACE('',#12312,2.);
#12312 = AXIS2_PLACEMENT_3D('',#12313,#12314,#12315);
#12313 = CARTESIAN_POINT('',(115.06,-68.82,-4.6E-02));
#12314 = DIRECTION('',(-0.,-0.,-1.));
#12315 = DIRECTION('',(-0.,-1.,0.));
#12316 = ADVANCED_FACE('',(#12317),#12328,.F.);
#12317 = FACE_BOUND('',#12318,.T.);
#12318 = EDGE_LOOP('',(#12319,#12320,#12326,#12327));
#12319 = ORIENTED_EDGE('',*,*,#11115,.T.);
#12320 = ORIENTED_EDGE('',*,*,#12321,.T.);
#12321 = EDGE_CURVE('',#11116,#11661,#12322,.T.);
#12322 = LINE('',#12323,#12324);
#12323 = CARTESIAN_POINT('',(120.14,-69.67,-4.6E-02));
#12324 = VECTOR('',#12325,1.);
#12325 = DIRECTION('',(0.,0.,1.));
#12326 = ORIENTED_EDGE('',*,*,#11660,.F.);
#12327 = ORIENTED_EDGE('',*,*,#12321,.F.);
#12328 = CYLINDRICAL_SURFACE('',#12329,0.85);
#12329 = AXIS2_PLACEMENT_3D('',#12330,#12331,#12332);
#12330 = CARTESIAN_POINT('',(120.14,-68.82,-4.6E-02));
#12331 = DIRECTION('',(-0.,-0.,-1.));
#12332 = DIRECTION('',(-0.,-1.,0.));
#12333 = ADVANCED_FACE('',(#12334),#12345,.F.);
#12334 = FACE_BOUND('',#12335,.T.);
#12335 = EDGE_LOOP('',(#12336,#12337,#12343,#12344));
#12336 = ORIENTED_EDGE('',*,*,#11126,.T.);
#12337 = ORIENTED_EDGE('',*,*,#12338,.T.);
#12338 = EDGE_CURVE('',#11127,#11672,#12339,.T.);
#12339 = LINE('',#12340,#12341);
#12340 = CARTESIAN_POINT('',(111.25,-67.03,-4.6E-02));
#12341 = VECTOR('',#12342,1.);
#12342 = DIRECTION('',(0.,0.,1.));
#12343 = ORIENTED_EDGE('',*,*,#11671,.F.);
#12344 = ORIENTED_EDGE('',*,*,#12338,.F.);
#12345 = CYLINDRICAL_SURFACE('',#12346,0.75);
#12346 = AXIS2_PLACEMENT_3D('',#12347,#12348,#12349);
#12347 = CARTESIAN_POINT('',(111.25,-66.28,-4.6E-02));
#12348 = DIRECTION('',(-0.,-0.,-1.));
#12349 = DIRECTION('',(-0.,-1.,0.));
#12350 = ADVANCED_FACE('',(#12351),#12362,.F.);
#12351 = FACE_BOUND('',#12352,.T.);
#12352 = EDGE_LOOP('',(#12353,#12354,#12360,#12361));
#12353 = ORIENTED_EDGE('',*,*,#11137,.T.);
#12354 = ORIENTED_EDGE('',*,*,#12355,.T.);
#12355 = EDGE_CURVE('',#11138,#11683,#12356,.T.);
#12356 = LINE('',#12357,#12358);
#12357 = CARTESIAN_POINT('',(117.6,-64.49,-4.6E-02));
#12358 = VECTOR('',#12359,1.);
#12359 = DIRECTION('',(0.,0.,1.));
#12360 = ORIENTED_EDGE('',*,*,#11682,.F.);
#12361 = ORIENTED_EDGE('',*,*,#12355,.F.);
#12362 = CYLINDRICAL_SURFACE('',#12363,0.75);
#12363 = AXIS2_PLACEMENT_3D('',#12364,#12365,#12366);
#12364 = CARTESIAN_POINT('',(117.6,-63.74,-4.6E-02));
#12365 = DIRECTION('',(-0.,-0.,-1.));
#12366 = DIRECTION('',(-0.,-1.,0.));
#12367 = ADVANCED_FACE('',(#12368),#12379,.F.);
#12368 = FACE_BOUND('',#12369,.T.);
#12369 = EDGE_LOOP('',(#12370,#12371,#12377,#12378));
#12370 = ORIENTED_EDGE('',*,*,#11148,.T.);
#12371 = ORIENTED_EDGE('',*,*,#12372,.T.);
#12372 = EDGE_CURVE('',#11149,#11694,#12373,.T.);
#12373 = LINE('',#12374,#12375);
#12374 = CARTESIAN_POINT('',(53.63,-54.56,-4.6E-02));
#12375 = VECTOR('',#12376,1.);
#12376 = DIRECTION('',(0.,0.,1.));
#12377 = ORIENTED_EDGE('',*,*,#11693,.F.);
#12378 = ORIENTED_EDGE('',*,*,#12372,.F.);
#12379 = CYLINDRICAL_SURFACE('',#12380,0.5);
#12380 = AXIS2_PLACEMENT_3D('',#12381,#12382,#12383);
#12381 = CARTESIAN_POINT('',(53.63,-54.06,-4.6E-02));
#12382 = DIRECTION('',(-0.,-0.,-1.));
#12383 = DIRECTION('',(-0.,-1.,0.));
#12384 = ADVANCED_FACE('',(#12385),#12396,.F.);
#12385 = FACE_BOUND('',#12386,.T.);
#12386 = EDGE_LOOP('',(#12387,#12388,#12394,#12395));
#12387 = ORIENTED_EDGE('',*,*,#11159,.T.);
#12388 = ORIENTED_EDGE('',*,*,#12389,.T.);
#12389 = EDGE_CURVE('',#11160,#11705,#12390,.T.);
#12390 = LINE('',#12391,#12392);
#12391 = CARTESIAN_POINT('',(56.17,-54.56,-4.6E-02));
#12392 = VECTOR('',#12393,1.);
#12393 = DIRECTION('',(0.,0.,1.));
#12394 = ORIENTED_EDGE('',*,*,#11704,.F.);
#12395 = ORIENTED_EDGE('',*,*,#12389,.F.);
#12396 = CYLINDRICAL_SURFACE('',#12397,0.5);
#12397 = AXIS2_PLACEMENT_3D('',#12398,#12399,#12400);
#12398 = CARTESIAN_POINT('',(56.17,-54.06,-4.6E-02));
#12399 = DIRECTION('',(-0.,-0.,-1.));
#12400 = DIRECTION('',(-0.,-1.,0.));
#12401 = ADVANCED_FACE('',(#12402),#12413,.F.);
#12402 = FACE_BOUND('',#12403,.T.);
#12403 = EDGE_LOOP('',(#12404,#12405,#12411,#12412));
#12404 = ORIENTED_EDGE('',*,*,#11170,.T.);
#12405 = ORIENTED_EDGE('',*,*,#12406,.T.);
#12406 = EDGE_CURVE('',#11171,#11716,#12407,.T.);
#12407 = LINE('',#12408,#12409);
#12408 = CARTESIAN_POINT('',(58.71,-54.56,-4.6E-02));
#12409 = VECTOR('',#12410,1.);
#12410 = DIRECTION('',(0.,0.,1.));
#12411 = ORIENTED_EDGE('',*,*,#11715,.F.);
#12412 = ORIENTED_EDGE('',*,*,#12406,.F.);
#12413 = CYLINDRICAL_SURFACE('',#12414,0.5);
#12414 = AXIS2_PLACEMENT_3D('',#12415,#12416,#12417);
#12415 = CARTESIAN_POINT('',(58.71,-54.06,-4.6E-02));
#12416 = DIRECTION('',(-0.,-0.,-1.));
#12417 = DIRECTION('',(-0.,-1.,0.));
#12418 = ADVANCED_FACE('',(#12419),#12430,.F.);
#12419 = FACE_BOUND('',#12420,.T.);
#12420 = EDGE_LOOP('',(#12421,#12422,#12428,#12429));
#12421 = ORIENTED_EDGE('',*,*,#11181,.T.);
#12422 = ORIENTED_EDGE('',*,*,#12423,.T.);
#12423 = EDGE_CURVE('',#11182,#11727,#12424,.T.);
#12424 = LINE('',#12425,#12426);
#12425 = CARTESIAN_POINT('',(61.25,-54.56,-4.6E-02));
#12426 = VECTOR('',#12427,1.);
#12427 = DIRECTION('',(0.,0.,1.));
#12428 = ORIENTED_EDGE('',*,*,#11726,.F.);
#12429 = ORIENTED_EDGE('',*,*,#12423,.F.);
#12430 = CYLINDRICAL_SURFACE('',#12431,0.5);
#12431 = AXIS2_PLACEMENT_3D('',#12432,#12433,#12434);
#12432 = CARTESIAN_POINT('',(61.25,-54.06,-4.6E-02));
#12433 = DIRECTION('',(-0.,-0.,-1.));
#12434 = DIRECTION('',(-0.,-1.,0.));
#12435 = ADVANCED_FACE('',(#12436),#12447,.F.);
#12436 = FACE_BOUND('',#12437,.T.);
#12437 = EDGE_LOOP('',(#12438,#12439,#12445,#12446));
#12438 = ORIENTED_EDGE('',*,*,#11192,.T.);
#12439 = ORIENTED_EDGE('',*,*,#12440,.T.);
#12440 = EDGE_CURVE('',#11193,#11738,#12441,.T.);
#12441 = LINE('',#12442,#12443);
#12442 = CARTESIAN_POINT('',(63.79,-54.56,-4.6E-02));
#12443 = VECTOR('',#12444,1.);
#12444 = DIRECTION('',(0.,0.,1.));
#12445 = ORIENTED_EDGE('',*,*,#11737,.F.);
#12446 = ORIENTED_EDGE('',*,*,#12440,.F.);
#12447 = CYLINDRICAL_SURFACE('',#12448,0.5);
#12448 = AXIS2_PLACEMENT_3D('',#12449,#12450,#12451);
#12449 = CARTESIAN_POINT('',(63.79,-54.06,-4.6E-02));
#12450 = DIRECTION('',(-0.,-0.,-1.));
#12451 = DIRECTION('',(-1.42108547152E-14,-1.,0.));
#12452 = ADVANCED_FACE('',(#12453),#12464,.F.);
#12453 = FACE_BOUND('',#12454,.T.);
#12454 = EDGE_LOOP('',(#12455,#12456,#12462,#12463));
#12455 = ORIENTED_EDGE('',*,*,#11203,.T.);
#12456 = ORIENTED_EDGE('',*,*,#12457,.T.);
#12457 = EDGE_CURVE('',#11204,#11749,#12458,.T.);
#12458 = LINE('',#12459,#12460);
#12459 = CARTESIAN_POINT('',(66.33,-54.56,-4.6E-02));
#12460 = VECTOR('',#12461,1.);
#12461 = DIRECTION('',(0.,0.,1.));
#12462 = ORIENTED_EDGE('',*,*,#11748,.F.);
#12463 = ORIENTED_EDGE('',*,*,#12457,.F.);
#12464 = CYLINDRICAL_SURFACE('',#12465,0.5);
#12465 = AXIS2_PLACEMENT_3D('',#12466,#12467,#12468);
#12466 = CARTESIAN_POINT('',(66.33,-54.06,-4.6E-02));
#12467 = DIRECTION('',(-0.,-0.,-1.));
#12468 = DIRECTION('',(-0.,-1.,0.));
#12469 = ADVANCED_FACE('',(#12470),#12481,.F.);
#12470 = FACE_BOUND('',#12471,.T.);
#12471 = EDGE_LOOP('',(#12472,#12473,#12479,#12480));
#12472 = ORIENTED_EDGE('',*,*,#11214,.T.);
#12473 = ORIENTED_EDGE('',*,*,#12474,.T.);
#12474 = EDGE_CURVE('',#11215,#11760,#12475,.T.);
#12475 = LINE('',#12476,#12477);
#12476 = CARTESIAN_POINT('',(68.87,-54.56,-4.6E-02));
#12477 = VECTOR('',#12478,1.);
#12478 = DIRECTION('',(0.,0.,1.));
#12479 = ORIENTED_EDGE('',*,*,#11759,.F.);
#12480 = ORIENTED_EDGE('',*,*,#12474,.F.);
#12481 = CYLINDRICAL_SURFACE('',#12482,0.5);
#12482 = AXIS2_PLACEMENT_3D('',#12483,#12484,#12485);
#12483 = CARTESIAN_POINT('',(68.87,-54.06,-4.6E-02));
#12484 = DIRECTION('',(-0.,-0.,-1.));
#12485 = DIRECTION('',(-0.,-1.,0.));
#12486 = ADVANCED_FACE('',(#12487),#12498,.F.);
#12487 = FACE_BOUND('',#12488,.T.);
#12488 = EDGE_LOOP('',(#12489,#12490,#12496,#12497));
#12489 = ORIENTED_EDGE('',*,*,#11225,.T.);
#12490 = ORIENTED_EDGE('',*,*,#12491,.T.);
#12491 = EDGE_CURVE('',#11226,#11771,#12492,.T.);
#12492 = LINE('',#12493,#12494);
#12493 = CARTESIAN_POINT('',(71.41,-54.56,-4.6E-02));
#12494 = VECTOR('',#12495,1.);
#12495 = DIRECTION('',(0.,0.,1.));
#12496 = ORIENTED_EDGE('',*,*,#11770,.F.);
#12497 = ORIENTED_EDGE('',*,*,#12491,.F.);
#12498 = CYLINDRICAL_SURFACE('',#12499,0.5);
#12499 = AXIS2_PLACEMENT_3D('',#12500,#12501,#12502);
#12500 = CARTESIAN_POINT('',(71.41,-54.06,-4.6E-02));
#12501 = DIRECTION('',(-0.,-0.,-1.));
#12502 = DIRECTION('',(-0.,-1.,0.));
#12503 = ADVANCED_FACE('',(#12504),#12515,.F.);
#12504 = FACE_BOUND('',#12505,.T.);
#12505 = EDGE_LOOP('',(#12506,#12507,#12513,#12514));
#12506 = ORIENTED_EDGE('',*,*,#11236,.T.);
#12507 = ORIENTED_EDGE('',*,*,#12508,.T.);
#12508 = EDGE_CURVE('',#11237,#11782,#12509,.T.);
#12509 = LINE('',#12510,#12511);
#12510 = CARTESIAN_POINT('',(80.65,-56.963,-4.6E-02));
#12511 = VECTOR('',#12512,1.);
#12512 = DIRECTION('',(0.,0.,1.));
#12513 = ORIENTED_EDGE('',*,*,#11781,.F.);
#12514 = ORIENTED_EDGE('',*,*,#12508,.F.);
#12515 = CYLINDRICAL_SURFACE('',#12516,0.4445);
#12516 = AXIS2_PLACEMENT_3D('',#12517,#12518,#12519);
#12517 = CARTESIAN_POINT('',(80.65,-56.5185,-4.6E-02));
#12518 = DIRECTION('',(-0.,-0.,-1.));
#12519 = DIRECTION('',(-0.,-1.,0.));
#12520 = ADVANCED_FACE('',(#12521),#12532,.F.);
#12521 = FACE_BOUND('',#12522,.T.);
#12522 = EDGE_LOOP('',(#12523,#12524,#12530,#12531));
#12523 = ORIENTED_EDGE('',*,*,#11247,.T.);
#12524 = ORIENTED_EDGE('',*,*,#12525,.T.);
#12525 = EDGE_CURVE('',#11248,#11793,#12526,.T.);
#12526 = LINE('',#12527,#12528);
#12527 = CARTESIAN_POINT('',(80.65,-54.423,-4.6E-02));
#12528 = VECTOR('',#12529,1.);
#12529 = DIRECTION('',(0.,0.,1.));
#12530 = ORIENTED_EDGE('',*,*,#11792,.F.);
#12531 = ORIENTED_EDGE('',*,*,#12525,.F.);
#12532 = CYLINDRICAL_SURFACE('',#12533,0.4445);
#12533 = AXIS2_PLACEMENT_3D('',#12534,#12535,#12536);
#12534 = CARTESIAN_POINT('',(80.65,-53.9785,-4.6E-02));
#12535 = DIRECTION('',(-0.,-0.,-1.));
#12536 = DIRECTION('',(-0.,-1.,0.));
#12537 = ADVANCED_FACE('',(#12538),#12549,.F.);
#12538 = FACE_BOUND('',#12539,.T.);
#12539 = EDGE_LOOP('',(#12540,#12541,#12547,#12548));
#12540 = ORIENTED_EDGE('',*,*,#11258,.T.);
#12541 = ORIENTED_EDGE('',*,*,#12542,.T.);
#12542 = EDGE_CURVE('',#11259,#11804,#12543,.T.);
#12543 = LINE('',#12544,#12545);
#12544 = CARTESIAN_POINT('',(80.65,-51.883,-4.6E-02));
#12545 = VECTOR('',#12546,1.);
#12546 = DIRECTION('',(0.,0.,1.));
#12547 = ORIENTED_EDGE('',*,*,#11803,.F.);
#12548 = ORIENTED_EDGE('',*,*,#12542,.F.);
#12549 = CYLINDRICAL_SURFACE('',#12550,0.4445);
#12550 = AXIS2_PLACEMENT_3D('',#12551,#12552,#12553);
#12551 = CARTESIAN_POINT('',(80.65,-51.4385,-4.6E-02));
#12552 = DIRECTION('',(-0.,-0.,-1.));
#12553 = DIRECTION('',(-0.,-1.,0.));
#12554 = ADVANCED_FACE('',(#12555),#12566,.F.);
#12555 = FACE_BOUND('',#12556,.T.);
#12556 = EDGE_LOOP('',(#12557,#12558,#12564,#12565));
#12557 = ORIENTED_EDGE('',*,*,#11269,.T.);
#12558 = ORIENTED_EDGE('',*,*,#12559,.T.);
#12559 = EDGE_CURVE('',#11270,#11815,#12560,.T.);
#12560 = LINE('',#12561,#12562);
#12561 = CARTESIAN_POINT('',(80.65,-49.343,-4.6E-02));
#12562 = VECTOR('',#12563,1.);
#12563 = DIRECTION('',(0.,0.,1.));
#12564 = ORIENTED_EDGE('',*,*,#11814,.F.);
#12565 = ORIENTED_EDGE('',*,*,#12559,.F.);
#12566 = CYLINDRICAL_SURFACE('',#12567,0.4445);
#12567 = AXIS2_PLACEMENT_3D('',#12568,#12569,#12570);
#12568 = CARTESIAN_POINT('',(80.65,-48.8985,-4.6E-02));
#12569 = DIRECTION('',(-0.,-0.,-1.));
#12570 = DIRECTION('',(-0.,-1.,0.));
#12571 = ADVANCED_FACE('',(#12572),#12583,.F.);
#12572 = FACE_BOUND('',#12573,.T.);
#12573 = EDGE_LOOP('',(#12574,#12575,#12581,#12582));
#12574 = ORIENTED_EDGE('',*,*,#11280,.T.);
#12575 = ORIENTED_EDGE('',*,*,#12576,.T.);
#12576 = EDGE_CURVE('',#11281,#11826,#12577,.T.);
#12577 = LINE('',#12578,#12579);
#12578 = CARTESIAN_POINT('',(43.94,-37.98,-4.6E-02));
#12579 = VECTOR('',#12580,1.);
#12580 = DIRECTION('',(0.,0.,1.));
#12581 = ORIENTED_EDGE('',*,*,#11825,.F.);
#12582 = ORIENTED_EDGE('',*,*,#12576,.F.);
#12583 = CYLINDRICAL_SURFACE('',#12584,1.6);
#12584 = AXIS2_PLACEMENT_3D('',#12585,#12586,#12587);
#12585 = CARTESIAN_POINT('',(43.94,-36.38,-4.6E-02));
#12586 = DIRECTION('',(-0.,-0.,-1.));
#12587 = DIRECTION('',(-0.,-1.,0.));
#12588 = ADVANCED_FACE('',(#12589),#12600,.F.);
#12589 = FACE_BOUND('',#12590,.T.);
#12590 = EDGE_LOOP('',(#12591,#12592,#12598,#12599));
#12591 = ORIENTED_EDGE('',*,*,#11291,.T.);
#12592 = ORIENTED_EDGE('',*,*,#12593,.T.);
#12593 = EDGE_CURVE('',#11292,#11837,#12594,.T.);
#12594 = LINE('',#12595,#12596);
#12595 = CARTESIAN_POINT('',(80.65,-46.803,-4.6E-02));
#12596 = VECTOR('',#12597,1.);
#12597 = DIRECTION('',(0.,0.,1.));
#12598 = ORIENTED_EDGE('',*,*,#11836,.F.);
#12599 = ORIENTED_EDGE('',*,*,#12593,.F.);
#12600 = CYLINDRICAL_SURFACE('',#12601,0.4445);
#12601 = AXIS2_PLACEMENT_3D('',#12602,#12603,#12604);
#12602 = CARTESIAN_POINT('',(80.65,-46.3585,-4.6E-02));
#12603 = DIRECTION('',(-0.,-0.,-1.));
#12604 = DIRECTION('',(-0.,-1.,0.));
#12605 = ADVANCED_FACE('',(#12606),#12617,.F.);
#12606 = FACE_BOUND('',#12607,.T.);
#12607 = EDGE_LOOP('',(#12608,#12609,#12615,#12616));
#12608 = ORIENTED_EDGE('',*,*,#11302,.T.);
#12609 = ORIENTED_EDGE('',*,*,#12610,.T.);
#12610 = EDGE_CURVE('',#11303,#11848,#12611,.T.);
#12611 = LINE('',#12612,#12613);
#12612 = CARTESIAN_POINT('',(80.65,-44.263,-4.6E-02));
#12613 = VECTOR('',#12614,1.);
#12614 = DIRECTION('',(0.,0.,1.));
#12615 = ORIENTED_EDGE('',*,*,#11847,.F.);
#12616 = ORIENTED_EDGE('',*,*,#12610,.F.);
#12617 = CYLINDRICAL_SURFACE('',#12618,0.4445);
#12618 = AXIS2_PLACEMENT_3D('',#12619,#12620,#12621);
#12619 = CARTESIAN_POINT('',(80.65,-43.8185,-4.6E-02));
#12620 = DIRECTION('',(-0.,-0.,-1.));
#12621 = DIRECTION('',(-0.,-1.,0.));
#12622 = ADVANCED_FACE('',(#12623),#12634,.F.);
#12623 = FACE_BOUND('',#12624,.T.);
#12624 = EDGE_LOOP('',(#12625,#12626,#12632,#12633));
#12625 = ORIENTED_EDGE('',*,*,#11313,.T.);
#12626 = ORIENTED_EDGE('',*,*,#12627,.T.);
#12627 = EDGE_CURVE('',#11314,#11859,#12628,.T.);
#12628 = LINE('',#12629,#12630);
#12629 = CARTESIAN_POINT('',(80.65,-41.723,-4.6E-02));
#12630 = VECTOR('',#12631,1.);
#12631 = DIRECTION('',(0.,0.,1.));
#12632 = ORIENTED_EDGE('',*,*,#11858,.F.);
#12633 = ORIENTED_EDGE('',*,*,#12627,.F.);
#12634 = CYLINDRICAL_SURFACE('',#12635,0.4445);
#12635 = AXIS2_PLACEMENT_3D('',#12636,#12637,#12638);
#12636 = CARTESIAN_POINT('',(80.65,-41.2785,-4.6E-02));
#12637 = DIRECTION('',(-0.,-0.,-1.));
#12638 = DIRECTION('',(-0.,-1.,0.));
#12639 = ADVANCED_FACE('',(#12640),#12651,.F.);
#12640 = FACE_BOUND('',#12641,.T.);
#12641 = EDGE_LOOP('',(#12642,#12643,#12649,#12650));
#12642 = ORIENTED_EDGE('',*,*,#11324,.T.);
#12643 = ORIENTED_EDGE('',*,*,#12644,.T.);
#12644 = EDGE_CURVE('',#11325,#11870,#12645,.T.);
#12645 = LINE('',#12646,#12647);
#12646 = CARTESIAN_POINT('',(95.89,-56.963,-4.6E-02));
#12647 = VECTOR('',#12648,1.);
#12648 = DIRECTION('',(0.,0.,1.));
#12649 = ORIENTED_EDGE('',*,*,#11869,.F.);
#12650 = ORIENTED_EDGE('',*,*,#12644,.F.);
#12651 = CYLINDRICAL_SURFACE('',#12652,0.4445);
#12652 = AXIS2_PLACEMENT_3D('',#12653,#12654,#12655);
#12653 = CARTESIAN_POINT('',(95.89,-56.5185,-4.6E-02));
#12654 = DIRECTION('',(-0.,-0.,-1.));
#12655 = DIRECTION('',(-0.,-1.,0.));
#12656 = ADVANCED_FACE('',(#12657),#12668,.F.);
#12657 = FACE_BOUND('',#12658,.T.);
#12658 = EDGE_LOOP('',(#12659,#12660,#12666,#12667));
#12659 = ORIENTED_EDGE('',*,*,#11335,.T.);
#12660 = ORIENTED_EDGE('',*,*,#12661,.T.);
#12661 = EDGE_CURVE('',#11336,#11881,#12662,.T.);
#12662 = LINE('',#12663,#12664);
#12663 = CARTESIAN_POINT('',(95.89,-54.423,-4.6E-02));
#12664 = VECTOR('',#12665,1.);
#12665 = DIRECTION('',(0.,0.,1.));
#12666 = ORIENTED_EDGE('',*,*,#11880,.F.);
#12667 = ORIENTED_EDGE('',*,*,#12661,.F.);
#12668 = CYLINDRICAL_SURFACE('',#12669,0.4445);
#12669 = AXIS2_PLACEMENT_3D('',#12670,#12671,#12672);
#12670 = CARTESIAN_POINT('',(95.89,-53.9785,-4.6E-02));
#12671 = DIRECTION('',(-0.,-0.,-1.));
#12672 = DIRECTION('',(-0.,-1.,0.));
#12673 = ADVANCED_FACE('',(#12674),#12685,.F.);
#12674 = FACE_BOUND('',#12675,.T.);
#12675 = EDGE_LOOP('',(#12676,#12677,#12683,#12684));
#12676 = ORIENTED_EDGE('',*,*,#11346,.T.);
#12677 = ORIENTED_EDGE('',*,*,#12678,.T.);
#12678 = EDGE_CURVE('',#11347,#11892,#12679,.T.);
#12679 = LINE('',#12680,#12681);
#12680 = CARTESIAN_POINT('',(95.89,-51.883,-4.6E-02));
#12681 = VECTOR('',#12682,1.);
#12682 = DIRECTION('',(0.,0.,1.));
#12683 = ORIENTED_EDGE('',*,*,#11891,.F.);
#12684 = ORIENTED_EDGE('',*,*,#12678,.F.);
#12685 = CYLINDRICAL_SURFACE('',#12686,0.4445);
#12686 = AXIS2_PLACEMENT_3D('',#12687,#12688,#12689);
#12687 = CARTESIAN_POINT('',(95.89,-51.4385,-4.6E-02));
#12688 = DIRECTION('',(-0.,-0.,-1.));
#12689 = DIRECTION('',(-0.,-1.,0.));
#12690 = ADVANCED_FACE('',(#12691),#12702,.F.);
#12691 = FACE_BOUND('',#12692,.T.);
#12692 = EDGE_LOOP('',(#12693,#12694,#12700,#12701));
#12693 = ORIENTED_EDGE('',*,*,#11357,.T.);
#12694 = ORIENTED_EDGE('',*,*,#12695,.T.);
#12695 = EDGE_CURVE('',#11358,#11903,#12696,.T.);
#12696 = LINE('',#12697,#12698);
#12697 = CARTESIAN_POINT('',(95.89,-49.343,-4.6E-02));
#12698 = VECTOR('',#12699,1.);
#12699 = DIRECTION('',(0.,0.,1.));
#12700 = ORIENTED_EDGE('',*,*,#11902,.F.);
#12701 = ORIENTED_EDGE('',*,*,#12695,.F.);
#12702 = CYLINDRICAL_SURFACE('',#12703,0.4445);
#12703 = AXIS2_PLACEMENT_3D('',#12704,#12705,#12706);
#12704 = CARTESIAN_POINT('',(95.89,-48.8985,-4.6E-02));
#12705 = DIRECTION('',(-0.,-0.,-1.));
#12706 = DIRECTION('',(-0.,-1.,0.));
#12707 = ADVANCED_FACE('',(#12708),#12719,.F.);
#12708 = FACE_BOUND('',#12709,.T.);
#12709 = EDGE_LOOP('',(#12710,#12711,#12717,#12718));
#12710 = ORIENTED_EDGE('',*,*,#11368,.T.);
#12711 = ORIENTED_EDGE('',*,*,#12712,.T.);
#12712 = EDGE_CURVE('',#11369,#11914,#12713,.T.);
#12713 = LINE('',#12714,#12715);
#12714 = CARTESIAN_POINT('',(118.07,-56.39,-4.6E-02));
#12715 = VECTOR('',#12716,1.);
#12716 = DIRECTION('',(0.,0.,1.));
#12717 = ORIENTED_EDGE('',*,*,#11913,.F.);
#12718 = ORIENTED_EDGE('',*,*,#12712,.F.);
#12719 = CYLINDRICAL_SURFACE('',#12720,0.5);
#12720 = AXIS2_PLACEMENT_3D('',#12721,#12722,#12723);
#12721 = CARTESIAN_POINT('',(118.07,-55.89,-4.6E-02));
#12722 = DIRECTION('',(-0.,-0.,-1.));
#12723 = DIRECTION('',(-0.,-1.,0.));
#12724 = ADVANCED_FACE('',(#12725),#12736,.F.);
#12725 = FACE_BOUND('',#12726,.T.);
#12726 = EDGE_LOOP('',(#12727,#12728,#12734,#12735));
#12727 = ORIENTED_EDGE('',*,*,#11379,.T.);
#12728 = ORIENTED_EDGE('',*,*,#12729,.T.);
#12729 = EDGE_CURVE('',#11380,#11925,#12730,.T.);
#12730 = LINE('',#12731,#12732);
#12731 = CARTESIAN_POINT('',(118.07,-48.79,-4.6E-02));
#12732 = VECTOR('',#12733,1.);
#12733 = DIRECTION('',(0.,0.,1.));
#12734 = ORIENTED_EDGE('',*,*,#11924,.F.);
#12735 = ORIENTED_EDGE('',*,*,#12729,.F.);
#12736 = CYLINDRICAL_SURFACE('',#12737,0.5);
#12737 = AXIS2_PLACEMENT_3D('',#12738,#12739,#12740);
#12738 = CARTESIAN_POINT('',(118.07,-48.29,-4.6E-02));
#12739 = DIRECTION('',(-0.,-0.,-1.));
#12740 = DIRECTION('',(-0.,-1.,0.));
#12741 = ADVANCED_FACE('',(#12742),#12753,.F.);
#12742 = FACE_BOUND('',#12743,.T.);
#12743 = EDGE_LOOP('',(#12744,#12745,#12751,#12752));
#12744 = ORIENTED_EDGE('',*,*,#11390,.T.);
#12745 = ORIENTED_EDGE('',*,*,#12746,.T.);
#12746 = EDGE_CURVE('',#11391,#11936,#12747,.T.);
#12747 = LINE('',#12748,#12749);
#12748 = CARTESIAN_POINT('',(95.89,-46.803,-4.6E-02));
#12749 = VECTOR('',#12750,1.);
#12750 = DIRECTION('',(0.,0.,1.));
#12751 = ORIENTED_EDGE('',*,*,#11935,.F.);
#12752 = ORIENTED_EDGE('',*,*,#12746,.F.);
#12753 = CYLINDRICAL_SURFACE('',#12754,0.4445);
#12754 = AXIS2_PLACEMENT_3D('',#12755,#12756,#12757);
#12755 = CARTESIAN_POINT('',(95.89,-46.3585,-4.6E-02));
#12756 = DIRECTION('',(-0.,-0.,-1.));
#12757 = DIRECTION('',(-0.,-1.,0.));
#12758 = ADVANCED_FACE('',(#12759),#12770,.F.);
#12759 = FACE_BOUND('',#12760,.T.);
#12760 = EDGE_LOOP('',(#12761,#12762,#12768,#12769));
#12761 = ORIENTED_EDGE('',*,*,#11401,.T.);
#12762 = ORIENTED_EDGE('',*,*,#12763,.T.);
#12763 = EDGE_CURVE('',#11402,#11947,#12764,.T.);
#12764 = LINE('',#12765,#12766);
#12765 = CARTESIAN_POINT('',(95.89,-44.263,-4.6E-02));
#12766 = VECTOR('',#12767,1.);
#12767 = DIRECTION('',(0.,0.,1.));
#12768 = ORIENTED_EDGE('',*,*,#11946,.F.);
#12769 = ORIENTED_EDGE('',*,*,#12763,.F.);
#12770 = CYLINDRICAL_SURFACE('',#12771,0.4445);
#12771 = AXIS2_PLACEMENT_3D('',#12772,#12773,#12774);
#12772 = CARTESIAN_POINT('',(95.89,-43.8185,-4.6E-02));
#12773 = DIRECTION('',(-0.,-0.,-1.));
#12774 = DIRECTION('',(-0.,-1.,0.));
#12775 = ADVANCED_FACE('',(#12776),#12787,.F.);
#12776 = FACE_BOUND('',#12777,.T.);
#12777 = EDGE_LOOP('',(#12778,#12779,#12785,#12786));
#12778 = ORIENTED_EDGE('',*,*,#11412,.T.);
#12779 = ORIENTED_EDGE('',*,*,#12780,.T.);
#12780 = EDGE_CURVE('',#11413,#11958,#12781,.T.);
#12781 = LINE('',#12782,#12783);
#12782 = CARTESIAN_POINT('',(95.89,-41.723,-4.6E-02));
#12783 = VECTOR('',#12784,1.);
#12784 = DIRECTION('',(0.,0.,1.));
#12785 = ORIENTED_EDGE('',*,*,#11957,.F.);
#12786 = ORIENTED_EDGE('',*,*,#12780,.F.);
#12787 = CYLINDRICAL_SURFACE('',#12788,0.4445);
#12788 = AXIS2_PLACEMENT_3D('',#12789,#12790,#12791);
#12789 = CARTESIAN_POINT('',(95.89,-41.2785,-4.6E-02));
#12790 = DIRECTION('',(-0.,-0.,-1.));
#12791 = DIRECTION('',(-0.,-1.,0.));
#12792 = ADVANCED_FACE('',(#12793),#12804,.F.);
#12793 = FACE_BOUND('',#12794,.T.);
#12794 = EDGE_LOOP('',(#12795,#12796,#12802,#12803));
#12795 = ORIENTED_EDGE('',*,*,#11423,.T.);
#12796 = ORIENTED_EDGE('',*,*,#12797,.T.);
#12797 = EDGE_CURVE('',#11424,#11969,#12798,.T.);
#12798 = LINE('',#12799,#12800);
#12799 = CARTESIAN_POINT('',(129.81,-38.22,-4.6E-02));
#12800 = VECTOR('',#12801,1.);
#12801 = DIRECTION('',(0.,0.,1.));
#12802 = ORIENTED_EDGE('',*,*,#11968,.F.);
#12803 = ORIENTED_EDGE('',*,*,#12797,.F.);
#12804 = CYLINDRICAL_SURFACE('',#12805,1.6);
#12805 = AXIS2_PLACEMENT_3D('',#12806,#12807,#12808);
#12806 = CARTESIAN_POINT('',(129.81,-36.62,-4.6E-02));
#12807 = DIRECTION('',(-0.,-0.,-1.));
#12808 = DIRECTION('',(-0.,-1.,0.));
#12809 = ( GEOMETRIC_REPRESENTATION_CONTEXT(3) 
GLOBAL_UNCERTAINTY_ASSIGNED_CONTEXT((#12813)) 
GLOBAL_UNIT_ASSIGNED_CONTEXT((#12810,#12811,#12812)) 
REPRESENTATION_CONTEXT('Context #1',
  '3D Context with UNIT and UNCERTAINTY') );
#12810 = ( LENGTH_UNIT() NAMED_UNIT(*) SI_UNIT(.MILLI.,.METRE.) );
#12811 = ( NAMED_UNIT(*) PLANE_ANGLE_UNIT() SI_UNIT($,.RADIAN.) );
#12812 = ( NAMED_UNIT(*) SI_UNIT($,.STERADIAN.) SOLID_ANGLE_UNIT() );
#12813 = UNCERTAINTY_MEASURE_WITH_UNIT(LENGTH_MEASURE(1.E-07),#12810,
  'distance_accuracy_value','confusion accuracy');
#12814 = CONTEXT_DEPENDENT_SHAPE_REPRESENTATION(#12815,#12817);
#12815 = ( REPRESENTATION_RELATIONSHIP('','',#10786,#10) 
REPRESENTATION_RELATIONSHIP_WITH_TRANSFORMATION(#12816) 
SHAPE_REPRESENTATION_RELATIONSHIP() );
#12816 = ITEM_DEFINED_TRANSFORMATION('','',#11,#39);
#12817 = PRODUCT_DEFINITION_SHAPE('Placement','Placement of an item',
  #12818);
#12818 = NEXT_ASSEMBLY_USAGE_OCCURRENCE('12','=>[0:1:1:10]','',#5,#10781
  ,$);
#12819 = PRODUCT_RELATED_PRODUCT_CATEGORY('part',$,(#10783));
#12820 = MECHANICAL_DESIGN_GEOMETRIC_PRESENTATION_REPRESENTATION('',(
    #12821,#12829,#12836,#12843,#12850,#12857,#12865,#12872,#12879,
    #12886,#12893,#12901,#12908),#10768);
#12821 = STYLED_ITEM('color',(#12822),#10478);
#12822 = PRESENTATION_STYLE_ASSIGNMENT((#12823));
#12823 = SURFACE_STYLE_USAGE(.BOTH.,#12824);
#12824 = SURFACE_SIDE_STYLE('',(#12825));
#12825 = SURFACE_STYLE_FILL_AREA(#12826);
#12826 = FILL_AREA_STYLE('',(#12827));
#12827 = FILL_AREA_STYLE_COLOUR('',#12828);
#12828 = COLOUR_RGB('',0.147999998088,0.145000001626,0.145000001626);
#12829 = STYLED_ITEM('color',(#12830),#10511);
#12830 = PRESENTATION_STYLE_ASSIGNMENT((#12831));
#12831 = SURFACE_STYLE_USAGE(.BOTH.,#12832);
#12832 = SURFACE_SIDE_STYLE('',(#12833));
#12833 = SURFACE_STYLE_FILL_AREA(#12834);
#12834 = FILL_AREA_STYLE('',(#12835));
#12835 = FILL_AREA_STYLE_COLOUR('',#12828);
#12836 = STYLED_ITEM('color',(#12837),#10537);
#12837 = PRESENTATION_STYLE_ASSIGNMENT((#12838));
#12838 = SURFACE_STYLE_USAGE(.BOTH.,#12839);
#12839 = SURFACE_SIDE_STYLE('',(#12840));
#12840 = SURFACE_STYLE_FILL_AREA(#12841);
#12841 = FILL_AREA_STYLE('',(#12842));
#12842 = FILL_AREA_STYLE_COLOUR('',#12828);
#12843 = STYLED_ITEM('color',(#12844),#10563);
#12844 = PRESENTATION_STYLE_ASSIGNMENT((#12845));
#12845 = SURFACE_STYLE_USAGE(.BOTH.,#12846);
#12846 = SURFACE_SIDE_STYLE('',(#12847));
#12847 = SURFACE_STYLE_FILL_AREA(#12848);
#12848 = FILL_AREA_STYLE('',(#12849));
#12849 = FILL_AREA_STYLE_COLOUR('',#12828);
#12850 = STYLED_ITEM('color',(#12851),#10594);
#12851 = PRESENTATION_STYLE_ASSIGNMENT((#12852));
#12852 = SURFACE_STYLE_USAGE(.BOTH.,#12853);
#12853 = SURFACE_SIDE_STYLE('',(#12854));
#12854 = SURFACE_STYLE_FILL_AREA(#12855);
#12855 = FILL_AREA_STYLE('',(#12856));
#12856 = FILL_AREA_STYLE_COLOUR('',#12828);
#12857 = STYLED_ITEM('color',(#12858),#10614);
#12858 = PRESENTATION_STYLE_ASSIGNMENT((#12859));
#12859 = SURFACE_STYLE_USAGE(.BOTH.,#12860);
#12860 = SURFACE_SIDE_STYLE('',(#12861));
#12861 = SURFACE_STYLE_FILL_AREA(#12862);
#12862 = FILL_AREA_STYLE('',(#12863));
#12863 = FILL_AREA_STYLE_COLOUR('',#12864);
#12864 = COLOUR_RGB('',0.823999987314,0.819999987296,0.781000009244);
#12865 = STYLED_ITEM('color',(#12866),#10639);
#12866 = PRESENTATION_STYLE_ASSIGNMENT((#12867));
#12867 = SURFACE_STYLE_USAGE(.BOTH.,#12868);
#12868 = SURFACE_SIDE_STYLE('',(#12869));
#12869 = SURFACE_STYLE_FILL_AREA(#12870);
#12870 = FILL_AREA_STYLE('',(#12871));
#12871 = FILL_AREA_STYLE_COLOUR('',#12864);
#12872 = STYLED_ITEM('color',(#12873),#10664);
#12873 = PRESENTATION_STYLE_ASSIGNMENT((#12874));
#12874 = SURFACE_STYLE_USAGE(.BOTH.,#12875);
#12875 = SURFACE_SIDE_STYLE('',(#12876));
#12876 = SURFACE_STYLE_FILL_AREA(#12877);
#12877 = FILL_AREA_STYLE('',(#12878));
#12878 = FILL_AREA_STYLE_COLOUR('',#12828);
#12879 = STYLED_ITEM('color',(#12880),#10689);
#12880 = PRESENTATION_STYLE_ASSIGNMENT((#12881));
#12881 = SURFACE_STYLE_USAGE(.BOTH.,#12882);
#12882 = SURFACE_SIDE_STYLE('',(#12883));
#12883 = SURFACE_STYLE_FILL_AREA(#12884);
#12884 = FILL_AREA_STYLE('',(#12885));
#12885 = FILL_AREA_STYLE_COLOUR('',#12864);
#12886 = STYLED_ITEM('color',(#12887),#10715);
#12887 = PRESENTATION_STYLE_ASSIGNMENT((#12888));
#12888 = SURFACE_STYLE_USAGE(.BOTH.,#12889);
#12889 = SURFACE_SIDE_STYLE('',(#12890));
#12890 = SURFACE_STYLE_FILL_AREA(#12891);
#12891 = FILL_AREA_STYLE('',(#12892));
#12892 = FILL_AREA_STYLE_COLOUR('',#12864);
#12893 = STYLED_ITEM('color',(#12894),#10741);
#12894 = PRESENTATION_STYLE_ASSIGNMENT((#12895));
#12895 = SURFACE_STYLE_USAGE(.BOTH.,#12896);
#12896 = SURFACE_SIDE_STYLE('',(#12897));
#12897 = SURFACE_STYLE_FILL_AREA(#12898);
#12898 = FILL_AREA_STYLE('',(#12899));
#12899 = FILL_AREA_STYLE_COLOUR('',#12900);
#12900 = COLOUR_RGB('',0.809000013735,0.426000008053,0.147999998088);
#12901 = STYLED_ITEM('color',(#12902),#10750);
#12902 = PRESENTATION_STYLE_ASSIGNMENT((#12903));
#12903 = SURFACE_STYLE_USAGE(.BOTH.,#12904);
#12904 = SURFACE_SIDE_STYLE('',(#12905));
#12905 = SURFACE_STYLE_FILL_AREA(#12906);
#12906 = FILL_AREA_STYLE('',(#12907));
#12907 = FILL_AREA_STYLE_COLOUR('',#12864);
#12908 = STYLED_ITEM('color',(#12909),#10759);
#12909 = PRESENTATION_STYLE_ASSIGNMENT((#12910));
#12910 = SURFACE_STYLE_USAGE(.BOTH.,#12911);
#12911 = SURFACE_SIDE_STYLE('',(#12912));
#12912 = SURFACE_STYLE_FILL_AREA(#12913);
#12913 = FILL_AREA_STYLE('',(#12914));
#12914 = FILL_AREA_STYLE_COLOUR('',#12864);
#12915 = MECHANICAL_DESIGN_GEOMETRIC_PRESENTATION_REPRESENTATION('',(
    #12916,#12925,#12934,#12943,#12952,#12961,#12970,#12979,#12988,
    #12998,#13007,#13016,#13025,#13034,#13043,#13052,#13061,#13070,
    #13079,#13088,#13097,#13106,#13115,#13124,#13133,#13142,#13151,
    #13160,#13169,#13178,#13187,#13196,#13205,#13214,#13223,#13232,
    #13241,#13250,#13259,#13268,#13277,#13286,#13295,#13304,#13313,
    #13322,#13331,#13340,#13349,#13358,#13367,#13376,#13385,#13394,
    #13403,#13412,#13421,#13430,#13439,#13448,#13457,#13466,#13475,
    #13484,#13493,#13502,#13511,#13520,#13529,#13538,#13547,#13556,
    #13565,#13574,#13583,#13592,#13601,#13610,#13619,#13628,#13637,
    #13646,#13655,#13664,#13673,#13682,#13691,#13700,#13709,#13718,
    #13727,#13736,#13745,#13754,#13763,#13772,#13781,#13790,#13799,
    #13808,#13817,#13826,#13835,#13844,#13853,#13862,#13871,#13880,
    #13889,#13898,#13907,#13916,#13925,#13934,#13943,#13952,#13961,
    #13970,#13979,#13988,#13997,#14006,#14015,#14024,#14033,#14042,
    #14051,#14060,#14069,#14078,#14087,#14096,#14105,#14114,#14123,
    #14132,#14141,#14150,#14159,#14168,#14177,#14186,#14195,#14204,
    #14213,#14222,#14231,#14240,#14249,#14258,#14267,#14276,#14285,
    #14294,#14303,#14312,#14321,#14330,#14339,#14348,#14357,#14366,
    #14375,#14384,#14393,#14402,#14411,#14420,#14429,#14438,#14447,
    #14456,#14465,#14474,#14483,#14492,#14501,#14510,#14519,#14528,
    #14537,#14546,#14555,#14564,#14573,#14582,#14591,#14600,#14609,
    #14618,#14627,#14636,#14645,#14654,#14663,#14672,#14681,#14690,
    #14699,#14708,#14717,#14726,#14735,#14744,#14753,#14762,#14771,
    #14780,#14789,#14798,#14807,#14816,#14825,#14834,#14843,#14852,
    #14861,#14870,#14879,#14888,#14897,#14906,#14915,#14924,#14933,
    #14942,#14951,#14960,#14969,#14978,#14987,#14996,#15005,#15014,
    #15023,#15032,#15041,#15050,#15059,#15068,#15077,#15086,#15095,
    #15104,#15113,#15122,#15131,#15140,#15149,#15158,#15167,#15176,
    #15185,#15194,#15203,#15212,#15221,#15230,#15239,#15248,#15257,
    #15266,#15275,#15284,#15293,#15302,#15311,#15320,#15329,#15338,
    #15347,#15356,#15365,#15374,#15383,#15392,#15401,#15410,#15419,
    #15428,#15437,#15446),#10434);
#12916 = STYLED_ITEM('color',(#12917),#3946);
#12917 = PRESENTATION_STYLE_ASSIGNMENT((#12918,#12923));
#12918 = SURFACE_STYLE_USAGE(.BOTH.,#12919);
#12919 = SURFACE_SIDE_STYLE('',(#12920));
#12920 = SURFACE_STYLE_FILL_AREA(#12921);
#12921 = FILL_AREA_STYLE('',(#12922));
#12922 = FILL_AREA_STYLE_COLOUR('',#12828);
#12923 = CURVE_STYLE('',#12924,POSITIVE_LENGTH_MEASURE(0.1),#12828);
#12924 = DRAUGHTING_PRE_DEFINED_CURVE_FONT('continuous');
#12925 = STYLED_ITEM('color',(#12926),#3986);
#12926 = PRESENTATION_STYLE_ASSIGNMENT((#12927,#12932));
#12927 = SURFACE_STYLE_USAGE(.BOTH.,#12928);
#12928 = SURFACE_SIDE_STYLE('',(#12929));
#12929 = SURFACE_STYLE_FILL_AREA(#12930);
#12930 = FILL_AREA_STYLE('',(#12931));
#12931 = FILL_AREA_STYLE_COLOUR('',#12828);
#12932 = CURVE_STYLE('',#12933,POSITIVE_LENGTH_MEASURE(0.1),#12828);
#12933 = DRAUGHTING_PRE_DEFINED_CURVE_FONT('continuous');
#12934 = STYLED_ITEM('color',(#12935),#4049);
#12935 = PRESENTATION_STYLE_ASSIGNMENT((#12936,#12941));
#12936 = SURFACE_STYLE_USAGE(.BOTH.,#12937);
#12937 = SURFACE_SIDE_STYLE('',(#12938));
#12938 = SURFACE_STYLE_FILL_AREA(#12939);
#12939 = FILL_AREA_STYLE('',(#12940));
#12940 = FILL_AREA_STYLE_COLOUR('',#12828);
#12941 = CURVE_STYLE('',#12942,POSITIVE_LENGTH_MEASURE(0.1),#12828);
#12942 = DRAUGHTING_PRE_DEFINED_CURVE_FONT('continuous');
#12943 = STYLED_ITEM('color',(#12944),#4112);
#12944 = PRESENTATION_STYLE_ASSIGNMENT((#12945,#12950));
#12945 = SURFACE_STYLE_USAGE(.BOTH.,#12946);
#12946 = SURFACE_SIDE_STYLE('',(#12947));
#12947 = SURFACE_STYLE_FILL_AREA(#12948);
#12948 = FILL_AREA_STYLE('',(#12949));
#12949 = FILL_AREA_STYLE_COLOUR('',#12828);
#12950 = CURVE_STYLE('',#12951,POSITIVE_LENGTH_MEASURE(0.1),#12828);
#12951 = DRAUGHTING_PRE_DEFINED_CURVE_FONT('continuous');
#12952 = STYLED_ITEM('color',(#12953),#4129);
#12953 = PRESENTATION_STYLE_ASSIGNMENT((#12954,#12959));
#12954 = SURFACE_STYLE_USAGE(.BOTH.,#12955);
#12955 = SURFACE_SIDE_STYLE('',(#12956));
#12956 = SURFACE_STYLE_FILL_AREA(#12957);
#12957 = FILL_AREA_STYLE('',(#12958));
#12958 = FILL_AREA_STYLE_COLOUR('',#12828);
#12959 = CURVE_STYLE('',#12960,POSITIVE_LENGTH_MEASURE(0.1),#12828);
#12960 = DRAUGHTING_PRE_DEFINED_CURVE_FONT('continuous');
#12961 = STYLED_ITEM('color',(#12962),#4418);
#12962 = PRESENTATION_STYLE_ASSIGNMENT((#12963,#12968));
#12963 = SURFACE_STYLE_USAGE(.BOTH.,#12964);
#12964 = SURFACE_SIDE_STYLE('',(#12965));
#12965 = SURFACE_STYLE_FILL_AREA(#12966);
#12966 = FILL_AREA_STYLE('',(#12967));
#12967 = FILL_AREA_STYLE_COLOUR('',#12828);
#12968 = CURVE_STYLE('',#12969,POSITIVE_LENGTH_MEASURE(0.1),#12828);
#12969 = DRAUGHTING_PRE_DEFINED_CURVE_FONT('continuous');
#12970 = STYLED_ITEM('color',(#12971),#4440);
#12971 = PRESENTATION_STYLE_ASSIGNMENT((#12972,#12977));
#12972 = SURFACE_STYLE_USAGE(.BOTH.,#12973);
#12973 = SURFACE_SIDE_STYLE('',(#12974));
#12974 = SURFACE_STYLE_FILL_AREA(#12975);
#12975 = FILL_AREA_STYLE('',(#12976));
#12976 = FILL_AREA_STYLE_COLOUR('',#12828);
#12977 = CURVE_STYLE('',#12978,POSITIVE_LENGTH_MEASURE(0.1),#12828);
#12978 = DRAUGHTING_PRE_DEFINED_CURVE_FONT('continuous');
#12979 = STYLED_ITEM('color',(#12980),#4457);
#12980 = PRESENTATION_STYLE_ASSIGNMENT((#12981,#12986));
#12981 = SURFACE_STYLE_USAGE(.BOTH.,#12982);
#12982 = SURFACE_SIDE_STYLE('',(#12983));
#12983 = SURFACE_STYLE_FILL_AREA(#12984);
#12984 = FILL_AREA_STYLE('',(#12985));
#12985 = FILL_AREA_STYLE_COLOUR('',#12828);
#12986 = CURVE_STYLE('',#12987,POSITIVE_LENGTH_MEASURE(0.1),#12828);
#12987 = DRAUGHTING_PRE_DEFINED_CURVE_FONT('continuous');
#12988 = OVER_RIDING_STYLED_ITEM('overriding color',(#12989),#4490,
  #12979);
#12989 = PRESENTATION_STYLE_ASSIGNMENT((#12990,#12996));
#12990 = SURFACE_STYLE_USAGE(.BOTH.,#12991);
#12991 = SURFACE_SIDE_STYLE('',(#12992));
#12992 = SURFACE_STYLE_FILL_AREA(#12993);
#12993 = FILL_AREA_STYLE('',(#12994));
#12994 = FILL_AREA_STYLE_COLOUR('',#12995);
#12995 = COLOUR_RGB('',0.858999988747,0.738000004258,0.496000005009);
#12996 = CURVE_STYLE('',#12997,POSITIVE_LENGTH_MEASURE(0.1),#12995);
#12997 = DRAUGHTING_PRE_DEFINED_CURVE_FONT('continuous');
#12998 = OVER_RIDING_STYLED_ITEM('overriding color',(#12999),#4522,
  #12979);
#12999 = PRESENTATION_STYLE_ASSIGNMENT((#13000,#13005));
#13000 = SURFACE_STYLE_USAGE(.BOTH.,#13001);
#13001 = SURFACE_SIDE_STYLE('',(#13002));
#13002 = SURFACE_STYLE_FILL_AREA(#13003);
#13003 = FILL_AREA_STYLE('',(#13004));
#13004 = FILL_AREA_STYLE_COLOUR('',#12995);
#13005 = CURVE_STYLE('',#13006,POSITIVE_LENGTH_MEASURE(0.1),#12995);
#13006 = DRAUGHTING_PRE_DEFINED_CURVE_FONT('continuous');
#13007 = OVER_RIDING_STYLED_ITEM('overriding color',(#13008),#4556,
  #12979);
#13008 = PRESENTATION_STYLE_ASSIGNMENT((#13009,#13014));
#13009 = SURFACE_STYLE_USAGE(.BOTH.,#13010);
#13010 = SURFACE_SIDE_STYLE('',(#13011));
#13011 = SURFACE_STYLE_FILL_AREA(#13012);
#13012 = FILL_AREA_STYLE('',(#13013));
#13013 = FILL_AREA_STYLE_COLOUR('',#12995);
#13014 = CURVE_STYLE('',#13015,POSITIVE_LENGTH_MEASURE(0.1),#12995);
#13015 = DRAUGHTING_PRE_DEFINED_CURVE_FONT('continuous');
#13016 = OVER_RIDING_STYLED_ITEM('overriding color',(#13017),#4588,
  #12979);
#13017 = PRESENTATION_STYLE_ASSIGNMENT((#13018,#13023));
#13018 = SURFACE_STYLE_USAGE(.BOTH.,#13019);
#13019 = SURFACE_SIDE_STYLE('',(#13020));
#13020 = SURFACE_STYLE_FILL_AREA(#13021);
#13021 = FILL_AREA_STYLE('',(#13022));
#13022 = FILL_AREA_STYLE_COLOUR('',#12995);
#13023 = CURVE_STYLE('',#13024,POSITIVE_LENGTH_MEASURE(0.1),#12995);
#13024 = DRAUGHTING_PRE_DEFINED_CURVE_FONT('continuous');
#13025 = OVER_RIDING_STYLED_ITEM('overriding color',(#13026),#4622,
  #12979);
#13026 = PRESENTATION_STYLE_ASSIGNMENT((#13027,#13032));
#13027 = SURFACE_STYLE_USAGE(.BOTH.,#13028);
#13028 = SURFACE_SIDE_STYLE('',(#13029));
#13029 = SURFACE_STYLE_FILL_AREA(#13030);
#13030 = FILL_AREA_STYLE('',(#13031));
#13031 = FILL_AREA_STYLE_COLOUR('',#12995);
#13032 = CURVE_STYLE('',#13033,POSITIVE_LENGTH_MEASURE(0.1),#12995);
#13033 = DRAUGHTING_PRE_DEFINED_CURVE_FONT('continuous');
#13034 = OVER_RIDING_STYLED_ITEM('overriding color',(#13035),#4654,
  #12979);
#13035 = PRESENTATION_STYLE_ASSIGNMENT((#13036,#13041));
#13036 = SURFACE_STYLE_USAGE(.BOTH.,#13037);
#13037 = SURFACE_SIDE_STYLE('',(#13038));
#13038 = SURFACE_STYLE_FILL_AREA(#13039);
#13039 = FILL_AREA_STYLE('',(#13040));
#13040 = FILL_AREA_STYLE_COLOUR('',#12995);
#13041 = CURVE_STYLE('',#13042,POSITIVE_LENGTH_MEASURE(0.1),#12995);
#13042 = DRAUGHTING_PRE_DEFINED_CURVE_FONT('continuous');
#13043 = OVER_RIDING_STYLED_ITEM('overriding color',(#13044),#4688,
  #12979);
#13044 = PRESENTATION_STYLE_ASSIGNMENT((#13045,#13050));
#13045 = SURFACE_STYLE_USAGE(.BOTH.,#13046);
#13046 = SURFACE_SIDE_STYLE('',(#13047));
#13047 = SURFACE_STYLE_FILL_AREA(#13048);
#13048 = FILL_AREA_STYLE('',(#13049));
#13049 = FILL_AREA_STYLE_COLOUR('',#12995);
#13050 = CURVE_STYLE('',#13051,POSITIVE_LENGTH_MEASURE(0.1),#12995);
#13051 = DRAUGHTING_PRE_DEFINED_CURVE_FONT('continuous');
#13052 = OVER_RIDING_STYLED_ITEM('overriding color',(#13053),#4720,
  #12979);
#13053 = PRESENTATION_STYLE_ASSIGNMENT((#13054,#13059));
#13054 = SURFACE_STYLE_USAGE(.BOTH.,#13055);
#13055 = SURFACE_SIDE_STYLE('',(#13056));
#13056 = SURFACE_STYLE_FILL_AREA(#13057);
#13057 = FILL_AREA_STYLE('',(#13058));
#13058 = FILL_AREA_STYLE_COLOUR('',#12995);
#13059 = CURVE_STYLE('',#13060,POSITIVE_LENGTH_MEASURE(0.1),#12995);
#13060 = DRAUGHTING_PRE_DEFINED_CURVE_FONT('continuous');
#13061 = OVER_RIDING_STYLED_ITEM('overriding color',(#13062),#4754,
  #12979);
#13062 = PRESENTATION_STYLE_ASSIGNMENT((#13063,#13068));
#13063 = SURFACE_STYLE_USAGE(.BOTH.,#13064);
#13064 = SURFACE_SIDE_STYLE('',(#13065));
#13065 = SURFACE_STYLE_FILL_AREA(#13066);
#13066 = FILL_AREA_STYLE('',(#13067));
#13067 = FILL_AREA_STYLE_COLOUR('',#12995);
#13068 = CURVE_STYLE('',#13069,POSITIVE_LENGTH_MEASURE(0.1),#12995);
#13069 = DRAUGHTING_PRE_DEFINED_CURVE_FONT('continuous');
#13070 = OVER_RIDING_STYLED_ITEM('overriding color',(#13071),#4786,
  #12979);
#13071 = PRESENTATION_STYLE_ASSIGNMENT((#13072,#13077));
#13072 = SURFACE_STYLE_USAGE(.BOTH.,#13073);
#13073 = SURFACE_SIDE_STYLE('',(#13074));
#13074 = SURFACE_STYLE_FILL_AREA(#13075);
#13075 = FILL_AREA_STYLE('',(#13076));
#13076 = FILL_AREA_STYLE_COLOUR('',#12995);
#13077 = CURVE_STYLE('',#13078,POSITIVE_LENGTH_MEASURE(0.1),#12995);
#13078 = DRAUGHTING_PRE_DEFINED_CURVE_FONT('continuous');
#13079 = OVER_RIDING_STYLED_ITEM('overriding color',(#13080),#4820,
  #12979);
#13080 = PRESENTATION_STYLE_ASSIGNMENT((#13081,#13086));
#13081 = SURFACE_STYLE_USAGE(.BOTH.,#13082);
#13082 = SURFACE_SIDE_STYLE('',(#13083));
#13083 = SURFACE_STYLE_FILL_AREA(#13084);
#13084 = FILL_AREA_STYLE('',(#13085));
#13085 = FILL_AREA_STYLE_COLOUR('',#12995);
#13086 = CURVE_STYLE('',#13087,POSITIVE_LENGTH_MEASURE(0.1),#12995);
#13087 = DRAUGHTING_PRE_DEFINED_CURVE_FONT('continuous');
#13088 = OVER_RIDING_STYLED_ITEM('overriding color',(#13089),#4852,
  #12979);
#13089 = PRESENTATION_STYLE_ASSIGNMENT((#13090,#13095));
#13090 = SURFACE_STYLE_USAGE(.BOTH.,#13091);
#13091 = SURFACE_SIDE_STYLE('',(#13092));
#13092 = SURFACE_STYLE_FILL_AREA(#13093);
#13093 = FILL_AREA_STYLE('',(#13094));
#13094 = FILL_AREA_STYLE_COLOUR('',#12995);
#13095 = CURVE_STYLE('',#13096,POSITIVE_LENGTH_MEASURE(0.1),#12995);
#13096 = DRAUGHTING_PRE_DEFINED_CURVE_FONT('continuous');
#13097 = OVER_RIDING_STYLED_ITEM('overriding color',(#13098),#4886,
  #12979);
#13098 = PRESENTATION_STYLE_ASSIGNMENT((#13099,#13104));
#13099 = SURFACE_STYLE_USAGE(.BOTH.,#13100);
#13100 = SURFACE_SIDE_STYLE('',(#13101));
#13101 = SURFACE_STYLE_FILL_AREA(#13102);
#13102 = FILL_AREA_STYLE('',(#13103));
#13103 = FILL_AREA_STYLE_COLOUR('',#12995);
#13104 = CURVE_STYLE('',#13105,POSITIVE_LENGTH_MEASURE(0.1),#12995);
#13105 = DRAUGHTING_PRE_DEFINED_CURVE_FONT('continuous');
#13106 = OVER_RIDING_STYLED_ITEM('overriding color',(#13107),#4918,
  #12979);
#13107 = PRESENTATION_STYLE_ASSIGNMENT((#13108,#13113));
#13108 = SURFACE_STYLE_USAGE(.BOTH.,#13109);
#13109 = SURFACE_SIDE_STYLE('',(#13110));
#13110 = SURFACE_STYLE_FILL_AREA(#13111);
#13111 = FILL_AREA_STYLE('',(#13112));
#13112 = FILL_AREA_STYLE_COLOUR('',#12995);
#13113 = CURVE_STYLE('',#13114,POSITIVE_LENGTH_MEASURE(0.1),#12995);
#13114 = DRAUGHTING_PRE_DEFINED_CURVE_FONT('continuous');
#13115 = OVER_RIDING_STYLED_ITEM('overriding color',(#13116),#4952,
  #12979);
#13116 = PRESENTATION_STYLE_ASSIGNMENT((#13117,#13122));
#13117 = SURFACE_STYLE_USAGE(.BOTH.,#13118);
#13118 = SURFACE_SIDE_STYLE('',(#13119));
#13119 = SURFACE_STYLE_FILL_AREA(#13120);
#13120 = FILL_AREA_STYLE('',(#13121));
#13121 = FILL_AREA_STYLE_COLOUR('',#12995);
#13122 = CURVE_STYLE('',#13123,POSITIVE_LENGTH_MEASURE(0.1),#12995);
#13123 = DRAUGHTING_PRE_DEFINED_CURVE_FONT('continuous');
#13124 = OVER_RIDING_STYLED_ITEM('overriding color',(#13125),#4984,
  #12979);
#13125 = PRESENTATION_STYLE_ASSIGNMENT((#13126,#13131));
#13126 = SURFACE_STYLE_USAGE(.BOTH.,#13127);
#13127 = SURFACE_SIDE_STYLE('',(#13128));
#13128 = SURFACE_STYLE_FILL_AREA(#13129);
#13129 = FILL_AREA_STYLE('',(#13130));
#13130 = FILL_AREA_STYLE_COLOUR('',#12995);
#13131 = CURVE_STYLE('',#13132,POSITIVE_LENGTH_MEASURE(0.1),#12995);
#13132 = DRAUGHTING_PRE_DEFINED_CURVE_FONT('continuous');
#13133 = STYLED_ITEM('color',(#13134),#5002);
#13134 = PRESENTATION_STYLE_ASSIGNMENT((#13135,#13140));
#13135 = SURFACE_STYLE_USAGE(.BOTH.,#13136);
#13136 = SURFACE_SIDE_STYLE('',(#13137));
#13137 = SURFACE_STYLE_FILL_AREA(#13138);
#13138 = FILL_AREA_STYLE('',(#13139));
#13139 = FILL_AREA_STYLE_COLOUR('',#12828);
#13140 = CURVE_STYLE('',#13141,POSITIVE_LENGTH_MEASURE(0.1),#12828);
#13141 = DRAUGHTING_PRE_DEFINED_CURVE_FONT('continuous');
#13142 = STYLED_ITEM('color',(#13143),#5014);
#13143 = PRESENTATION_STYLE_ASSIGNMENT((#13144,#13149));
#13144 = SURFACE_STYLE_USAGE(.BOTH.,#13145);
#13145 = SURFACE_SIDE_STYLE('',(#13146));
#13146 = SURFACE_STYLE_FILL_AREA(#13147);
#13147 = FILL_AREA_STYLE('',(#13148));
#13148 = FILL_AREA_STYLE_COLOUR('',#12828);
#13149 = CURVE_STYLE('',#13150,POSITIVE_LENGTH_MEASURE(0.1),#12828);
#13150 = DRAUGHTING_PRE_DEFINED_CURVE_FONT('continuous');
#13151 = STYLED_ITEM('color',(#13152),#5026);
#13152 = PRESENTATION_STYLE_ASSIGNMENT((#13153,#13158));
#13153 = SURFACE_STYLE_USAGE(.BOTH.,#13154);
#13154 = SURFACE_SIDE_STYLE('',(#13155));
#13155 = SURFACE_STYLE_FILL_AREA(#13156);
#13156 = FILL_AREA_STYLE('',(#13157));
#13157 = FILL_AREA_STYLE_COLOUR('',#12828);
#13158 = CURVE_STYLE('',#13159,POSITIVE_LENGTH_MEASURE(0.1),#12828);
#13159 = DRAUGHTING_PRE_DEFINED_CURVE_FONT('continuous');
#13160 = STYLED_ITEM('color',(#13161),#5057);
#13161 = PRESENTATION_STYLE_ASSIGNMENT((#13162,#13167));
#13162 = SURFACE_STYLE_USAGE(.BOTH.,#13163);
#13163 = SURFACE_SIDE_STYLE('',(#13164));
#13164 = SURFACE_STYLE_FILL_AREA(#13165);
#13165 = FILL_AREA_STYLE('',(#13166));
#13166 = FILL_AREA_STYLE_COLOUR('',#12828);
#13167 = CURVE_STYLE('',#13168,POSITIVE_LENGTH_MEASURE(0.1),#12828);
#13168 = DRAUGHTING_PRE_DEFINED_CURVE_FONT('continuous');
#13169 = STYLED_ITEM('color',(#13170),#5081);
#13170 = PRESENTATION_STYLE_ASSIGNMENT((#13171,#13176));
#13171 = SURFACE_STYLE_USAGE(.BOTH.,#13172);
#13172 = SURFACE_SIDE_STYLE('',(#13173));
#13173 = SURFACE_STYLE_FILL_AREA(#13174);
#13174 = FILL_AREA_STYLE('',(#13175));
#13175 = FILL_AREA_STYLE_COLOUR('',#12828);
#13176 = CURVE_STYLE('',#13177,POSITIVE_LENGTH_MEASURE(0.1),#12828);
#13177 = DRAUGHTING_PRE_DEFINED_CURVE_FONT('continuous');
#13178 = STYLED_ITEM('color',(#13179),#5105);
#13179 = PRESENTATION_STYLE_ASSIGNMENT((#13180,#13185));
#13180 = SURFACE_STYLE_USAGE(.BOTH.,#13181);
#13181 = SURFACE_SIDE_STYLE('',(#13182));
#13182 = SURFACE_STYLE_FILL_AREA(#13183);
#13183 = FILL_AREA_STYLE('',(#13184));
#13184 = FILL_AREA_STYLE_COLOUR('',#12828);
#13185 = CURVE_STYLE('',#13186,POSITIVE_LENGTH_MEASURE(0.1),#12828);
#13186 = DRAUGHTING_PRE_DEFINED_CURVE_FONT('continuous');
#13187 = STYLED_ITEM('color',(#13188),#5122);
#13188 = PRESENTATION_STYLE_ASSIGNMENT((#13189,#13194));
#13189 = SURFACE_STYLE_USAGE(.BOTH.,#13190);
#13190 = SURFACE_SIDE_STYLE('',(#13191));
#13191 = SURFACE_STYLE_FILL_AREA(#13192);
#13192 = FILL_AREA_STYLE('',(#13193));
#13193 = FILL_AREA_STYLE_COLOUR('',#12828);
#13194 = CURVE_STYLE('',#13195,POSITIVE_LENGTH_MEASURE(0.1),#12828);
#13195 = DRAUGHTING_PRE_DEFINED_CURVE_FONT('continuous');
#13196 = STYLED_ITEM('color',(#13197),#5153);
#13197 = PRESENTATION_STYLE_ASSIGNMENT((#13198,#13203));
#13198 = SURFACE_STYLE_USAGE(.BOTH.,#13199);
#13199 = SURFACE_SIDE_STYLE('',(#13200));
#13200 = SURFACE_STYLE_FILL_AREA(#13201);
#13201 = FILL_AREA_STYLE('',(#13202));
#13202 = FILL_AREA_STYLE_COLOUR('',#12828);
#13203 = CURVE_STYLE('',#13204,POSITIVE_LENGTH_MEASURE(0.1),#12828);
#13204 = DRAUGHTING_PRE_DEFINED_CURVE_FONT('continuous');
#13205 = STYLED_ITEM('color',(#13206),#5177);
#13206 = PRESENTATION_STYLE_ASSIGNMENT((#13207,#13212));
#13207 = SURFACE_STYLE_USAGE(.BOTH.,#13208);
#13208 = SURFACE_SIDE_STYLE('',(#13209));
#13209 = SURFACE_STYLE_FILL_AREA(#13210);
#13210 = FILL_AREA_STYLE('',(#13211));
#13211 = FILL_AREA_STYLE_COLOUR('',#12828);
#13212 = CURVE_STYLE('',#13213,POSITIVE_LENGTH_MEASURE(0.1),#12828);
#13213 = DRAUGHTING_PRE_DEFINED_CURVE_FONT('continuous');
#13214 = STYLED_ITEM('color',(#13215),#5201);
#13215 = PRESENTATION_STYLE_ASSIGNMENT((#13216,#13221));
#13216 = SURFACE_STYLE_USAGE(.BOTH.,#13217);
#13217 = SURFACE_SIDE_STYLE('',(#13218));
#13218 = SURFACE_STYLE_FILL_AREA(#13219);
#13219 = FILL_AREA_STYLE('',(#13220));
#13220 = FILL_AREA_STYLE_COLOUR('',#12828);
#13221 = CURVE_STYLE('',#13222,POSITIVE_LENGTH_MEASURE(0.1),#12828);
#13222 = DRAUGHTING_PRE_DEFINED_CURVE_FONT('continuous');
#13223 = STYLED_ITEM('color',(#13224),#5218);
#13224 = PRESENTATION_STYLE_ASSIGNMENT((#13225,#13230));
#13225 = SURFACE_STYLE_USAGE(.BOTH.,#13226);
#13226 = SURFACE_SIDE_STYLE('',(#13227));
#13227 = SURFACE_STYLE_FILL_AREA(#13228);
#13228 = FILL_AREA_STYLE('',(#13229));
#13229 = FILL_AREA_STYLE_COLOUR('',#12828);
#13230 = CURVE_STYLE('',#13231,POSITIVE_LENGTH_MEASURE(0.1),#12828);
#13231 = DRAUGHTING_PRE_DEFINED_CURVE_FONT('continuous');
#13232 = STYLED_ITEM('color',(#13233),#5249);
#13233 = PRESENTATION_STYLE_ASSIGNMENT((#13234,#13239));
#13234 = SURFACE_STYLE_USAGE(.BOTH.,#13235);
#13235 = SURFACE_SIDE_STYLE('',(#13236));
#13236 = SURFACE_STYLE_FILL_AREA(#13237);
#13237 = FILL_AREA_STYLE('',(#13238));
#13238 = FILL_AREA_STYLE_COLOUR('',#12828);
#13239 = CURVE_STYLE('',#13240,POSITIVE_LENGTH_MEASURE(0.1),#12828);
#13240 = DRAUGHTING_PRE_DEFINED_CURVE_FONT('continuous');
#13241 = STYLED_ITEM('color',(#13242),#5273);
#13242 = PRESENTATION_STYLE_ASSIGNMENT((#13243,#13248));
#13243 = SURFACE_STYLE_USAGE(.BOTH.,#13244);
#13244 = SURFACE_SIDE_STYLE('',(#13245));
#13245 = SURFACE_STYLE_FILL_AREA(#13246);
#13246 = FILL_AREA_STYLE('',(#13247));
#13247 = FILL_AREA_STYLE_COLOUR('',#12828);
#13248 = CURVE_STYLE('',#13249,POSITIVE_LENGTH_MEASURE(0.1),#12828);
#13249 = DRAUGHTING_PRE_DEFINED_CURVE_FONT('continuous');
#13250 = STYLED_ITEM('color',(#13251),#5297);
#13251 = PRESENTATION_STYLE_ASSIGNMENT((#13252,#13257));
#13252 = SURFACE_STYLE_USAGE(.BOTH.,#13253);
#13253 = SURFACE_SIDE_STYLE('',(#13254));
#13254 = SURFACE_STYLE_FILL_AREA(#13255);
#13255 = FILL_AREA_STYLE('',(#13256));
#13256 = FILL_AREA_STYLE_COLOUR('',#12828);
#13257 = CURVE_STYLE('',#13258,POSITIVE_LENGTH_MEASURE(0.1),#12828);
#13258 = DRAUGHTING_PRE_DEFINED_CURVE_FONT('continuous');
#13259 = STYLED_ITEM('color',(#13260),#5314);
#13260 = PRESENTATION_STYLE_ASSIGNMENT((#13261,#13266));
#13261 = SURFACE_STYLE_USAGE(.BOTH.,#13262);
#13262 = SURFACE_SIDE_STYLE('',(#13263));
#13263 = SURFACE_STYLE_FILL_AREA(#13264);
#13264 = FILL_AREA_STYLE('',(#13265));
#13265 = FILL_AREA_STYLE_COLOUR('',#12828);
#13266 = CURVE_STYLE('',#13267,POSITIVE_LENGTH_MEASURE(0.1),#12828);
#13267 = DRAUGHTING_PRE_DEFINED_CURVE_FONT('continuous');
#13268 = STYLED_ITEM('color',(#13269),#5345);
#13269 = PRESENTATION_STYLE_ASSIGNMENT((#13270,#13275));
#13270 = SURFACE_STYLE_USAGE(.BOTH.,#13271);
#13271 = SURFACE_SIDE_STYLE('',(#13272));
#13272 = SURFACE_STYLE_FILL_AREA(#13273);
#13273 = FILL_AREA_STYLE('',(#13274));
#13274 = FILL_AREA_STYLE_COLOUR('',#12828);
#13275 = CURVE_STYLE('',#13276,POSITIVE_LENGTH_MEASURE(0.1),#12828);
#13276 = DRAUGHTING_PRE_DEFINED_CURVE_FONT('continuous');
#13277 = STYLED_ITEM('color',(#13278),#5369);
#13278 = PRESENTATION_STYLE_ASSIGNMENT((#13279,#13284));
#13279 = SURFACE_STYLE_USAGE(.BOTH.,#13280);
#13280 = SURFACE_SIDE_STYLE('',(#13281));
#13281 = SURFACE_STYLE_FILL_AREA(#13282);
#13282 = FILL_AREA_STYLE('',(#13283));
#13283 = FILL_AREA_STYLE_COLOUR('',#12828);
#13284 = CURVE_STYLE('',#13285,POSITIVE_LENGTH_MEASURE(0.1),#12828);
#13285 = DRAUGHTING_PRE_DEFINED_CURVE_FONT('continuous');
#13286 = STYLED_ITEM('color',(#13287),#5393);
#13287 = PRESENTATION_STYLE_ASSIGNMENT((#13288,#13293));
#13288 = SURFACE_STYLE_USAGE(.BOTH.,#13289);
#13289 = SURFACE_SIDE_STYLE('',(#13290));
#13290 = SURFACE_STYLE_FILL_AREA(#13291);
#13291 = FILL_AREA_STYLE('',(#13292));
#13292 = FILL_AREA_STYLE_COLOUR('',#12828);
#13293 = CURVE_STYLE('',#13294,POSITIVE_LENGTH_MEASURE(0.1),#12828);
#13294 = DRAUGHTING_PRE_DEFINED_CURVE_FONT('continuous');
#13295 = STYLED_ITEM('color',(#13296),#5410);
#13296 = PRESENTATION_STYLE_ASSIGNMENT((#13297,#13302));
#13297 = SURFACE_STYLE_USAGE(.BOTH.,#13298);
#13298 = SURFACE_SIDE_STYLE('',(#13299));
#13299 = SURFACE_STYLE_FILL_AREA(#13300);
#13300 = FILL_AREA_STYLE('',(#13301));
#13301 = FILL_AREA_STYLE_COLOUR('',#12828);
#13302 = CURVE_STYLE('',#13303,POSITIVE_LENGTH_MEASURE(0.1),#12828);
#13303 = DRAUGHTING_PRE_DEFINED_CURVE_FONT('continuous');
#13304 = STYLED_ITEM('color',(#13305),#5441);
#13305 = PRESENTATION_STYLE_ASSIGNMENT((#13306,#13311));
#13306 = SURFACE_STYLE_USAGE(.BOTH.,#13307);
#13307 = SURFACE_SIDE_STYLE('',(#13308));
#13308 = SURFACE_STYLE_FILL_AREA(#13309);
#13309 = FILL_AREA_STYLE('',(#13310));
#13310 = FILL_AREA_STYLE_COLOUR('',#12828);
#13311 = CURVE_STYLE('',#13312,POSITIVE_LENGTH_MEASURE(0.1),#12828);
#13312 = DRAUGHTING_PRE_DEFINED_CURVE_FONT('continuous');
#13313 = STYLED_ITEM('color',(#13314),#5465);
#13314 = PRESENTATION_STYLE_ASSIGNMENT((#13315,#13320));
#13315 = SURFACE_STYLE_USAGE(.BOTH.,#13316);
#13316 = SURFACE_SIDE_STYLE('',(#13317));
#13317 = SURFACE_STYLE_FILL_AREA(#13318);
#13318 = FILL_AREA_STYLE('',(#13319));
#13319 = FILL_AREA_STYLE_COLOUR('',#12828);
#13320 = CURVE_STYLE('',#13321,POSITIVE_LENGTH_MEASURE(0.1),#12828);
#13321 = DRAUGHTING_PRE_DEFINED_CURVE_FONT('continuous');
#13322 = STYLED_ITEM('color',(#13323),#5489);
#13323 = PRESENTATION_STYLE_ASSIGNMENT((#13324,#13329));
#13324 = SURFACE_STYLE_USAGE(.BOTH.,#13325);
#13325 = SURFACE_SIDE_STYLE('',(#13326));
#13326 = SURFACE_STYLE_FILL_AREA(#13327);
#13327 = FILL_AREA_STYLE('',(#13328));
#13328 = FILL_AREA_STYLE_COLOUR('',#12828);
#13329 = CURVE_STYLE('',#13330,POSITIVE_LENGTH_MEASURE(0.1),#12828);
#13330 = DRAUGHTING_PRE_DEFINED_CURVE_FONT('continuous');
#13331 = STYLED_ITEM('color',(#13332),#5506);
#13332 = PRESENTATION_STYLE_ASSIGNMENT((#13333,#13338));
#13333 = SURFACE_STYLE_USAGE(.BOTH.,#13334);
#13334 = SURFACE_SIDE_STYLE('',(#13335));
#13335 = SURFACE_STYLE_FILL_AREA(#13336);
#13336 = FILL_AREA_STYLE('',(#13337));
#13337 = FILL_AREA_STYLE_COLOUR('',#12828);
#13338 = CURVE_STYLE('',#13339,POSITIVE_LENGTH_MEASURE(0.1),#12828);
#13339 = DRAUGHTING_PRE_DEFINED_CURVE_FONT('continuous');
#13340 = STYLED_ITEM('color',(#13341),#5537);
#13341 = PRESENTATION_STYLE_ASSIGNMENT((#13342,#13347));
#13342 = SURFACE_STYLE_USAGE(.BOTH.,#13343);
#13343 = SURFACE_SIDE_STYLE('',(#13344));
#13344 = SURFACE_STYLE_FILL_AREA(#13345);
#13345 = FILL_AREA_STYLE('',(#13346));
#13346 = FILL_AREA_STYLE_COLOUR('',#12828);
#13347 = CURVE_STYLE('',#13348,POSITIVE_LENGTH_MEASURE(0.1),#12828);
#13348 = DRAUGHTING_PRE_DEFINED_CURVE_FONT('continuous');
#13349 = STYLED_ITEM('color',(#13350),#5561);
#13350 = PRESENTATION_STYLE_ASSIGNMENT((#13351,#13356));
#13351 = SURFACE_STYLE_USAGE(.BOTH.,#13352);
#13352 = SURFACE_SIDE_STYLE('',(#13353));
#13353 = SURFACE_STYLE_FILL_AREA(#13354);
#13354 = FILL_AREA_STYLE('',(#13355));
#13355 = FILL_AREA_STYLE_COLOUR('',#12828);
#13356 = CURVE_STYLE('',#13357,POSITIVE_LENGTH_MEASURE(0.1),#12828);
#13357 = DRAUGHTING_PRE_DEFINED_CURVE_FONT('continuous');
#13358 = STYLED_ITEM('color',(#13359),#5585);
#13359 = PRESENTATION_STYLE_ASSIGNMENT((#13360,#13365));
#13360 = SURFACE_STYLE_USAGE(.BOTH.,#13361);
#13361 = SURFACE_SIDE_STYLE('',(#13362));
#13362 = SURFACE_STYLE_FILL_AREA(#13363);
#13363 = FILL_AREA_STYLE('',(#13364));
#13364 = FILL_AREA_STYLE_COLOUR('',#12828);
#13365 = CURVE_STYLE('',#13366,POSITIVE_LENGTH_MEASURE(0.1),#12828);
#13366 = DRAUGHTING_PRE_DEFINED_CURVE_FONT('continuous');
#13367 = STYLED_ITEM('color',(#13368),#5602);
#13368 = PRESENTATION_STYLE_ASSIGNMENT((#13369,#13374));
#13369 = SURFACE_STYLE_USAGE(.BOTH.,#13370);
#13370 = SURFACE_SIDE_STYLE('',(#13371));
#13371 = SURFACE_STYLE_FILL_AREA(#13372);
#13372 = FILL_AREA_STYLE('',(#13373));
#13373 = FILL_AREA_STYLE_COLOUR('',#12828);
#13374 = CURVE_STYLE('',#13375,POSITIVE_LENGTH_MEASURE(0.1),#12828);
#13375 = DRAUGHTING_PRE_DEFINED_CURVE_FONT('continuous');
#13376 = STYLED_ITEM('color',(#13377),#5633);
#13377 = PRESENTATION_STYLE_ASSIGNMENT((#13378,#13383));
#13378 = SURFACE_STYLE_USAGE(.BOTH.,#13379);
#13379 = SURFACE_SIDE_STYLE('',(#13380));
#13380 = SURFACE_STYLE_FILL_AREA(#13381);
#13381 = FILL_AREA_STYLE('',(#13382));
#13382 = FILL_AREA_STYLE_COLOUR('',#12828);
#13383 = CURVE_STYLE('',#13384,POSITIVE_LENGTH_MEASURE(0.1),#12828);
#13384 = DRAUGHTING_PRE_DEFINED_CURVE_FONT('continuous');
#13385 = STYLED_ITEM('color',(#13386),#5657);
#13386 = PRESENTATION_STYLE_ASSIGNMENT((#13387,#13392));
#13387 = SURFACE_STYLE_USAGE(.BOTH.,#13388);
#13388 = SURFACE_SIDE_STYLE('',(#13389));
#13389 = SURFACE_STYLE_FILL_AREA(#13390);
#13390 = FILL_AREA_STYLE('',(#13391));
#13391 = FILL_AREA_STYLE_COLOUR('',#12828);
#13392 = CURVE_STYLE('',#13393,POSITIVE_LENGTH_MEASURE(0.1),#12828);
#13393 = DRAUGHTING_PRE_DEFINED_CURVE_FONT('continuous');
#13394 = STYLED_ITEM('color',(#13395),#5681);
#13395 = PRESENTATION_STYLE_ASSIGNMENT((#13396,#13401));
#13396 = SURFACE_STYLE_USAGE(.BOTH.,#13397);
#13397 = SURFACE_SIDE_STYLE('',(#13398));
#13398 = SURFACE_STYLE_FILL_AREA(#13399);
#13399 = FILL_AREA_STYLE('',(#13400));
#13400 = FILL_AREA_STYLE_COLOUR('',#12828);
#13401 = CURVE_STYLE('',#13402,POSITIVE_LENGTH_MEASURE(0.1),#12828);
#13402 = DRAUGHTING_PRE_DEFINED_CURVE_FONT('continuous');
#13403 = STYLED_ITEM('color',(#13404),#5698);
#13404 = PRESENTATION_STYLE_ASSIGNMENT((#13405,#13410));
#13405 = SURFACE_STYLE_USAGE(.BOTH.,#13406);
#13406 = SURFACE_SIDE_STYLE('',(#13407));
#13407 = SURFACE_STYLE_FILL_AREA(#13408);
#13408 = FILL_AREA_STYLE('',(#13409));
#13409 = FILL_AREA_STYLE_COLOUR('',#12828);
#13410 = CURVE_STYLE('',#13411,POSITIVE_LENGTH_MEASURE(0.1),#12828);
#13411 = DRAUGHTING_PRE_DEFINED_CURVE_FONT('continuous');
#13412 = STYLED_ITEM('color',(#13413),#5729);
#13413 = PRESENTATION_STYLE_ASSIGNMENT((#13414,#13419));
#13414 = SURFACE_STYLE_USAGE(.BOTH.,#13415);
#13415 = SURFACE_SIDE_STYLE('',(#13416));
#13416 = SURFACE_STYLE_FILL_AREA(#13417);
#13417 = FILL_AREA_STYLE('',(#13418));
#13418 = FILL_AREA_STYLE_COLOUR('',#12828);
#13419 = CURVE_STYLE('',#13420,POSITIVE_LENGTH_MEASURE(0.1),#12828);
#13420 = DRAUGHTING_PRE_DEFINED_CURVE_FONT('continuous');
#13421 = STYLED_ITEM('color',(#13422),#5753);
#13422 = PRESENTATION_STYLE_ASSIGNMENT((#13423,#13428));
#13423 = SURFACE_STYLE_USAGE(.BOTH.,#13424);
#13424 = SURFACE_SIDE_STYLE('',(#13425));
#13425 = SURFACE_STYLE_FILL_AREA(#13426);
#13426 = FILL_AREA_STYLE('',(#13427));
#13427 = FILL_AREA_STYLE_COLOUR('',#12828);
#13428 = CURVE_STYLE('',#13429,POSITIVE_LENGTH_MEASURE(0.1),#12828);
#13429 = DRAUGHTING_PRE_DEFINED_CURVE_FONT('continuous');
#13430 = STYLED_ITEM('color',(#13431),#5777);
#13431 = PRESENTATION_STYLE_ASSIGNMENT((#13432,#13437));
#13432 = SURFACE_STYLE_USAGE(.BOTH.,#13433);
#13433 = SURFACE_SIDE_STYLE('',(#13434));
#13434 = SURFACE_STYLE_FILL_AREA(#13435);
#13435 = FILL_AREA_STYLE('',(#13436));
#13436 = FILL_AREA_STYLE_COLOUR('',#12828);
#13437 = CURVE_STYLE('',#13438,POSITIVE_LENGTH_MEASURE(0.1),#12828);
#13438 = DRAUGHTING_PRE_DEFINED_CURVE_FONT('continuous');
#13439 = STYLED_ITEM('color',(#13440),#5794);
#13440 = PRESENTATION_STYLE_ASSIGNMENT((#13441,#13446));
#13441 = SURFACE_STYLE_USAGE(.BOTH.,#13442);
#13442 = SURFACE_SIDE_STYLE('',(#13443));
#13443 = SURFACE_STYLE_FILL_AREA(#13444);
#13444 = FILL_AREA_STYLE('',(#13445));
#13445 = FILL_AREA_STYLE_COLOUR('',#12995);
#13446 = CURVE_STYLE('',#13447,POSITIVE_LENGTH_MEASURE(0.1),#12995);
#13447 = DRAUGHTING_PRE_DEFINED_CURVE_FONT('continuous');
#13448 = STYLED_ITEM('color',(#13449),#5811);
#13449 = PRESENTATION_STYLE_ASSIGNMENT((#13450,#13455));
#13450 = SURFACE_STYLE_USAGE(.BOTH.,#13451);
#13451 = SURFACE_SIDE_STYLE('',(#13452));
#13452 = SURFACE_STYLE_FILL_AREA(#13453);
#13453 = FILL_AREA_STYLE('',(#13454));
#13454 = FILL_AREA_STYLE_COLOUR('',#12995);
#13455 = CURVE_STYLE('',#13456,POSITIVE_LENGTH_MEASURE(0.1),#12995);
#13456 = DRAUGHTING_PRE_DEFINED_CURVE_FONT('continuous');
#13457 = STYLED_ITEM('color',(#13458),#5858);
#13458 = PRESENTATION_STYLE_ASSIGNMENT((#13459,#13464));
#13459 = SURFACE_STYLE_USAGE(.BOTH.,#13460);
#13460 = SURFACE_SIDE_STYLE('',(#13461));
#13461 = SURFACE_STYLE_FILL_AREA(#13462);
#13462 = FILL_AREA_STYLE('',(#13463));
#13463 = FILL_AREA_STYLE_COLOUR('',#12995);
#13464 = CURVE_STYLE('',#13465,POSITIVE_LENGTH_MEASURE(0.1),#12995);
#13465 = DRAUGHTING_PRE_DEFINED_CURVE_FONT('continuous');
#13466 = STYLED_ITEM('color',(#13467),#5875);
#13467 = PRESENTATION_STYLE_ASSIGNMENT((#13468,#13473));
#13468 = SURFACE_STYLE_USAGE(.BOTH.,#13469);
#13469 = SURFACE_SIDE_STYLE('',(#13470));
#13470 = SURFACE_STYLE_FILL_AREA(#13471);
#13471 = FILL_AREA_STYLE('',(#13472));
#13472 = FILL_AREA_STYLE_COLOUR('',#12995);
#13473 = CURVE_STYLE('',#13474,POSITIVE_LENGTH_MEASURE(0.1),#12995);
#13474 = DRAUGHTING_PRE_DEFINED_CURVE_FONT('continuous');
#13475 = STYLED_ITEM('color',(#13476),#5922);
#13476 = PRESENTATION_STYLE_ASSIGNMENT((#13477,#13482));
#13477 = SURFACE_STYLE_USAGE(.BOTH.,#13478);
#13478 = SURFACE_SIDE_STYLE('',(#13479));
#13479 = SURFACE_STYLE_FILL_AREA(#13480);
#13480 = FILL_AREA_STYLE('',(#13481));
#13481 = FILL_AREA_STYLE_COLOUR('',#12995);
#13482 = CURVE_STYLE('',#13483,POSITIVE_LENGTH_MEASURE(0.1),#12995);
#13483 = DRAUGHTING_PRE_DEFINED_CURVE_FONT('continuous');
#13484 = STYLED_ITEM('color',(#13485),#5939);
#13485 = PRESENTATION_STYLE_ASSIGNMENT((#13486,#13491));
#13486 = SURFACE_STYLE_USAGE(.BOTH.,#13487);
#13487 = SURFACE_SIDE_STYLE('',(#13488));
#13488 = SURFACE_STYLE_FILL_AREA(#13489);
#13489 = FILL_AREA_STYLE('',(#13490));
#13490 = FILL_AREA_STYLE_COLOUR('',#12995);
#13491 = CURVE_STYLE('',#13492,POSITIVE_LENGTH_MEASURE(0.1),#12995);
#13492 = DRAUGHTING_PRE_DEFINED_CURVE_FONT('continuous');
#13493 = STYLED_ITEM('color',(#13494),#5986);
#13494 = PRESENTATION_STYLE_ASSIGNMENT((#13495,#13500));
#13495 = SURFACE_STYLE_USAGE(.BOTH.,#13496);
#13496 = SURFACE_SIDE_STYLE('',(#13497));
#13497 = SURFACE_STYLE_FILL_AREA(#13498);
#13498 = FILL_AREA_STYLE('',(#13499));
#13499 = FILL_AREA_STYLE_COLOUR('',#12995);
#13500 = CURVE_STYLE('',#13501,POSITIVE_LENGTH_MEASURE(0.1),#12995);
#13501 = DRAUGHTING_PRE_DEFINED_CURVE_FONT('continuous');
#13502 = STYLED_ITEM('color',(#13503),#6003);
#13503 = PRESENTATION_STYLE_ASSIGNMENT((#13504,#13509));
#13504 = SURFACE_STYLE_USAGE(.BOTH.,#13505);
#13505 = SURFACE_SIDE_STYLE('',(#13506));
#13506 = SURFACE_STYLE_FILL_AREA(#13507);
#13507 = FILL_AREA_STYLE('',(#13508));
#13508 = FILL_AREA_STYLE_COLOUR('',#12995);
#13509 = CURVE_STYLE('',#13510,POSITIVE_LENGTH_MEASURE(0.1),#12995);
#13510 = DRAUGHTING_PRE_DEFINED_CURVE_FONT('continuous');
#13511 = STYLED_ITEM('color',(#13512),#6050);
#13512 = PRESENTATION_STYLE_ASSIGNMENT((#13513,#13518));
#13513 = SURFACE_STYLE_USAGE(.BOTH.,#13514);
#13514 = SURFACE_SIDE_STYLE('',(#13515));
#13515 = SURFACE_STYLE_FILL_AREA(#13516);
#13516 = FILL_AREA_STYLE('',(#13517));
#13517 = FILL_AREA_STYLE_COLOUR('',#12995);
#13518 = CURVE_STYLE('',#13519,POSITIVE_LENGTH_MEASURE(0.1),#12995);
#13519 = DRAUGHTING_PRE_DEFINED_CURVE_FONT('continuous');
#13520 = STYLED_ITEM('color',(#13521),#6067);
#13521 = PRESENTATION_STYLE_ASSIGNMENT((#13522,#13527));
#13522 = SURFACE_STYLE_USAGE(.BOTH.,#13523);
#13523 = SURFACE_SIDE_STYLE('',(#13524));
#13524 = SURFACE_STYLE_FILL_AREA(#13525);
#13525 = FILL_AREA_STYLE('',(#13526));
#13526 = FILL_AREA_STYLE_COLOUR('',#12995);
#13527 = CURVE_STYLE('',#13528,POSITIVE_LENGTH_MEASURE(0.1),#12995);
#13528 = DRAUGHTING_PRE_DEFINED_CURVE_FONT('continuous');
#13529 = STYLED_ITEM('color',(#13530),#6114);
#13530 = PRESENTATION_STYLE_ASSIGNMENT((#13531,#13536));
#13531 = SURFACE_STYLE_USAGE(.BOTH.,#13532);
#13532 = SURFACE_SIDE_STYLE('',(#13533));
#13533 = SURFACE_STYLE_FILL_AREA(#13534);
#13534 = FILL_AREA_STYLE('',(#13535));
#13535 = FILL_AREA_STYLE_COLOUR('',#12995);
#13536 = CURVE_STYLE('',#13537,POSITIVE_LENGTH_MEASURE(0.1),#12995);
#13537 = DRAUGHTING_PRE_DEFINED_CURVE_FONT('continuous');
#13538 = STYLED_ITEM('color',(#13539),#6131);
#13539 = PRESENTATION_STYLE_ASSIGNMENT((#13540,#13545));
#13540 = SURFACE_STYLE_USAGE(.BOTH.,#13541);
#13541 = SURFACE_SIDE_STYLE('',(#13542));
#13542 = SURFACE_STYLE_FILL_AREA(#13543);
#13543 = FILL_AREA_STYLE('',(#13544));
#13544 = FILL_AREA_STYLE_COLOUR('',#12995);
#13545 = CURVE_STYLE('',#13546,POSITIVE_LENGTH_MEASURE(0.1),#12995);
#13546 = DRAUGHTING_PRE_DEFINED_CURVE_FONT('continuous');
#13547 = STYLED_ITEM('color',(#13548),#6178);
#13548 = PRESENTATION_STYLE_ASSIGNMENT((#13549,#13554));
#13549 = SURFACE_STYLE_USAGE(.BOTH.,#13550);
#13550 = SURFACE_SIDE_STYLE('',(#13551));
#13551 = SURFACE_STYLE_FILL_AREA(#13552);
#13552 = FILL_AREA_STYLE('',(#13553));
#13553 = FILL_AREA_STYLE_COLOUR('',#12995);
#13554 = CURVE_STYLE('',#13555,POSITIVE_LENGTH_MEASURE(0.1),#12995);
#13555 = DRAUGHTING_PRE_DEFINED_CURVE_FONT('continuous');
#13556 = STYLED_ITEM('color',(#13557),#6195);
#13557 = PRESENTATION_STYLE_ASSIGNMENT((#13558,#13563));
#13558 = SURFACE_STYLE_USAGE(.BOTH.,#13559);
#13559 = SURFACE_SIDE_STYLE('',(#13560));
#13560 = SURFACE_STYLE_FILL_AREA(#13561);
#13561 = FILL_AREA_STYLE('',(#13562));
#13562 = FILL_AREA_STYLE_COLOUR('',#12995);
#13563 = CURVE_STYLE('',#13564,POSITIVE_LENGTH_MEASURE(0.1),#12995);
#13564 = DRAUGHTING_PRE_DEFINED_CURVE_FONT('continuous');
#13565 = STYLED_ITEM('color',(#13566),#6242);
#13566 = PRESENTATION_STYLE_ASSIGNMENT((#13567,#13572));
#13567 = SURFACE_STYLE_USAGE(.BOTH.,#13568);
#13568 = SURFACE_SIDE_STYLE('',(#13569));
#13569 = SURFACE_STYLE_FILL_AREA(#13570);
#13570 = FILL_AREA_STYLE('',(#13571));
#13571 = FILL_AREA_STYLE_COLOUR('',#12995);
#13572 = CURVE_STYLE('',#13573,POSITIVE_LENGTH_MEASURE(0.1),#12995);
#13573 = DRAUGHTING_PRE_DEFINED_CURVE_FONT('continuous');
#13574 = STYLED_ITEM('color',(#13575),#6259);
#13575 = PRESENTATION_STYLE_ASSIGNMENT((#13576,#13581));
#13576 = SURFACE_STYLE_USAGE(.BOTH.,#13577);
#13577 = SURFACE_SIDE_STYLE('',(#13578));
#13578 = SURFACE_STYLE_FILL_AREA(#13579);
#13579 = FILL_AREA_STYLE('',(#13580));
#13580 = FILL_AREA_STYLE_COLOUR('',#12995);
#13581 = CURVE_STYLE('',#13582,POSITIVE_LENGTH_MEASURE(0.1),#12995);
#13582 = DRAUGHTING_PRE_DEFINED_CURVE_FONT('continuous');
#13583 = STYLED_ITEM('color',(#13584),#6306);
#13584 = PRESENTATION_STYLE_ASSIGNMENT((#13585,#13590));
#13585 = SURFACE_STYLE_USAGE(.BOTH.,#13586);
#13586 = SURFACE_SIDE_STYLE('',(#13587));
#13587 = SURFACE_STYLE_FILL_AREA(#13588);
#13588 = FILL_AREA_STYLE('',(#13589));
#13589 = FILL_AREA_STYLE_COLOUR('',#12995);
#13590 = CURVE_STYLE('',#13591,POSITIVE_LENGTH_MEASURE(0.1),#12995);
#13591 = DRAUGHTING_PRE_DEFINED_CURVE_FONT('continuous');
#13592 = STYLED_ITEM('color',(#13593),#6323);
#13593 = PRESENTATION_STYLE_ASSIGNMENT((#13594,#13599));
#13594 = SURFACE_STYLE_USAGE(.BOTH.,#13595);
#13595 = SURFACE_SIDE_STYLE('',(#13596));
#13596 = SURFACE_STYLE_FILL_AREA(#13597);
#13597 = FILL_AREA_STYLE('',(#13598));
#13598 = FILL_AREA_STYLE_COLOUR('',#12995);
#13599 = CURVE_STYLE('',#13600,POSITIVE_LENGTH_MEASURE(0.1),#12995);
#13600 = DRAUGHTING_PRE_DEFINED_CURVE_FONT('continuous');
#13601 = STYLED_ITEM('color',(#13602),#6370);
#13602 = PRESENTATION_STYLE_ASSIGNMENT((#13603,#13608));
#13603 = SURFACE_STYLE_USAGE(.BOTH.,#13604);
#13604 = SURFACE_SIDE_STYLE('',(#13605));
#13605 = SURFACE_STYLE_FILL_AREA(#13606);
#13606 = FILL_AREA_STYLE('',(#13607));
#13607 = FILL_AREA_STYLE_COLOUR('',#12995);
#13608 = CURVE_STYLE('',#13609,POSITIVE_LENGTH_MEASURE(0.1),#12995);
#13609 = DRAUGHTING_PRE_DEFINED_CURVE_FONT('continuous');
#13610 = STYLED_ITEM('color',(#13611),#6387);
#13611 = PRESENTATION_STYLE_ASSIGNMENT((#13612,#13617));
#13612 = SURFACE_STYLE_USAGE(.BOTH.,#13613);
#13613 = SURFACE_SIDE_STYLE('',(#13614));
#13614 = SURFACE_STYLE_FILL_AREA(#13615);
#13615 = FILL_AREA_STYLE('',(#13616));
#13616 = FILL_AREA_STYLE_COLOUR('',#12995);
#13617 = CURVE_STYLE('',#13618,POSITIVE_LENGTH_MEASURE(0.1),#12995);
#13618 = DRAUGHTING_PRE_DEFINED_CURVE_FONT('continuous');
#13619 = STYLED_ITEM('color',(#13620),#6434);
#13620 = PRESENTATION_STYLE_ASSIGNMENT((#13621,#13626));
#13621 = SURFACE_STYLE_USAGE(.BOTH.,#13622);
#13622 = SURFACE_SIDE_STYLE('',(#13623));
#13623 = SURFACE_STYLE_FILL_AREA(#13624);
#13624 = FILL_AREA_STYLE('',(#13625));
#13625 = FILL_AREA_STYLE_COLOUR('',#12995);
#13626 = CURVE_STYLE('',#13627,POSITIVE_LENGTH_MEASURE(0.1),#12995);
#13627 = DRAUGHTING_PRE_DEFINED_CURVE_FONT('continuous');
#13628 = STYLED_ITEM('color',(#13629),#6451);
#13629 = PRESENTATION_STYLE_ASSIGNMENT((#13630,#13635));
#13630 = SURFACE_STYLE_USAGE(.BOTH.,#13631);
#13631 = SURFACE_SIDE_STYLE('',(#13632));
#13632 = SURFACE_STYLE_FILL_AREA(#13633);
#13633 = FILL_AREA_STYLE('',(#13634));
#13634 = FILL_AREA_STYLE_COLOUR('',#12995);
#13635 = CURVE_STYLE('',#13636,POSITIVE_LENGTH_MEASURE(0.1),#12995);
#13636 = DRAUGHTING_PRE_DEFINED_CURVE_FONT('continuous');
#13637 = STYLED_ITEM('color',(#13638),#6498);
#13638 = PRESENTATION_STYLE_ASSIGNMENT((#13639,#13644));
#13639 = SURFACE_STYLE_USAGE(.BOTH.,#13640);
#13640 = SURFACE_SIDE_STYLE('',(#13641));
#13641 = SURFACE_STYLE_FILL_AREA(#13642);
#13642 = FILL_AREA_STYLE('',(#13643));
#13643 = FILL_AREA_STYLE_COLOUR('',#12995);
#13644 = CURVE_STYLE('',#13645,POSITIVE_LENGTH_MEASURE(0.1),#12995);
#13645 = DRAUGHTING_PRE_DEFINED_CURVE_FONT('continuous');
#13646 = STYLED_ITEM('color',(#13647),#6515);
#13647 = PRESENTATION_STYLE_ASSIGNMENT((#13648,#13653));
#13648 = SURFACE_STYLE_USAGE(.BOTH.,#13649);
#13649 = SURFACE_SIDE_STYLE('',(#13650));
#13650 = SURFACE_STYLE_FILL_AREA(#13651);
#13651 = FILL_AREA_STYLE('',(#13652));
#13652 = FILL_AREA_STYLE_COLOUR('',#12995);
#13653 = CURVE_STYLE('',#13654,POSITIVE_LENGTH_MEASURE(0.1),#12995);
#13654 = DRAUGHTING_PRE_DEFINED_CURVE_FONT('continuous');
#13655 = STYLED_ITEM('color',(#13656),#6562);
#13656 = PRESENTATION_STYLE_ASSIGNMENT((#13657,#13662));
#13657 = SURFACE_STYLE_USAGE(.BOTH.,#13658);
#13658 = SURFACE_SIDE_STYLE('',(#13659));
#13659 = SURFACE_STYLE_FILL_AREA(#13660);
#13660 = FILL_AREA_STYLE('',(#13661));
#13661 = FILL_AREA_STYLE_COLOUR('',#12995);
#13662 = CURVE_STYLE('',#13663,POSITIVE_LENGTH_MEASURE(0.1),#12995);
#13663 = DRAUGHTING_PRE_DEFINED_CURVE_FONT('continuous');
#13664 = STYLED_ITEM('color',(#13665),#6579);
#13665 = PRESENTATION_STYLE_ASSIGNMENT((#13666,#13671));
#13666 = SURFACE_STYLE_USAGE(.BOTH.,#13667);
#13667 = SURFACE_SIDE_STYLE('',(#13668));
#13668 = SURFACE_STYLE_FILL_AREA(#13669);
#13669 = FILL_AREA_STYLE('',(#13670));
#13670 = FILL_AREA_STYLE_COLOUR('',#12995);
#13671 = CURVE_STYLE('',#13672,POSITIVE_LENGTH_MEASURE(0.1),#12995);
#13672 = DRAUGHTING_PRE_DEFINED_CURVE_FONT('continuous');
#13673 = STYLED_ITEM('color',(#13674),#6626);
#13674 = PRESENTATION_STYLE_ASSIGNMENT((#13675,#13680));
#13675 = SURFACE_STYLE_USAGE(.BOTH.,#13676);
#13676 = SURFACE_SIDE_STYLE('',(#13677));
#13677 = SURFACE_STYLE_FILL_AREA(#13678);
#13678 = FILL_AREA_STYLE('',(#13679));
#13679 = FILL_AREA_STYLE_COLOUR('',#12995);
#13680 = CURVE_STYLE('',#13681,POSITIVE_LENGTH_MEASURE(0.1),#12995);
#13681 = DRAUGHTING_PRE_DEFINED_CURVE_FONT('continuous');
#13682 = STYLED_ITEM('color',(#13683),#6643);
#13683 = PRESENTATION_STYLE_ASSIGNMENT((#13684,#13689));
#13684 = SURFACE_STYLE_USAGE(.BOTH.,#13685);
#13685 = SURFACE_SIDE_STYLE('',(#13686));
#13686 = SURFACE_STYLE_FILL_AREA(#13687);
#13687 = FILL_AREA_STYLE('',(#13688));
#13688 = FILL_AREA_STYLE_COLOUR('',#12995);
#13689 = CURVE_STYLE('',#13690,POSITIVE_LENGTH_MEASURE(0.1),#12995);
#13690 = DRAUGHTING_PRE_DEFINED_CURVE_FONT('continuous');
#13691 = STYLED_ITEM('color',(#13692),#6690);
#13692 = PRESENTATION_STYLE_ASSIGNMENT((#13693,#13698));
#13693 = SURFACE_STYLE_USAGE(.BOTH.,#13694);
#13694 = SURFACE_SIDE_STYLE('',(#13695));
#13695 = SURFACE_STYLE_FILL_AREA(#13696);
#13696 = FILL_AREA_STYLE('',(#13697));
#13697 = FILL_AREA_STYLE_COLOUR('',#12995);
#13698 = CURVE_STYLE('',#13699,POSITIVE_LENGTH_MEASURE(0.1),#12995);
#13699 = DRAUGHTING_PRE_DEFINED_CURVE_FONT('continuous');
#13700 = STYLED_ITEM('color',(#13701),#6707);
#13701 = PRESENTATION_STYLE_ASSIGNMENT((#13702,#13707));
#13702 = SURFACE_STYLE_USAGE(.BOTH.,#13703);
#13703 = SURFACE_SIDE_STYLE('',(#13704));
#13704 = SURFACE_STYLE_FILL_AREA(#13705);
#13705 = FILL_AREA_STYLE('',(#13706));
#13706 = FILL_AREA_STYLE_COLOUR('',#12995);
#13707 = CURVE_STYLE('',#13708,POSITIVE_LENGTH_MEASURE(0.1),#12995);
#13708 = DRAUGHTING_PRE_DEFINED_CURVE_FONT('continuous');
#13709 = STYLED_ITEM('color',(#13710),#6754);
#13710 = PRESENTATION_STYLE_ASSIGNMENT((#13711,#13716));
#13711 = SURFACE_STYLE_USAGE(.BOTH.,#13712);
#13712 = SURFACE_SIDE_STYLE('',(#13713));
#13713 = SURFACE_STYLE_FILL_AREA(#13714);
#13714 = FILL_AREA_STYLE('',(#13715));
#13715 = FILL_AREA_STYLE_COLOUR('',#12995);
#13716 = CURVE_STYLE('',#13717,POSITIVE_LENGTH_MEASURE(0.1),#12995);
#13717 = DRAUGHTING_PRE_DEFINED_CURVE_FONT('continuous');
#13718 = STYLED_ITEM('color',(#13719),#6771);
#13719 = PRESENTATION_STYLE_ASSIGNMENT((#13720,#13725));
#13720 = SURFACE_STYLE_USAGE(.BOTH.,#13721);
#13721 = SURFACE_SIDE_STYLE('',(#13722));
#13722 = SURFACE_STYLE_FILL_AREA(#13723);
#13723 = FILL_AREA_STYLE('',(#13724));
#13724 = FILL_AREA_STYLE_COLOUR('',#12995);
#13725 = CURVE_STYLE('',#13726,POSITIVE_LENGTH_MEASURE(0.1),#12995);
#13726 = DRAUGHTING_PRE_DEFINED_CURVE_FONT('continuous');
#13727 = STYLED_ITEM('color',(#13728),#6818);
#13728 = PRESENTATION_STYLE_ASSIGNMENT((#13729,#13734));
#13729 = SURFACE_STYLE_USAGE(.BOTH.,#13730);
#13730 = SURFACE_SIDE_STYLE('',(#13731));
#13731 = SURFACE_STYLE_FILL_AREA(#13732);
#13732 = FILL_AREA_STYLE('',(#13733));
#13733 = FILL_AREA_STYLE_COLOUR('',#12828);
#13734 = CURVE_STYLE('',#13735,POSITIVE_LENGTH_MEASURE(0.1),#12828);
#13735 = DRAUGHTING_PRE_DEFINED_CURVE_FONT('continuous');
#13736 = STYLED_ITEM('color',(#13737),#6849);
#13737 = PRESENTATION_STYLE_ASSIGNMENT((#13738,#13743));
#13738 = SURFACE_STYLE_USAGE(.BOTH.,#13739);
#13739 = SURFACE_SIDE_STYLE('',(#13740));
#13740 = SURFACE_STYLE_FILL_AREA(#13741);
#13741 = FILL_AREA_STYLE('',(#13742));
#13742 = FILL_AREA_STYLE_COLOUR('',#12828);
#13743 = CURVE_STYLE('',#13744,POSITIVE_LENGTH_MEASURE(0.1),#12828);
#13744 = DRAUGHTING_PRE_DEFINED_CURVE_FONT('continuous');
#13745 = OVER_RIDING_STYLED_ITEM('overriding color',(#13746),#6863,
  #13736);
#13746 = PRESENTATION_STYLE_ASSIGNMENT((#13747,#13752));
#13747 = SURFACE_STYLE_USAGE(.BOTH.,#13748);
#13748 = SURFACE_SIDE_STYLE('',(#13749));
#13749 = SURFACE_STYLE_FILL_AREA(#13750);
#13750 = FILL_AREA_STYLE('',(#13751));
#13751 = FILL_AREA_STYLE_COLOUR('',#12995);
#13752 = CURVE_STYLE('',#13753,POSITIVE_LENGTH_MEASURE(0.1),#12995);
#13753 = DRAUGHTING_PRE_DEFINED_CURVE_FONT('continuous');
#13754 = OVER_RIDING_STYLED_ITEM('overriding color',(#13755),#6879,
  #13736);
#13755 = PRESENTATION_STYLE_ASSIGNMENT((#13756,#13761));
#13756 = SURFACE_STYLE_USAGE(.BOTH.,#13757);
#13757 = SURFACE_SIDE_STYLE('',(#13758));
#13758 = SURFACE_STYLE_FILL_AREA(#13759);
#13759 = FILL_AREA_STYLE('',(#13760));
#13760 = FILL_AREA_STYLE_COLOUR('',#12995);
#13761 = CURVE_STYLE('',#13762,POSITIVE_LENGTH_MEASURE(0.1),#12995);
#13762 = DRAUGHTING_PRE_DEFINED_CURVE_FONT('continuous');
#13763 = STYLED_ITEM('color',(#13764),#6905);
#13764 = PRESENTATION_STYLE_ASSIGNMENT((#13765,#13770));
#13765 = SURFACE_STYLE_USAGE(.BOTH.,#13766);
#13766 = SURFACE_SIDE_STYLE('',(#13767));
#13767 = SURFACE_STYLE_FILL_AREA(#13768);
#13768 = FILL_AREA_STYLE('',(#13769));
#13769 = FILL_AREA_STYLE_COLOUR('',#12828);
#13770 = CURVE_STYLE('',#13771,POSITIVE_LENGTH_MEASURE(0.1),#12828);
#13771 = DRAUGHTING_PRE_DEFINED_CURVE_FONT('continuous');
#13772 = STYLED_ITEM('color',(#13773),#6929);
#13773 = PRESENTATION_STYLE_ASSIGNMENT((#13774,#13779));
#13774 = SURFACE_STYLE_USAGE(.BOTH.,#13775);
#13775 = SURFACE_SIDE_STYLE('',(#13776));
#13776 = SURFACE_STYLE_FILL_AREA(#13777);
#13777 = FILL_AREA_STYLE('',(#13778));
#13778 = FILL_AREA_STYLE_COLOUR('',#12828);
#13779 = CURVE_STYLE('',#13780,POSITIVE_LENGTH_MEASURE(0.1),#12828);
#13780 = DRAUGHTING_PRE_DEFINED_CURVE_FONT('continuous');
#13781 = OVER_RIDING_STYLED_ITEM('overriding color',(#13782),#6943,
  #13772);
#13782 = PRESENTATION_STYLE_ASSIGNMENT((#13783,#13788));
#13783 = SURFACE_STYLE_USAGE(.BOTH.,#13784);
#13784 = SURFACE_SIDE_STYLE('',(#13785));
#13785 = SURFACE_STYLE_FILL_AREA(#13786);
#13786 = FILL_AREA_STYLE('',(#13787));
#13787 = FILL_AREA_STYLE_COLOUR('',#12995);
#13788 = CURVE_STYLE('',#13789,POSITIVE_LENGTH_MEASURE(0.1),#12995);
#13789 = DRAUGHTING_PRE_DEFINED_CURVE_FONT('continuous');
#13790 = OVER_RIDING_STYLED_ITEM('overriding color',(#13791),#6959,
  #13772);
#13791 = PRESENTATION_STYLE_ASSIGNMENT((#13792,#13797));
#13792 = SURFACE_STYLE_USAGE(.BOTH.,#13793);
#13793 = SURFACE_SIDE_STYLE('',(#13794));
#13794 = SURFACE_STYLE_FILL_AREA(#13795);
#13795 = FILL_AREA_STYLE('',(#13796));
#13796 = FILL_AREA_STYLE_COLOUR('',#12995);
#13797 = CURVE_STYLE('',#13798,POSITIVE_LENGTH_MEASURE(0.1),#12995);
#13798 = DRAUGHTING_PRE_DEFINED_CURVE_FONT('continuous');
#13799 = STYLED_ITEM('color',(#13800),#6978);
#13800 = PRESENTATION_STYLE_ASSIGNMENT((#13801,#13806));
#13801 = SURFACE_STYLE_USAGE(.BOTH.,#13802);
#13802 = SURFACE_SIDE_STYLE('',(#13803));
#13803 = SURFACE_STYLE_FILL_AREA(#13804);
#13804 = FILL_AREA_STYLE('',(#13805));
#13805 = FILL_AREA_STYLE_COLOUR('',#12828);
#13806 = CURVE_STYLE('',#13807,POSITIVE_LENGTH_MEASURE(0.1),#12828);
#13807 = DRAUGHTING_PRE_DEFINED_CURVE_FONT('continuous');
#13808 = STYLED_ITEM('color',(#13809),#7009);
#13809 = PRESENTATION_STYLE_ASSIGNMENT((#13810,#13815));
#13810 = SURFACE_STYLE_USAGE(.BOTH.,#13811);
#13811 = SURFACE_SIDE_STYLE('',(#13812));
#13812 = SURFACE_STYLE_FILL_AREA(#13813);
#13813 = FILL_AREA_STYLE('',(#13814));
#13814 = FILL_AREA_STYLE_COLOUR('',#12828);
#13815 = CURVE_STYLE('',#13816,POSITIVE_LENGTH_MEASURE(0.1),#12828);
#13816 = DRAUGHTING_PRE_DEFINED_CURVE_FONT('continuous');
#13817 = OVER_RIDING_STYLED_ITEM('overriding color',(#13818),#7023,
  #13808);
#13818 = PRESENTATION_STYLE_ASSIGNMENT((#13819,#13824));
#13819 = SURFACE_STYLE_USAGE(.BOTH.,#13820);
#13820 = SURFACE_SIDE_STYLE('',(#13821));
#13821 = SURFACE_STYLE_FILL_AREA(#13822);
#13822 = FILL_AREA_STYLE('',(#13823));
#13823 = FILL_AREA_STYLE_COLOUR('',#12995);
#13824 = CURVE_STYLE('',#13825,POSITIVE_LENGTH_MEASURE(0.1),#12995);
#13825 = DRAUGHTING_PRE_DEFINED_CURVE_FONT('continuous');
#13826 = OVER_RIDING_STYLED_ITEM('overriding color',(#13827),#7039,
  #13808);
#13827 = PRESENTATION_STYLE_ASSIGNMENT((#13828,#13833));
#13828 = SURFACE_STYLE_USAGE(.BOTH.,#13829);
#13829 = SURFACE_SIDE_STYLE('',(#13830));
#13830 = SURFACE_STYLE_FILL_AREA(#13831);
#13831 = FILL_AREA_STYLE('',(#13832));
#13832 = FILL_AREA_STYLE_COLOUR('',#12995);
#13833 = CURVE_STYLE('',#13834,POSITIVE_LENGTH_MEASURE(0.1),#12995);
#13834 = DRAUGHTING_PRE_DEFINED_CURVE_FONT('continuous');
#13835 = STYLED_ITEM('color',(#13836),#7065);
#13836 = PRESENTATION_STYLE_ASSIGNMENT((#13837,#13842));
#13837 = SURFACE_STYLE_USAGE(.BOTH.,#13838);
#13838 = SURFACE_SIDE_STYLE('',(#13839));
#13839 = SURFACE_STYLE_FILL_AREA(#13840);
#13840 = FILL_AREA_STYLE('',(#13841));
#13841 = FILL_AREA_STYLE_COLOUR('',#12828);
#13842 = CURVE_STYLE('',#13843,POSITIVE_LENGTH_MEASURE(0.1),#12828);
#13843 = DRAUGHTING_PRE_DEFINED_CURVE_FONT('continuous');
#13844 = STYLED_ITEM('color',(#13845),#7089);
#13845 = PRESENTATION_STYLE_ASSIGNMENT((#13846,#13851));
#13846 = SURFACE_STYLE_USAGE(.BOTH.,#13847);
#13847 = SURFACE_SIDE_STYLE('',(#13848));
#13848 = SURFACE_STYLE_FILL_AREA(#13849);
#13849 = FILL_AREA_STYLE('',(#13850));
#13850 = FILL_AREA_STYLE_COLOUR('',#12828);
#13851 = CURVE_STYLE('',#13852,POSITIVE_LENGTH_MEASURE(0.1),#12828);
#13852 = DRAUGHTING_PRE_DEFINED_CURVE_FONT('continuous');
#13853 = OVER_RIDING_STYLED_ITEM('overriding color',(#13854),#7103,
  #13844);
#13854 = PRESENTATION_STYLE_ASSIGNMENT((#13855,#13860));
#13855 = SURFACE_STYLE_USAGE(.BOTH.,#13856);
#13856 = SURFACE_SIDE_STYLE('',(#13857));
#13857 = SURFACE_STYLE_FILL_AREA(#13858);
#13858 = FILL_AREA_STYLE('',(#13859));
#13859 = FILL_AREA_STYLE_COLOUR('',#12995);
#13860 = CURVE_STYLE('',#13861,POSITIVE_LENGTH_MEASURE(0.1),#12995);
#13861 = DRAUGHTING_PRE_DEFINED_CURVE_FONT('continuous');
#13862 = OVER_RIDING_STYLED_ITEM('overriding color',(#13863),#7119,
  #13844);
#13863 = PRESENTATION_STYLE_ASSIGNMENT((#13864,#13869));
#13864 = SURFACE_STYLE_USAGE(.BOTH.,#13865);
#13865 = SURFACE_SIDE_STYLE('',(#13866));
#13866 = SURFACE_STYLE_FILL_AREA(#13867);
#13867 = FILL_AREA_STYLE('',(#13868));
#13868 = FILL_AREA_STYLE_COLOUR('',#12995);
#13869 = CURVE_STYLE('',#13870,POSITIVE_LENGTH_MEASURE(0.1),#12995);
#13870 = DRAUGHTING_PRE_DEFINED_CURVE_FONT('continuous');
#13871 = STYLED_ITEM('color',(#13872),#7138);
#13872 = PRESENTATION_STYLE_ASSIGNMENT((#13873,#13878));
#13873 = SURFACE_STYLE_USAGE(.BOTH.,#13874);
#13874 = SURFACE_SIDE_STYLE('',(#13875));
#13875 = SURFACE_STYLE_FILL_AREA(#13876);
#13876 = FILL_AREA_STYLE('',(#13877));
#13877 = FILL_AREA_STYLE_COLOUR('',#12828);
#13878 = CURVE_STYLE('',#13879,POSITIVE_LENGTH_MEASURE(0.1),#12828);
#13879 = DRAUGHTING_PRE_DEFINED_CURVE_FONT('continuous');
#13880 = STYLED_ITEM('color',(#13881),#7169);
#13881 = PRESENTATION_STYLE_ASSIGNMENT((#13882,#13887));
#13882 = SURFACE_STYLE_USAGE(.BOTH.,#13883);
#13883 = SURFACE_SIDE_STYLE('',(#13884));
#13884 = SURFACE_STYLE_FILL_AREA(#13885);
#13885 = FILL_AREA_STYLE('',(#13886));
#13886 = FILL_AREA_STYLE_COLOUR('',#12828);
#13887 = CURVE_STYLE('',#13888,POSITIVE_LENGTH_MEASURE(0.1),#12828);
#13888 = DRAUGHTING_PRE_DEFINED_CURVE_FONT('continuous');
#13889 = OVER_RIDING_STYLED_ITEM('overriding color',(#13890),#7183,
  #13880);
#13890 = PRESENTATION_STYLE_ASSIGNMENT((#13891,#13896));
#13891 = SURFACE_STYLE_USAGE(.BOTH.,#13892);
#13892 = SURFACE_SIDE_STYLE('',(#13893));
#13893 = SURFACE_STYLE_FILL_AREA(#13894);
#13894 = FILL_AREA_STYLE('',(#13895));
#13895 = FILL_AREA_STYLE_COLOUR('',#12995);
#13896 = CURVE_STYLE('',#13897,POSITIVE_LENGTH_MEASURE(0.1),#12995);
#13897 = DRAUGHTING_PRE_DEFINED_CURVE_FONT('continuous');
#13898 = OVER_RIDING_STYLED_ITEM('overriding color',(#13899),#7199,
  #13880);
#13899 = PRESENTATION_STYLE_ASSIGNMENT((#13900,#13905));
#13900 = SURFACE_STYLE_USAGE(.BOTH.,#13901);
#13901 = SURFACE_SIDE_STYLE('',(#13902));
#13902 = SURFACE_STYLE_FILL_AREA(#13903);
#13903 = FILL_AREA_STYLE('',(#13904));
#13904 = FILL_AREA_STYLE_COLOUR('',#12995);
#13905 = CURVE_STYLE('',#13906,POSITIVE_LENGTH_MEASURE(0.1),#12995);
#13906 = DRAUGHTING_PRE_DEFINED_CURVE_FONT('continuous');
#13907 = STYLED_ITEM('color',(#13908),#7225);
#13908 = PRESENTATION_STYLE_ASSIGNMENT((#13909,#13914));
#13909 = SURFACE_STYLE_USAGE(.BOTH.,#13910);
#13910 = SURFACE_SIDE_STYLE('',(#13911));
#13911 = SURFACE_STYLE_FILL_AREA(#13912);
#13912 = FILL_AREA_STYLE('',(#13913));
#13913 = FILL_AREA_STYLE_COLOUR('',#12828);
#13914 = CURVE_STYLE('',#13915,POSITIVE_LENGTH_MEASURE(0.1),#12828);
#13915 = DRAUGHTING_PRE_DEFINED_CURVE_FONT('continuous');
#13916 = STYLED_ITEM('color',(#13917),#7249);
#13917 = PRESENTATION_STYLE_ASSIGNMENT((#13918,#13923));
#13918 = SURFACE_STYLE_USAGE(.BOTH.,#13919);
#13919 = SURFACE_SIDE_STYLE('',(#13920));
#13920 = SURFACE_STYLE_FILL_AREA(#13921);
#13921 = FILL_AREA_STYLE('',(#13922));
#13922 = FILL_AREA_STYLE_COLOUR('',#12828);
#13923 = CURVE_STYLE('',#13924,POSITIVE_LENGTH_MEASURE(0.1),#12828);
#13924 = DRAUGHTING_PRE_DEFINED_CURVE_FONT('continuous');
#13925 = OVER_RIDING_STYLED_ITEM('overriding color',(#13926),#7263,
  #13916);
#13926 = PRESENTATION_STYLE_ASSIGNMENT((#13927,#13932));
#13927 = SURFACE_STYLE_USAGE(.BOTH.,#13928);
#13928 = SURFACE_SIDE_STYLE('',(#13929));
#13929 = SURFACE_STYLE_FILL_AREA(#13930);
#13930 = FILL_AREA_STYLE('',(#13931));
#13931 = FILL_AREA_STYLE_COLOUR('',#12995);
#13932 = CURVE_STYLE('',#13933,POSITIVE_LENGTH_MEASURE(0.1),#12995);
#13933 = DRAUGHTING_PRE_DEFINED_CURVE_FONT('continuous');
#13934 = OVER_RIDING_STYLED_ITEM('overriding color',(#13935),#7279,
  #13916);
#13935 = PRESENTATION_STYLE_ASSIGNMENT((#13936,#13941));
#13936 = SURFACE_STYLE_USAGE(.BOTH.,#13937);
#13937 = SURFACE_SIDE_STYLE('',(#13938));
#13938 = SURFACE_STYLE_FILL_AREA(#13939);
#13939 = FILL_AREA_STYLE('',(#13940));
#13940 = FILL_AREA_STYLE_COLOUR('',#12995);
#13941 = CURVE_STYLE('',#13942,POSITIVE_LENGTH_MEASURE(0.1),#12995);
#13942 = DRAUGHTING_PRE_DEFINED_CURVE_FONT('continuous');
#13943 = STYLED_ITEM('color',(#13944),#7298);
#13944 = PRESENTATION_STYLE_ASSIGNMENT((#13945,#13950));
#13945 = SURFACE_STYLE_USAGE(.BOTH.,#13946);
#13946 = SURFACE_SIDE_STYLE('',(#13947));
#13947 = SURFACE_STYLE_FILL_AREA(#13948);
#13948 = FILL_AREA_STYLE('',(#13949));
#13949 = FILL_AREA_STYLE_COLOUR('',#12828);
#13950 = CURVE_STYLE('',#13951,POSITIVE_LENGTH_MEASURE(0.1),#12828);
#13951 = DRAUGHTING_PRE_DEFINED_CURVE_FONT('continuous');
#13952 = STYLED_ITEM('color',(#13953),#7329);
#13953 = PRESENTATION_STYLE_ASSIGNMENT((#13954,#13959));
#13954 = SURFACE_STYLE_USAGE(.BOTH.,#13955);
#13955 = SURFACE_SIDE_STYLE('',(#13956));
#13956 = SURFACE_STYLE_FILL_AREA(#13957);
#13957 = FILL_AREA_STYLE('',(#13958));
#13958 = FILL_AREA_STYLE_COLOUR('',#12828);
#13959 = CURVE_STYLE('',#13960,POSITIVE_LENGTH_MEASURE(0.1),#12828);
#13960 = DRAUGHTING_PRE_DEFINED_CURVE_FONT('continuous');
#13961 = OVER_RIDING_STYLED_ITEM('overriding color',(#13962),#7343,
  #13952);
#13962 = PRESENTATION_STYLE_ASSIGNMENT((#13963,#13968));
#13963 = SURFACE_STYLE_USAGE(.BOTH.,#13964);
#13964 = SURFACE_SIDE_STYLE('',(#13965));
#13965 = SURFACE_STYLE_FILL_AREA(#13966);
#13966 = FILL_AREA_STYLE('',(#13967));
#13967 = FILL_AREA_STYLE_COLOUR('',#12995);
#13968 = CURVE_STYLE('',#13969,POSITIVE_LENGTH_MEASURE(0.1),#12995);
#13969 = DRAUGHTING_PRE_DEFINED_CURVE_FONT('continuous');
#13970 = OVER_RIDING_STYLED_ITEM('overriding color',(#13971),#7359,
  #13952);
#13971 = PRESENTATION_STYLE_ASSIGNMENT((#13972,#13977));
#13972 = SURFACE_STYLE_USAGE(.BOTH.,#13973);
#13973 = SURFACE_SIDE_STYLE('',(#13974));
#13974 = SURFACE_STYLE_FILL_AREA(#13975);
#13975 = FILL_AREA_STYLE('',(#13976));
#13976 = FILL_AREA_STYLE_COLOUR('',#12995);
#13977 = CURVE_STYLE('',#13978,POSITIVE_LENGTH_MEASURE(0.1),#12995);
#13978 = DRAUGHTING_PRE_DEFINED_CURVE_FONT('continuous');
#13979 = STYLED_ITEM('color',(#13980),#7385);
#13980 = PRESENTATION_STYLE_ASSIGNMENT((#13981,#13986));
#13981 = SURFACE_STYLE_USAGE(.BOTH.,#13982);
#13982 = SURFACE_SIDE_STYLE('',(#13983));
#13983 = SURFACE_STYLE_FILL_AREA(#13984);
#13984 = FILL_AREA_STYLE('',(#13985));
#13985 = FILL_AREA_STYLE_COLOUR('',#12828);
#13986 = CURVE_STYLE('',#13987,POSITIVE_LENGTH_MEASURE(0.1),#12828);
#13987 = DRAUGHTING_PRE_DEFINED_CURVE_FONT('continuous');
#13988 = STYLED_ITEM('color',(#13989),#7409);
#13989 = PRESENTATION_STYLE_ASSIGNMENT((#13990,#13995));
#13990 = SURFACE_STYLE_USAGE(.BOTH.,#13991);
#13991 = SURFACE_SIDE_STYLE('',(#13992));
#13992 = SURFACE_STYLE_FILL_AREA(#13993);
#13993 = FILL_AREA_STYLE('',(#13994));
#13994 = FILL_AREA_STYLE_COLOUR('',#12828);
#13995 = CURVE_STYLE('',#13996,POSITIVE_LENGTH_MEASURE(0.1),#12828);
#13996 = DRAUGHTING_PRE_DEFINED_CURVE_FONT('continuous');
#13997 = OVER_RIDING_STYLED_ITEM('overriding color',(#13998),#7423,
  #13988);
#13998 = PRESENTATION_STYLE_ASSIGNMENT((#13999,#14004));
#13999 = SURFACE_STYLE_USAGE(.BOTH.,#14000);
#14000 = SURFACE_SIDE_STYLE('',(#14001));
#14001 = SURFACE_STYLE_FILL_AREA(#14002);
#14002 = FILL_AREA_STYLE('',(#14003));
#14003 = FILL_AREA_STYLE_COLOUR('',#12995);
#14004 = CURVE_STYLE('',#14005,POSITIVE_LENGTH_MEASURE(0.1),#12995);
#14005 = DRAUGHTING_PRE_DEFINED_CURVE_FONT('continuous');
#14006 = OVER_RIDING_STYLED_ITEM('overriding color',(#14007),#7439,
  #13988);
#14007 = PRESENTATION_STYLE_ASSIGNMENT((#14008,#14013));
#14008 = SURFACE_STYLE_USAGE(.BOTH.,#14009);
#14009 = SURFACE_SIDE_STYLE('',(#14010));
#14010 = SURFACE_STYLE_FILL_AREA(#14011);
#14011 = FILL_AREA_STYLE('',(#14012));
#14012 = FILL_AREA_STYLE_COLOUR('',#12995);
#14013 = CURVE_STYLE('',#14014,POSITIVE_LENGTH_MEASURE(0.1),#12995);
#14014 = DRAUGHTING_PRE_DEFINED_CURVE_FONT('continuous');
#14015 = STYLED_ITEM('color',(#14016),#7458);
#14016 = PRESENTATION_STYLE_ASSIGNMENT((#14017,#14022));
#14017 = SURFACE_STYLE_USAGE(.BOTH.,#14018);
#14018 = SURFACE_SIDE_STYLE('',(#14019));
#14019 = SURFACE_STYLE_FILL_AREA(#14020);
#14020 = FILL_AREA_STYLE('',(#14021));
#14021 = FILL_AREA_STYLE_COLOUR('',#12828);
#14022 = CURVE_STYLE('',#14023,POSITIVE_LENGTH_MEASURE(0.1),#12828);
#14023 = DRAUGHTING_PRE_DEFINED_CURVE_FONT('continuous');
#14024 = STYLED_ITEM('color',(#14025),#7489);
#14025 = PRESENTATION_STYLE_ASSIGNMENT((#14026,#14031));
#14026 = SURFACE_STYLE_USAGE(.BOTH.,#14027);
#14027 = SURFACE_SIDE_STYLE('',(#14028));
#14028 = SURFACE_STYLE_FILL_AREA(#14029);
#14029 = FILL_AREA_STYLE('',(#14030));
#14030 = FILL_AREA_STYLE_COLOUR('',#12828);
#14031 = CURVE_STYLE('',#14032,POSITIVE_LENGTH_MEASURE(0.1),#12828);
#14032 = DRAUGHTING_PRE_DEFINED_CURVE_FONT('continuous');
#14033 = OVER_RIDING_STYLED_ITEM('overriding color',(#14034),#7503,
  #14024);
#14034 = PRESENTATION_STYLE_ASSIGNMENT((#14035,#14040));
#14035 = SURFACE_STYLE_USAGE(.BOTH.,#14036);
#14036 = SURFACE_SIDE_STYLE('',(#14037));
#14037 = SURFACE_STYLE_FILL_AREA(#14038);
#14038 = FILL_AREA_STYLE('',(#14039));
#14039 = FILL_AREA_STYLE_COLOUR('',#12995);
#14040 = CURVE_STYLE('',#14041,POSITIVE_LENGTH_MEASURE(0.1),#12995);
#14041 = DRAUGHTING_PRE_DEFINED_CURVE_FONT('continuous');
#14042 = OVER_RIDING_STYLED_ITEM('overriding color',(#14043),#7519,
  #14024);
#14043 = PRESENTATION_STYLE_ASSIGNMENT((#14044,#14049));
#14044 = SURFACE_STYLE_USAGE(.BOTH.,#14045);
#14045 = SURFACE_SIDE_STYLE('',(#14046));
#14046 = SURFACE_STYLE_FILL_AREA(#14047);
#14047 = FILL_AREA_STYLE('',(#14048));
#14048 = FILL_AREA_STYLE_COLOUR('',#12995);
#14049 = CURVE_STYLE('',#14050,POSITIVE_LENGTH_MEASURE(0.1),#12995);
#14050 = DRAUGHTING_PRE_DEFINED_CURVE_FONT('continuous');
#14051 = STYLED_ITEM('color',(#14052),#7545);
#14052 = PRESENTATION_STYLE_ASSIGNMENT((#14053,#14058));
#14053 = SURFACE_STYLE_USAGE(.BOTH.,#14054);
#14054 = SURFACE_SIDE_STYLE('',(#14055));
#14055 = SURFACE_STYLE_FILL_AREA(#14056);
#14056 = FILL_AREA_STYLE('',(#14057));
#14057 = FILL_AREA_STYLE_COLOUR('',#12828);
#14058 = CURVE_STYLE('',#14059,POSITIVE_LENGTH_MEASURE(0.1),#12828);
#14059 = DRAUGHTING_PRE_DEFINED_CURVE_FONT('continuous');
#14060 = STYLED_ITEM('color',(#14061),#7569);
#14061 = PRESENTATION_STYLE_ASSIGNMENT((#14062,#14067));
#14062 = SURFACE_STYLE_USAGE(.BOTH.,#14063);
#14063 = SURFACE_SIDE_STYLE('',(#14064));
#14064 = SURFACE_STYLE_FILL_AREA(#14065);
#14065 = FILL_AREA_STYLE('',(#14066));
#14066 = FILL_AREA_STYLE_COLOUR('',#12828);
#14067 = CURVE_STYLE('',#14068,POSITIVE_LENGTH_MEASURE(0.1),#12828);
#14068 = DRAUGHTING_PRE_DEFINED_CURVE_FONT('continuous');
#14069 = OVER_RIDING_STYLED_ITEM('overriding color',(#14070),#7583,
  #14060);
#14070 = PRESENTATION_STYLE_ASSIGNMENT((#14071,#14076));
#14071 = SURFACE_STYLE_USAGE(.BOTH.,#14072);
#14072 = SURFACE_SIDE_STYLE('',(#14073));
#14073 = SURFACE_STYLE_FILL_AREA(#14074);
#14074 = FILL_AREA_STYLE('',(#14075));
#14075 = FILL_AREA_STYLE_COLOUR('',#12995);
#14076 = CURVE_STYLE('',#14077,POSITIVE_LENGTH_MEASURE(0.1),#12995);
#14077 = DRAUGHTING_PRE_DEFINED_CURVE_FONT('continuous');
#14078 = OVER_RIDING_STYLED_ITEM('overriding color',(#14079),#7599,
  #14060);
#14079 = PRESENTATION_STYLE_ASSIGNMENT((#14080,#14085));
#14080 = SURFACE_STYLE_USAGE(.BOTH.,#14081);
#14081 = SURFACE_SIDE_STYLE('',(#14082));
#14082 = SURFACE_STYLE_FILL_AREA(#14083);
#14083 = FILL_AREA_STYLE('',(#14084));
#14084 = FILL_AREA_STYLE_COLOUR('',#12995);
#14085 = CURVE_STYLE('',#14086,POSITIVE_LENGTH_MEASURE(0.1),#12995);
#14086 = DRAUGHTING_PRE_DEFINED_CURVE_FONT('continuous');
#14087 = STYLED_ITEM('color',(#14088),#7618);
#14088 = PRESENTATION_STYLE_ASSIGNMENT((#14089,#14094));
#14089 = SURFACE_STYLE_USAGE(.BOTH.,#14090);
#14090 = SURFACE_SIDE_STYLE('',(#14091));
#14091 = SURFACE_STYLE_FILL_AREA(#14092);
#14092 = FILL_AREA_STYLE('',(#14093));
#14093 = FILL_AREA_STYLE_COLOUR('',#12828);
#14094 = CURVE_STYLE('',#14095,POSITIVE_LENGTH_MEASURE(0.1),#12828);
#14095 = DRAUGHTING_PRE_DEFINED_CURVE_FONT('continuous');
#14096 = STYLED_ITEM('color',(#14097),#7649);
#14097 = PRESENTATION_STYLE_ASSIGNMENT((#14098,#14103));
#14098 = SURFACE_STYLE_USAGE(.BOTH.,#14099);
#14099 = SURFACE_SIDE_STYLE('',(#14100));
#14100 = SURFACE_STYLE_FILL_AREA(#14101);
#14101 = FILL_AREA_STYLE('',(#14102));
#14102 = FILL_AREA_STYLE_COLOUR('',#12828);
#14103 = CURVE_STYLE('',#14104,POSITIVE_LENGTH_MEASURE(0.1),#12828);
#14104 = DRAUGHTING_PRE_DEFINED_CURVE_FONT('continuous');
#14105 = OVER_RIDING_STYLED_ITEM('overriding color',(#14106),#7663,
  #14096);
#14106 = PRESENTATION_STYLE_ASSIGNMENT((#14107,#14112));
#14107 = SURFACE_STYLE_USAGE(.BOTH.,#14108);
#14108 = SURFACE_SIDE_STYLE('',(#14109));
#14109 = SURFACE_STYLE_FILL_AREA(#14110);
#14110 = FILL_AREA_STYLE('',(#14111));
#14111 = FILL_AREA_STYLE_COLOUR('',#12995);
#14112 = CURVE_STYLE('',#14113,POSITIVE_LENGTH_MEASURE(0.1),#12995);
#14113 = DRAUGHTING_PRE_DEFINED_CURVE_FONT('continuous');
#14114 = OVER_RIDING_STYLED_ITEM('overriding color',(#14115),#7679,
  #14096);
#14115 = PRESENTATION_STYLE_ASSIGNMENT((#14116,#14121));
#14116 = SURFACE_STYLE_USAGE(.BOTH.,#14117);
#14117 = SURFACE_SIDE_STYLE('',(#14118));
#14118 = SURFACE_STYLE_FILL_AREA(#14119);
#14119 = FILL_AREA_STYLE('',(#14120));
#14120 = FILL_AREA_STYLE_COLOUR('',#12995);
#14121 = CURVE_STYLE('',#14122,POSITIVE_LENGTH_MEASURE(0.1),#12995);
#14122 = DRAUGHTING_PRE_DEFINED_CURVE_FONT('continuous');
#14123 = STYLED_ITEM('color',(#14124),#7705);
#14124 = PRESENTATION_STYLE_ASSIGNMENT((#14125,#14130));
#14125 = SURFACE_STYLE_USAGE(.BOTH.,#14126);
#14126 = SURFACE_SIDE_STYLE('',(#14127));
#14127 = SURFACE_STYLE_FILL_AREA(#14128);
#14128 = FILL_AREA_STYLE('',(#14129));
#14129 = FILL_AREA_STYLE_COLOUR('',#12828);
#14130 = CURVE_STYLE('',#14131,POSITIVE_LENGTH_MEASURE(0.1),#12828);
#14131 = DRAUGHTING_PRE_DEFINED_CURVE_FONT('continuous');
#14132 = STYLED_ITEM('color',(#14133),#7729);
#14133 = PRESENTATION_STYLE_ASSIGNMENT((#14134,#14139));
#14134 = SURFACE_STYLE_USAGE(.BOTH.,#14135);
#14135 = SURFACE_SIDE_STYLE('',(#14136));
#14136 = SURFACE_STYLE_FILL_AREA(#14137);
#14137 = FILL_AREA_STYLE('',(#14138));
#14138 = FILL_AREA_STYLE_COLOUR('',#12828);
#14139 = CURVE_STYLE('',#14140,POSITIVE_LENGTH_MEASURE(0.1),#12828);
#14140 = DRAUGHTING_PRE_DEFINED_CURVE_FONT('continuous');
#14141 = OVER_RIDING_STYLED_ITEM('overriding color',(#14142),#7743,
  #14132);
#14142 = PRESENTATION_STYLE_ASSIGNMENT((#14143,#14148));
#14143 = SURFACE_STYLE_USAGE(.BOTH.,#14144);
#14144 = SURFACE_SIDE_STYLE('',(#14145));
#14145 = SURFACE_STYLE_FILL_AREA(#14146);
#14146 = FILL_AREA_STYLE('',(#14147));
#14147 = FILL_AREA_STYLE_COLOUR('',#12995);
#14148 = CURVE_STYLE('',#14149,POSITIVE_LENGTH_MEASURE(0.1),#12995);
#14149 = DRAUGHTING_PRE_DEFINED_CURVE_FONT('continuous');
#14150 = OVER_RIDING_STYLED_ITEM('overriding color',(#14151),#7759,
  #14132);
#14151 = PRESENTATION_STYLE_ASSIGNMENT((#14152,#14157));
#14152 = SURFACE_STYLE_USAGE(.BOTH.,#14153);
#14153 = SURFACE_SIDE_STYLE('',(#14154));
#14154 = SURFACE_STYLE_FILL_AREA(#14155);
#14155 = FILL_AREA_STYLE('',(#14156));
#14156 = FILL_AREA_STYLE_COLOUR('',#12995);
#14157 = CURVE_STYLE('',#14158,POSITIVE_LENGTH_MEASURE(0.1),#12995);
#14158 = DRAUGHTING_PRE_DEFINED_CURVE_FONT('continuous');
#14159 = STYLED_ITEM('color',(#14160),#7778);
#14160 = PRESENTATION_STYLE_ASSIGNMENT((#14161,#14166));
#14161 = SURFACE_STYLE_USAGE(.BOTH.,#14162);
#14162 = SURFACE_SIDE_STYLE('',(#14163));
#14163 = SURFACE_STYLE_FILL_AREA(#14164);
#14164 = FILL_AREA_STYLE('',(#14165));
#14165 = FILL_AREA_STYLE_COLOUR('',#12828);
#14166 = CURVE_STYLE('',#14167,POSITIVE_LENGTH_MEASURE(0.1),#12828);
#14167 = DRAUGHTING_PRE_DEFINED_CURVE_FONT('continuous');
#14168 = STYLED_ITEM('color',(#14169),#7809);
#14169 = PRESENTATION_STYLE_ASSIGNMENT((#14170,#14175));
#14170 = SURFACE_STYLE_USAGE(.BOTH.,#14171);
#14171 = SURFACE_SIDE_STYLE('',(#14172));
#14172 = SURFACE_STYLE_FILL_AREA(#14173);
#14173 = FILL_AREA_STYLE('',(#14174));
#14174 = FILL_AREA_STYLE_COLOUR('',#12828);
#14175 = CURVE_STYLE('',#14176,POSITIVE_LENGTH_MEASURE(0.1),#12828);
#14176 = DRAUGHTING_PRE_DEFINED_CURVE_FONT('continuous');
#14177 = OVER_RIDING_STYLED_ITEM('overriding color',(#14178),#7823,
  #14168);
#14178 = PRESENTATION_STYLE_ASSIGNMENT((#14179,#14184));
#14179 = SURFACE_STYLE_USAGE(.BOTH.,#14180);
#14180 = SURFACE_SIDE_STYLE('',(#14181));
#14181 = SURFACE_STYLE_FILL_AREA(#14182);
#14182 = FILL_AREA_STYLE('',(#14183));
#14183 = FILL_AREA_STYLE_COLOUR('',#12995);
#14184 = CURVE_STYLE('',#14185,POSITIVE_LENGTH_MEASURE(0.1),#12995);
#14185 = DRAUGHTING_PRE_DEFINED_CURVE_FONT('continuous');
#14186 = OVER_RIDING_STYLED_ITEM('overriding color',(#14187),#7839,
  #14168);
#14187 = PRESENTATION_STYLE_ASSIGNMENT((#14188,#14193));
#14188 = SURFACE_STYLE_USAGE(.BOTH.,#14189);
#14189 = SURFACE_SIDE_STYLE('',(#14190));
#14190 = SURFACE_STYLE_FILL_AREA(#14191);
#14191 = FILL_AREA_STYLE('',(#14192));
#14192 = FILL_AREA_STYLE_COLOUR('',#12995);
#14193 = CURVE_STYLE('',#14194,POSITIVE_LENGTH_MEASURE(0.1),#12995);
#14194 = DRAUGHTING_PRE_DEFINED_CURVE_FONT('continuous');
#14195 = STYLED_ITEM('color',(#14196),#7865);
#14196 = PRESENTATION_STYLE_ASSIGNMENT((#14197,#14202));
#14197 = SURFACE_STYLE_USAGE(.BOTH.,#14198);
#14198 = SURFACE_SIDE_STYLE('',(#14199));
#14199 = SURFACE_STYLE_FILL_AREA(#14200);
#14200 = FILL_AREA_STYLE('',(#14201));
#14201 = FILL_AREA_STYLE_COLOUR('',#12828);
#14202 = CURVE_STYLE('',#14203,POSITIVE_LENGTH_MEASURE(0.1),#12828);
#14203 = DRAUGHTING_PRE_DEFINED_CURVE_FONT('continuous');
#14204 = STYLED_ITEM('color',(#14205),#7889);
#14205 = PRESENTATION_STYLE_ASSIGNMENT((#14206,#14211));
#14206 = SURFACE_STYLE_USAGE(.BOTH.,#14207);
#14207 = SURFACE_SIDE_STYLE('',(#14208));
#14208 = SURFACE_STYLE_FILL_AREA(#14209);
#14209 = FILL_AREA_STYLE('',(#14210));
#14210 = FILL_AREA_STYLE_COLOUR('',#12828);
#14211 = CURVE_STYLE('',#14212,POSITIVE_LENGTH_MEASURE(0.1),#12828);
#14212 = DRAUGHTING_PRE_DEFINED_CURVE_FONT('continuous');
#14213 = OVER_RIDING_STYLED_ITEM('overriding color',(#14214),#7903,
  #14204);
#14214 = PRESENTATION_STYLE_ASSIGNMENT((#14215,#14220));
#14215 = SURFACE_STYLE_USAGE(.BOTH.,#14216);
#14216 = SURFACE_SIDE_STYLE('',(#14217));
#14217 = SURFACE_STYLE_FILL_AREA(#14218);
#14218 = FILL_AREA_STYLE('',(#14219));
#14219 = FILL_AREA_STYLE_COLOUR('',#12995);
#14220 = CURVE_STYLE('',#14221,POSITIVE_LENGTH_MEASURE(0.1),#12995);
#14221 = DRAUGHTING_PRE_DEFINED_CURVE_FONT('continuous');
#14222 = OVER_RIDING_STYLED_ITEM('overriding color',(#14223),#7919,
  #14204);
#14223 = PRESENTATION_STYLE_ASSIGNMENT((#14224,#14229));
#14224 = SURFACE_STYLE_USAGE(.BOTH.,#14225);
#14225 = SURFACE_SIDE_STYLE('',(#14226));
#14226 = SURFACE_STYLE_FILL_AREA(#14227);
#14227 = FILL_AREA_STYLE('',(#14228));
#14228 = FILL_AREA_STYLE_COLOUR('',#12995);
#14229 = CURVE_STYLE('',#14230,POSITIVE_LENGTH_MEASURE(0.1),#12995);
#14230 = DRAUGHTING_PRE_DEFINED_CURVE_FONT('continuous');
#14231 = STYLED_ITEM('color',(#14232),#7938);
#14232 = PRESENTATION_STYLE_ASSIGNMENT((#14233,#14238));
#14233 = SURFACE_STYLE_USAGE(.BOTH.,#14234);
#14234 = SURFACE_SIDE_STYLE('',(#14235));
#14235 = SURFACE_STYLE_FILL_AREA(#14236);
#14236 = FILL_AREA_STYLE('',(#14237));
#14237 = FILL_AREA_STYLE_COLOUR('',#12828);
#14238 = CURVE_STYLE('',#14239,POSITIVE_LENGTH_MEASURE(0.1),#12828);
#14239 = DRAUGHTING_PRE_DEFINED_CURVE_FONT('continuous');
#14240 = STYLED_ITEM('color',(#14241),#7969);
#14241 = PRESENTATION_STYLE_ASSIGNMENT((#14242,#14247));
#14242 = SURFACE_STYLE_USAGE(.BOTH.,#14243);
#14243 = SURFACE_SIDE_STYLE('',(#14244));
#14244 = SURFACE_STYLE_FILL_AREA(#14245);
#14245 = FILL_AREA_STYLE('',(#14246));
#14246 = FILL_AREA_STYLE_COLOUR('',#12828);
#14247 = CURVE_STYLE('',#14248,POSITIVE_LENGTH_MEASURE(0.1),#12828);
#14248 = DRAUGHTING_PRE_DEFINED_CURVE_FONT('continuous');
#14249 = OVER_RIDING_STYLED_ITEM('overriding color',(#14250),#7983,
  #14240);
#14250 = PRESENTATION_STYLE_ASSIGNMENT((#14251,#14256));
#14251 = SURFACE_STYLE_USAGE(.BOTH.,#14252);
#14252 = SURFACE_SIDE_STYLE('',(#14253));
#14253 = SURFACE_STYLE_FILL_AREA(#14254);
#14254 = FILL_AREA_STYLE('',(#14255));
#14255 = FILL_AREA_STYLE_COLOUR('',#12995);
#14256 = CURVE_STYLE('',#14257,POSITIVE_LENGTH_MEASURE(0.1),#12995);
#14257 = DRAUGHTING_PRE_DEFINED_CURVE_FONT('continuous');
#14258 = OVER_RIDING_STYLED_ITEM('overriding color',(#14259),#7999,
  #14240);
#14259 = PRESENTATION_STYLE_ASSIGNMENT((#14260,#14265));
#14260 = SURFACE_STYLE_USAGE(.BOTH.,#14261);
#14261 = SURFACE_SIDE_STYLE('',(#14262));
#14262 = SURFACE_STYLE_FILL_AREA(#14263);
#14263 = FILL_AREA_STYLE('',(#14264));
#14264 = FILL_AREA_STYLE_COLOUR('',#12995);
#14265 = CURVE_STYLE('',#14266,POSITIVE_LENGTH_MEASURE(0.1),#12995);
#14266 = DRAUGHTING_PRE_DEFINED_CURVE_FONT('continuous');
#14267 = STYLED_ITEM('color',(#14268),#8025);
#14268 = PRESENTATION_STYLE_ASSIGNMENT((#14269,#14274));
#14269 = SURFACE_STYLE_USAGE(.BOTH.,#14270);
#14270 = SURFACE_SIDE_STYLE('',(#14271));
#14271 = SURFACE_STYLE_FILL_AREA(#14272);
#14272 = FILL_AREA_STYLE('',(#14273));
#14273 = FILL_AREA_STYLE_COLOUR('',#12828);
#14274 = CURVE_STYLE('',#14275,POSITIVE_LENGTH_MEASURE(0.1),#12828);
#14275 = DRAUGHTING_PRE_DEFINED_CURVE_FONT('continuous');
#14276 = STYLED_ITEM('color',(#14277),#8049);
#14277 = PRESENTATION_STYLE_ASSIGNMENT((#14278,#14283));
#14278 = SURFACE_STYLE_USAGE(.BOTH.,#14279);
#14279 = SURFACE_SIDE_STYLE('',(#14280));
#14280 = SURFACE_STYLE_FILL_AREA(#14281);
#14281 = FILL_AREA_STYLE('',(#14282));
#14282 = FILL_AREA_STYLE_COLOUR('',#12828);
#14283 = CURVE_STYLE('',#14284,POSITIVE_LENGTH_MEASURE(0.1),#12828);
#14284 = DRAUGHTING_PRE_DEFINED_CURVE_FONT('continuous');
#14285 = OVER_RIDING_STYLED_ITEM('overriding color',(#14286),#8063,
  #14276);
#14286 = PRESENTATION_STYLE_ASSIGNMENT((#14287,#14292));
#14287 = SURFACE_STYLE_USAGE(.BOTH.,#14288);
#14288 = SURFACE_SIDE_STYLE('',(#14289));
#14289 = SURFACE_STYLE_FILL_AREA(#14290);
#14290 = FILL_AREA_STYLE('',(#14291));
#14291 = FILL_AREA_STYLE_COLOUR('',#12995);
#14292 = CURVE_STYLE('',#14293,POSITIVE_LENGTH_MEASURE(0.1),#12995);
#14293 = DRAUGHTING_PRE_DEFINED_CURVE_FONT('continuous');
#14294 = OVER_RIDING_STYLED_ITEM('overriding color',(#14295),#8079,
  #14276);
#14295 = PRESENTATION_STYLE_ASSIGNMENT((#14296,#14301));
#14296 = SURFACE_STYLE_USAGE(.BOTH.,#14297);
#14297 = SURFACE_SIDE_STYLE('',(#14298));
#14298 = SURFACE_STYLE_FILL_AREA(#14299);
#14299 = FILL_AREA_STYLE('',(#14300));
#14300 = FILL_AREA_STYLE_COLOUR('',#12995);
#14301 = CURVE_STYLE('',#14302,POSITIVE_LENGTH_MEASURE(0.1),#12995);
#14302 = DRAUGHTING_PRE_DEFINED_CURVE_FONT('continuous');
#14303 = STYLED_ITEM('color',(#14304),#8098);
#14304 = PRESENTATION_STYLE_ASSIGNMENT((#14305,#14310));
#14305 = SURFACE_STYLE_USAGE(.BOTH.,#14306);
#14306 = SURFACE_SIDE_STYLE('',(#14307));
#14307 = SURFACE_STYLE_FILL_AREA(#14308);
#14308 = FILL_AREA_STYLE('',(#14309));
#14309 = FILL_AREA_STYLE_COLOUR('',#12995);
#14310 = CURVE_STYLE('',#14311,POSITIVE_LENGTH_MEASURE(0.1),#12995);
#14311 = DRAUGHTING_PRE_DEFINED_CURVE_FONT('continuous');
#14312 = STYLED_ITEM('color',(#14313),#8115);
#14313 = PRESENTATION_STYLE_ASSIGNMENT((#14314,#14319));
#14314 = SURFACE_STYLE_USAGE(.BOTH.,#14315);
#14315 = SURFACE_SIDE_STYLE('',(#14316));
#14316 = SURFACE_STYLE_FILL_AREA(#14317);
#14317 = FILL_AREA_STYLE('',(#14318));
#14318 = FILL_AREA_STYLE_COLOUR('',#12995);
#14319 = CURVE_STYLE('',#14320,POSITIVE_LENGTH_MEASURE(0.1),#12995);
#14320 = DRAUGHTING_PRE_DEFINED_CURVE_FONT('continuous');
#14321 = STYLED_ITEM('color',(#14322),#8132);
#14322 = PRESENTATION_STYLE_ASSIGNMENT((#14323,#14328));
#14323 = SURFACE_STYLE_USAGE(.BOTH.,#14324);
#14324 = SURFACE_SIDE_STYLE('',(#14325));
#14325 = SURFACE_STYLE_FILL_AREA(#14326);
#14326 = FILL_AREA_STYLE('',(#14327));
#14327 = FILL_AREA_STYLE_COLOUR('',#12995);
#14328 = CURVE_STYLE('',#14329,POSITIVE_LENGTH_MEASURE(0.1),#12995);
#14329 = DRAUGHTING_PRE_DEFINED_CURVE_FONT('continuous');
#14330 = STYLED_ITEM('color',(#14331),#8149);
#14331 = PRESENTATION_STYLE_ASSIGNMENT((#14332,#14337));
#14332 = SURFACE_STYLE_USAGE(.BOTH.,#14333);
#14333 = SURFACE_SIDE_STYLE('',(#14334));
#14334 = SURFACE_STYLE_FILL_AREA(#14335);
#14335 = FILL_AREA_STYLE('',(#14336));
#14336 = FILL_AREA_STYLE_COLOUR('',#12995);
#14337 = CURVE_STYLE('',#14338,POSITIVE_LENGTH_MEASURE(0.1),#12995);
#14338 = DRAUGHTING_PRE_DEFINED_CURVE_FONT('continuous');
#14339 = STYLED_ITEM('color',(#14340),#8166);
#14340 = PRESENTATION_STYLE_ASSIGNMENT((#14341,#14346));
#14341 = SURFACE_STYLE_USAGE(.BOTH.,#14342);
#14342 = SURFACE_SIDE_STYLE('',(#14343));
#14343 = SURFACE_STYLE_FILL_AREA(#14344);
#14344 = FILL_AREA_STYLE('',(#14345));
#14345 = FILL_AREA_STYLE_COLOUR('',#12995);
#14346 = CURVE_STYLE('',#14347,POSITIVE_LENGTH_MEASURE(0.1),#12995);
#14347 = DRAUGHTING_PRE_DEFINED_CURVE_FONT('continuous');
#14348 = STYLED_ITEM('color',(#14349),#8178);
#14349 = PRESENTATION_STYLE_ASSIGNMENT((#14350,#14355));
#14350 = SURFACE_STYLE_USAGE(.BOTH.,#14351);
#14351 = SURFACE_SIDE_STYLE('',(#14352));
#14352 = SURFACE_STYLE_FILL_AREA(#14353);
#14353 = FILL_AREA_STYLE('',(#14354));
#14354 = FILL_AREA_STYLE_COLOUR('',#12995);
#14355 = CURVE_STYLE('',#14356,POSITIVE_LENGTH_MEASURE(0.1),#12995);
#14356 = DRAUGHTING_PRE_DEFINED_CURVE_FONT('continuous');
#14357 = STYLED_ITEM('color',(#14358),#8195);
#14358 = PRESENTATION_STYLE_ASSIGNMENT((#14359,#14364));
#14359 = SURFACE_STYLE_USAGE(.BOTH.,#14360);
#14360 = SURFACE_SIDE_STYLE('',(#14361));
#14361 = SURFACE_STYLE_FILL_AREA(#14362);
#14362 = FILL_AREA_STYLE('',(#14363));
#14363 = FILL_AREA_STYLE_COLOUR('',#12995);
#14364 = CURVE_STYLE('',#14365,POSITIVE_LENGTH_MEASURE(0.1),#12995);
#14365 = DRAUGHTING_PRE_DEFINED_CURVE_FONT('continuous');
#14366 = STYLED_ITEM('color',(#14367),#8212);
#14367 = PRESENTATION_STYLE_ASSIGNMENT((#14368,#14373));
#14368 = SURFACE_STYLE_USAGE(.BOTH.,#14369);
#14369 = SURFACE_SIDE_STYLE('',(#14370));
#14370 = SURFACE_STYLE_FILL_AREA(#14371);
#14371 = FILL_AREA_STYLE('',(#14372));
#14372 = FILL_AREA_STYLE_COLOUR('',#12995);
#14373 = CURVE_STYLE('',#14374,POSITIVE_LENGTH_MEASURE(0.1),#12995);
#14374 = DRAUGHTING_PRE_DEFINED_CURVE_FONT('continuous');
#14375 = STYLED_ITEM('color',(#14376),#8229);
#14376 = PRESENTATION_STYLE_ASSIGNMENT((#14377,#14382));
#14377 = SURFACE_STYLE_USAGE(.BOTH.,#14378);
#14378 = SURFACE_SIDE_STYLE('',(#14379));
#14379 = SURFACE_STYLE_FILL_AREA(#14380);
#14380 = FILL_AREA_STYLE('',(#14381));
#14381 = FILL_AREA_STYLE_COLOUR('',#12995);
#14382 = CURVE_STYLE('',#14383,POSITIVE_LENGTH_MEASURE(0.1),#12995);
#14383 = DRAUGHTING_PRE_DEFINED_CURVE_FONT('continuous');
#14384 = STYLED_ITEM('color',(#14385),#8246);
#14385 = PRESENTATION_STYLE_ASSIGNMENT((#14386,#14391));
#14386 = SURFACE_STYLE_USAGE(.BOTH.,#14387);
#14387 = SURFACE_SIDE_STYLE('',(#14388));
#14388 = SURFACE_STYLE_FILL_AREA(#14389);
#14389 = FILL_AREA_STYLE('',(#14390));
#14390 = FILL_AREA_STYLE_COLOUR('',#12995);
#14391 = CURVE_STYLE('',#14392,POSITIVE_LENGTH_MEASURE(0.1),#12995);
#14392 = DRAUGHTING_PRE_DEFINED_CURVE_FONT('continuous');
#14393 = STYLED_ITEM('color',(#14394),#8258);
#14394 = PRESENTATION_STYLE_ASSIGNMENT((#14395,#14400));
#14395 = SURFACE_STYLE_USAGE(.BOTH.,#14396);
#14396 = SURFACE_SIDE_STYLE('',(#14397));
#14397 = SURFACE_STYLE_FILL_AREA(#14398);
#14398 = FILL_AREA_STYLE('',(#14399));
#14399 = FILL_AREA_STYLE_COLOUR('',#12995);
#14400 = CURVE_STYLE('',#14401,POSITIVE_LENGTH_MEASURE(0.1),#12995);
#14401 = DRAUGHTING_PRE_DEFINED_CURVE_FONT('continuous');
#14402 = STYLED_ITEM('color',(#14403),#8275);
#14403 = PRESENTATION_STYLE_ASSIGNMENT((#14404,#14409));
#14404 = SURFACE_STYLE_USAGE(.BOTH.,#14405);
#14405 = SURFACE_SIDE_STYLE('',(#14406));
#14406 = SURFACE_STYLE_FILL_AREA(#14407);
#14407 = FILL_AREA_STYLE('',(#14408));
#14408 = FILL_AREA_STYLE_COLOUR('',#12995);
#14409 = CURVE_STYLE('',#14410,POSITIVE_LENGTH_MEASURE(0.1),#12995);
#14410 = DRAUGHTING_PRE_DEFINED_CURVE_FONT('continuous');
#14411 = STYLED_ITEM('color',(#14412),#8292);
#14412 = PRESENTATION_STYLE_ASSIGNMENT((#14413,#14418));
#14413 = SURFACE_STYLE_USAGE(.BOTH.,#14414);
#14414 = SURFACE_SIDE_STYLE('',(#14415));
#14415 = SURFACE_STYLE_FILL_AREA(#14416);
#14416 = FILL_AREA_STYLE('',(#14417));
#14417 = FILL_AREA_STYLE_COLOUR('',#12995);
#14418 = CURVE_STYLE('',#14419,POSITIVE_LENGTH_MEASURE(0.1),#12995);
#14419 = DRAUGHTING_PRE_DEFINED_CURVE_FONT('continuous');
#14420 = STYLED_ITEM('color',(#14421),#8309);
#14421 = PRESENTATION_STYLE_ASSIGNMENT((#14422,#14427));
#14422 = SURFACE_STYLE_USAGE(.BOTH.,#14423);
#14423 = SURFACE_SIDE_STYLE('',(#14424));
#14424 = SURFACE_STYLE_FILL_AREA(#14425);
#14425 = FILL_AREA_STYLE('',(#14426));
#14426 = FILL_AREA_STYLE_COLOUR('',#12995);
#14427 = CURVE_STYLE('',#14428,POSITIVE_LENGTH_MEASURE(0.1),#12995);
#14428 = DRAUGHTING_PRE_DEFINED_CURVE_FONT('continuous');
#14429 = STYLED_ITEM('color',(#14430),#8326);
#14430 = PRESENTATION_STYLE_ASSIGNMENT((#14431,#14436));
#14431 = SURFACE_STYLE_USAGE(.BOTH.,#14432);
#14432 = SURFACE_SIDE_STYLE('',(#14433));
#14433 = SURFACE_STYLE_FILL_AREA(#14434);
#14434 = FILL_AREA_STYLE('',(#14435));
#14435 = FILL_AREA_STYLE_COLOUR('',#12995);
#14436 = CURVE_STYLE('',#14437,POSITIVE_LENGTH_MEASURE(0.1),#12995);
#14437 = DRAUGHTING_PRE_DEFINED_CURVE_FONT('continuous');
#14438 = STYLED_ITEM('color',(#14439),#8338);
#14439 = PRESENTATION_STYLE_ASSIGNMENT((#14440,#14445));
#14440 = SURFACE_STYLE_USAGE(.BOTH.,#14441);
#14441 = SURFACE_SIDE_STYLE('',(#14442));
#14442 = SURFACE_STYLE_FILL_AREA(#14443);
#14443 = FILL_AREA_STYLE('',(#14444));
#14444 = FILL_AREA_STYLE_COLOUR('',#12995);
#14445 = CURVE_STYLE('',#14446,POSITIVE_LENGTH_MEASURE(0.1),#12995);
#14446 = DRAUGHTING_PRE_DEFINED_CURVE_FONT('continuous');
#14447 = STYLED_ITEM('color',(#14448),#8355);
#14448 = PRESENTATION_STYLE_ASSIGNMENT((#14449,#14454));
#14449 = SURFACE_STYLE_USAGE(.BOTH.,#14450);
#14450 = SURFACE_SIDE_STYLE('',(#14451));
#14451 = SURFACE_STYLE_FILL_AREA(#14452);
#14452 = FILL_AREA_STYLE('',(#14453));
#14453 = FILL_AREA_STYLE_COLOUR('',#12995);
#14454 = CURVE_STYLE('',#14455,POSITIVE_LENGTH_MEASURE(0.1),#12995);
#14455 = DRAUGHTING_PRE_DEFINED_CURVE_FONT('continuous');
#14456 = STYLED_ITEM('color',(#14457),#8372);
#14457 = PRESENTATION_STYLE_ASSIGNMENT((#14458,#14463));
#14458 = SURFACE_STYLE_USAGE(.BOTH.,#14459);
#14459 = SURFACE_SIDE_STYLE('',(#14460));
#14460 = SURFACE_STYLE_FILL_AREA(#14461);
#14461 = FILL_AREA_STYLE('',(#14462));
#14462 = FILL_AREA_STYLE_COLOUR('',#12995);
#14463 = CURVE_STYLE('',#14464,POSITIVE_LENGTH_MEASURE(0.1),#12995);
#14464 = DRAUGHTING_PRE_DEFINED_CURVE_FONT('continuous');
#14465 = STYLED_ITEM('color',(#14466),#8389);
#14466 = PRESENTATION_STYLE_ASSIGNMENT((#14467,#14472));
#14467 = SURFACE_STYLE_USAGE(.BOTH.,#14468);
#14468 = SURFACE_SIDE_STYLE('',(#14469));
#14469 = SURFACE_STYLE_FILL_AREA(#14470);
#14470 = FILL_AREA_STYLE('',(#14471));
#14471 = FILL_AREA_STYLE_COLOUR('',#12995);
#14472 = CURVE_STYLE('',#14473,POSITIVE_LENGTH_MEASURE(0.1),#12995);
#14473 = DRAUGHTING_PRE_DEFINED_CURVE_FONT('continuous');
#14474 = STYLED_ITEM('color',(#14475),#8406);
#14475 = PRESENTATION_STYLE_ASSIGNMENT((#14476,#14481));
#14476 = SURFACE_STYLE_USAGE(.BOTH.,#14477);
#14477 = SURFACE_SIDE_STYLE('',(#14478));
#14478 = SURFACE_STYLE_FILL_AREA(#14479);
#14479 = FILL_AREA_STYLE('',(#14480));
#14480 = FILL_AREA_STYLE_COLOUR('',#12995);
#14481 = CURVE_STYLE('',#14482,POSITIVE_LENGTH_MEASURE(0.1),#12995);
#14482 = DRAUGHTING_PRE_DEFINED_CURVE_FONT('continuous');
#14483 = STYLED_ITEM('color',(#14484),#8418);
#14484 = PRESENTATION_STYLE_ASSIGNMENT((#14485,#14490));
#14485 = SURFACE_STYLE_USAGE(.BOTH.,#14486);
#14486 = SURFACE_SIDE_STYLE('',(#14487));
#14487 = SURFACE_STYLE_FILL_AREA(#14488);
#14488 = FILL_AREA_STYLE('',(#14489));
#14489 = FILL_AREA_STYLE_COLOUR('',#12995);
#14490 = CURVE_STYLE('',#14491,POSITIVE_LENGTH_MEASURE(0.1),#12995);
#14491 = DRAUGHTING_PRE_DEFINED_CURVE_FONT('continuous');
#14492 = STYLED_ITEM('color',(#14493),#8435);
#14493 = PRESENTATION_STYLE_ASSIGNMENT((#14494,#14499));
#14494 = SURFACE_STYLE_USAGE(.BOTH.,#14495);
#14495 = SURFACE_SIDE_STYLE('',(#14496));
#14496 = SURFACE_STYLE_FILL_AREA(#14497);
#14497 = FILL_AREA_STYLE('',(#14498));
#14498 = FILL_AREA_STYLE_COLOUR('',#12995);
#14499 = CURVE_STYLE('',#14500,POSITIVE_LENGTH_MEASURE(0.1),#12995);
#14500 = DRAUGHTING_PRE_DEFINED_CURVE_FONT('continuous');
#14501 = STYLED_ITEM('color',(#14502),#8452);
#14502 = PRESENTATION_STYLE_ASSIGNMENT((#14503,#14508));
#14503 = SURFACE_STYLE_USAGE(.BOTH.,#14504);
#14504 = SURFACE_SIDE_STYLE('',(#14505));
#14505 = SURFACE_STYLE_FILL_AREA(#14506);
#14506 = FILL_AREA_STYLE('',(#14507));
#14507 = FILL_AREA_STYLE_COLOUR('',#12995);
#14508 = CURVE_STYLE('',#14509,POSITIVE_LENGTH_MEASURE(0.1),#12995);
#14509 = DRAUGHTING_PRE_DEFINED_CURVE_FONT('continuous');
#14510 = STYLED_ITEM('color',(#14511),#8469);
#14511 = PRESENTATION_STYLE_ASSIGNMENT((#14512,#14517));
#14512 = SURFACE_STYLE_USAGE(.BOTH.,#14513);
#14513 = SURFACE_SIDE_STYLE('',(#14514));
#14514 = SURFACE_STYLE_FILL_AREA(#14515);
#14515 = FILL_AREA_STYLE('',(#14516));
#14516 = FILL_AREA_STYLE_COLOUR('',#12995);
#14517 = CURVE_STYLE('',#14518,POSITIVE_LENGTH_MEASURE(0.1),#12995);
#14518 = DRAUGHTING_PRE_DEFINED_CURVE_FONT('continuous');
#14519 = STYLED_ITEM('color',(#14520),#8486);
#14520 = PRESENTATION_STYLE_ASSIGNMENT((#14521,#14526));
#14521 = SURFACE_STYLE_USAGE(.BOTH.,#14522);
#14522 = SURFACE_SIDE_STYLE('',(#14523));
#14523 = SURFACE_STYLE_FILL_AREA(#14524);
#14524 = FILL_AREA_STYLE('',(#14525));
#14525 = FILL_AREA_STYLE_COLOUR('',#12995);
#14526 = CURVE_STYLE('',#14527,POSITIVE_LENGTH_MEASURE(0.1),#12995);
#14527 = DRAUGHTING_PRE_DEFINED_CURVE_FONT('continuous');
#14528 = STYLED_ITEM('color',(#14529),#8498);
#14529 = PRESENTATION_STYLE_ASSIGNMENT((#14530,#14535));
#14530 = SURFACE_STYLE_USAGE(.BOTH.,#14531);
#14531 = SURFACE_SIDE_STYLE('',(#14532));
#14532 = SURFACE_STYLE_FILL_AREA(#14533);
#14533 = FILL_AREA_STYLE('',(#14534));
#14534 = FILL_AREA_STYLE_COLOUR('',#12995);
#14535 = CURVE_STYLE('',#14536,POSITIVE_LENGTH_MEASURE(0.1),#12995);
#14536 = DRAUGHTING_PRE_DEFINED_CURVE_FONT('continuous');
#14537 = STYLED_ITEM('color',(#14538),#8515);
#14538 = PRESENTATION_STYLE_ASSIGNMENT((#14539,#14544));
#14539 = SURFACE_STYLE_USAGE(.BOTH.,#14540);
#14540 = SURFACE_SIDE_STYLE('',(#14541));
#14541 = SURFACE_STYLE_FILL_AREA(#14542);
#14542 = FILL_AREA_STYLE('',(#14543));
#14543 = FILL_AREA_STYLE_COLOUR('',#12995);
#14544 = CURVE_STYLE('',#14545,POSITIVE_LENGTH_MEASURE(0.1),#12995);
#14545 = DRAUGHTING_PRE_DEFINED_CURVE_FONT('continuous');
#14546 = STYLED_ITEM('color',(#14547),#8532);
#14547 = PRESENTATION_STYLE_ASSIGNMENT((#14548,#14553));
#14548 = SURFACE_STYLE_USAGE(.BOTH.,#14549);
#14549 = SURFACE_SIDE_STYLE('',(#14550));
#14550 = SURFACE_STYLE_FILL_AREA(#14551);
#14551 = FILL_AREA_STYLE('',(#14552));
#14552 = FILL_AREA_STYLE_COLOUR('',#12995);
#14553 = CURVE_STYLE('',#14554,POSITIVE_LENGTH_MEASURE(0.1),#12995);
#14554 = DRAUGHTING_PRE_DEFINED_CURVE_FONT('continuous');
#14555 = STYLED_ITEM('color',(#14556),#8549);
#14556 = PRESENTATION_STYLE_ASSIGNMENT((#14557,#14562));
#14557 = SURFACE_STYLE_USAGE(.BOTH.,#14558);
#14558 = SURFACE_SIDE_STYLE('',(#14559));
#14559 = SURFACE_STYLE_FILL_AREA(#14560);
#14560 = FILL_AREA_STYLE('',(#14561));
#14561 = FILL_AREA_STYLE_COLOUR('',#12995);
#14562 = CURVE_STYLE('',#14563,POSITIVE_LENGTH_MEASURE(0.1),#12995);
#14563 = DRAUGHTING_PRE_DEFINED_CURVE_FONT('continuous');
#14564 = STYLED_ITEM('color',(#14565),#8566);
#14565 = PRESENTATION_STYLE_ASSIGNMENT((#14566,#14571));
#14566 = SURFACE_STYLE_USAGE(.BOTH.,#14567);
#14567 = SURFACE_SIDE_STYLE('',(#14568));
#14568 = SURFACE_STYLE_FILL_AREA(#14569);
#14569 = FILL_AREA_STYLE('',(#14570));
#14570 = FILL_AREA_STYLE_COLOUR('',#12995);
#14571 = CURVE_STYLE('',#14572,POSITIVE_LENGTH_MEASURE(0.1),#12995);
#14572 = DRAUGHTING_PRE_DEFINED_CURVE_FONT('continuous');
#14573 = STYLED_ITEM('color',(#14574),#8578);
#14574 = PRESENTATION_STYLE_ASSIGNMENT((#14575,#14580));
#14575 = SURFACE_STYLE_USAGE(.BOTH.,#14576);
#14576 = SURFACE_SIDE_STYLE('',(#14577));
#14577 = SURFACE_STYLE_FILL_AREA(#14578);
#14578 = FILL_AREA_STYLE('',(#14579));
#14579 = FILL_AREA_STYLE_COLOUR('',#12995);
#14580 = CURVE_STYLE('',#14581,POSITIVE_LENGTH_MEASURE(0.1),#12995);
#14581 = DRAUGHTING_PRE_DEFINED_CURVE_FONT('continuous');
#14582 = STYLED_ITEM('color',(#14583),#8595);
#14583 = PRESENTATION_STYLE_ASSIGNMENT((#14584,#14589));
#14584 = SURFACE_STYLE_USAGE(.BOTH.,#14585);
#14585 = SURFACE_SIDE_STYLE('',(#14586));
#14586 = SURFACE_STYLE_FILL_AREA(#14587);
#14587 = FILL_AREA_STYLE('',(#14588));
#14588 = FILL_AREA_STYLE_COLOUR('',#12995);
#14589 = CURVE_STYLE('',#14590,POSITIVE_LENGTH_MEASURE(0.1),#12995);
#14590 = DRAUGHTING_PRE_DEFINED_CURVE_FONT('continuous');
#14591 = STYLED_ITEM('color',(#14592),#8612);
#14592 = PRESENTATION_STYLE_ASSIGNMENT((#14593,#14598));
#14593 = SURFACE_STYLE_USAGE(.BOTH.,#14594);
#14594 = SURFACE_SIDE_STYLE('',(#14595));
#14595 = SURFACE_STYLE_FILL_AREA(#14596);
#14596 = FILL_AREA_STYLE('',(#14597));
#14597 = FILL_AREA_STYLE_COLOUR('',#12995);
#14598 = CURVE_STYLE('',#14599,POSITIVE_LENGTH_MEASURE(0.1),#12995);
#14599 = DRAUGHTING_PRE_DEFINED_CURVE_FONT('continuous');
#14600 = STYLED_ITEM('color',(#14601),#8629);
#14601 = PRESENTATION_STYLE_ASSIGNMENT((#14602,#14607));
#14602 = SURFACE_STYLE_USAGE(.BOTH.,#14603);
#14603 = SURFACE_SIDE_STYLE('',(#14604));
#14604 = SURFACE_STYLE_FILL_AREA(#14605);
#14605 = FILL_AREA_STYLE('',(#14606));
#14606 = FILL_AREA_STYLE_COLOUR('',#12995);
#14607 = CURVE_STYLE('',#14608,POSITIVE_LENGTH_MEASURE(0.1),#12995);
#14608 = DRAUGHTING_PRE_DEFINED_CURVE_FONT('continuous');
#14609 = STYLED_ITEM('color',(#14610),#8646);
#14610 = PRESENTATION_STYLE_ASSIGNMENT((#14611,#14616));
#14611 = SURFACE_STYLE_USAGE(.BOTH.,#14612);
#14612 = SURFACE_SIDE_STYLE('',(#14613));
#14613 = SURFACE_STYLE_FILL_AREA(#14614);
#14614 = FILL_AREA_STYLE('',(#14615));
#14615 = FILL_AREA_STYLE_COLOUR('',#12995);
#14616 = CURVE_STYLE('',#14617,POSITIVE_LENGTH_MEASURE(0.1),#12995);
#14617 = DRAUGHTING_PRE_DEFINED_CURVE_FONT('continuous');
#14618 = STYLED_ITEM('color',(#14619),#8658);
#14619 = PRESENTATION_STYLE_ASSIGNMENT((#14620,#14625));
#14620 = SURFACE_STYLE_USAGE(.BOTH.,#14621);
#14621 = SURFACE_SIDE_STYLE('',(#14622));
#14622 = SURFACE_STYLE_FILL_AREA(#14623);
#14623 = FILL_AREA_STYLE('',(#14624));
#14624 = FILL_AREA_STYLE_COLOUR('',#12995);
#14625 = CURVE_STYLE('',#14626,POSITIVE_LENGTH_MEASURE(0.1),#12995);
#14626 = DRAUGHTING_PRE_DEFINED_CURVE_FONT('continuous');
#14627 = STYLED_ITEM('color',(#14628),#8675);
#14628 = PRESENTATION_STYLE_ASSIGNMENT((#14629,#14634));
#14629 = SURFACE_STYLE_USAGE(.BOTH.,#14630);
#14630 = SURFACE_SIDE_STYLE('',(#14631));
#14631 = SURFACE_STYLE_FILL_AREA(#14632);
#14632 = FILL_AREA_STYLE('',(#14633));
#14633 = FILL_AREA_STYLE_COLOUR('',#12995);
#14634 = CURVE_STYLE('',#14635,POSITIVE_LENGTH_MEASURE(0.1),#12995);
#14635 = DRAUGHTING_PRE_DEFINED_CURVE_FONT('continuous');
#14636 = STYLED_ITEM('color',(#14637),#8692);
#14637 = PRESENTATION_STYLE_ASSIGNMENT((#14638,#14643));
#14638 = SURFACE_STYLE_USAGE(.BOTH.,#14639);
#14639 = SURFACE_SIDE_STYLE('',(#14640));
#14640 = SURFACE_STYLE_FILL_AREA(#14641);
#14641 = FILL_AREA_STYLE('',(#14642));
#14642 = FILL_AREA_STYLE_COLOUR('',#12995);
#14643 = CURVE_STYLE('',#14644,POSITIVE_LENGTH_MEASURE(0.1),#12995);
#14644 = DRAUGHTING_PRE_DEFINED_CURVE_FONT('continuous');
#14645 = STYLED_ITEM('color',(#14646),#8709);
#14646 = PRESENTATION_STYLE_ASSIGNMENT((#14647,#14652));
#14647 = SURFACE_STYLE_USAGE(.BOTH.,#14648);
#14648 = SURFACE_SIDE_STYLE('',(#14649));
#14649 = SURFACE_STYLE_FILL_AREA(#14650);
#14650 = FILL_AREA_STYLE('',(#14651));
#14651 = FILL_AREA_STYLE_COLOUR('',#12995);
#14652 = CURVE_STYLE('',#14653,POSITIVE_LENGTH_MEASURE(0.1),#12995);
#14653 = DRAUGHTING_PRE_DEFINED_CURVE_FONT('continuous');
#14654 = STYLED_ITEM('color',(#14655),#8726);
#14655 = PRESENTATION_STYLE_ASSIGNMENT((#14656,#14661));
#14656 = SURFACE_STYLE_USAGE(.BOTH.,#14657);
#14657 = SURFACE_SIDE_STYLE('',(#14658));
#14658 = SURFACE_STYLE_FILL_AREA(#14659);
#14659 = FILL_AREA_STYLE('',(#14660));
#14660 = FILL_AREA_STYLE_COLOUR('',#12995);
#14661 = CURVE_STYLE('',#14662,POSITIVE_LENGTH_MEASURE(0.1),#12995);
#14662 = DRAUGHTING_PRE_DEFINED_CURVE_FONT('continuous');
#14663 = STYLED_ITEM('color',(#14664),#8738);
#14664 = PRESENTATION_STYLE_ASSIGNMENT((#14665,#14670));
#14665 = SURFACE_STYLE_USAGE(.BOTH.,#14666);
#14666 = SURFACE_SIDE_STYLE('',(#14667));
#14667 = SURFACE_STYLE_FILL_AREA(#14668);
#14668 = FILL_AREA_STYLE('',(#14669));
#14669 = FILL_AREA_STYLE_COLOUR('',#12828);
#14670 = CURVE_STYLE('',#14671,POSITIVE_LENGTH_MEASURE(0.1),#12828);
#14671 = DRAUGHTING_PRE_DEFINED_CURVE_FONT('continuous');
#14672 = OVER_RIDING_STYLED_ITEM('overriding color',(#14673),#8745,
  #14663);
#14673 = PRESENTATION_STYLE_ASSIGNMENT((#14674,#14679));
#14674 = SURFACE_STYLE_USAGE(.BOTH.,#14675);
#14675 = SURFACE_SIDE_STYLE('',(#14676));
#14676 = SURFACE_STYLE_FILL_AREA(#14677);
#14677 = FILL_AREA_STYLE('',(#14678));
#14678 = FILL_AREA_STYLE_COLOUR('',#12995);
#14679 = CURVE_STYLE('',#14680,POSITIVE_LENGTH_MEASURE(0.1),#12995);
#14680 = DRAUGHTING_PRE_DEFINED_CURVE_FONT('continuous');
#14681 = STYLED_ITEM('color',(#14682),#8755);
#14682 = PRESENTATION_STYLE_ASSIGNMENT((#14683,#14688));
#14683 = SURFACE_STYLE_USAGE(.BOTH.,#14684);
#14684 = SURFACE_SIDE_STYLE('',(#14685));
#14685 = SURFACE_STYLE_FILL_AREA(#14686);
#14686 = FILL_AREA_STYLE('',(#14687));
#14687 = FILL_AREA_STYLE_COLOUR('',#12828);
#14688 = CURVE_STYLE('',#14689,POSITIVE_LENGTH_MEASURE(0.1),#12828);
#14689 = DRAUGHTING_PRE_DEFINED_CURVE_FONT('continuous');
#14690 = OVER_RIDING_STYLED_ITEM('overriding color',(#14691),#8760,
  #14681);
#14691 = PRESENTATION_STYLE_ASSIGNMENT((#14692,#14697));
#14692 = SURFACE_STYLE_USAGE(.BOTH.,#14693);
#14693 = SURFACE_SIDE_STYLE('',(#14694));
#14694 = SURFACE_STYLE_FILL_AREA(#14695);
#14695 = FILL_AREA_STYLE('',(#14696));
#14696 = FILL_AREA_STYLE_COLOUR('',#12995);
#14697 = CURVE_STYLE('',#14698,POSITIVE_LENGTH_MEASURE(0.1),#12995);
#14698 = DRAUGHTING_PRE_DEFINED_CURVE_FONT('continuous');
#14699 = STYLED_ITEM('color',(#14700),#8772);
#14700 = PRESENTATION_STYLE_ASSIGNMENT((#14701,#14706));
#14701 = SURFACE_STYLE_USAGE(.BOTH.,#14702);
#14702 = SURFACE_SIDE_STYLE('',(#14703));
#14703 = SURFACE_STYLE_FILL_AREA(#14704);
#14704 = FILL_AREA_STYLE('',(#14705));
#14705 = FILL_AREA_STYLE_COLOUR('',#12995);
#14706 = CURVE_STYLE('',#14707,POSITIVE_LENGTH_MEASURE(0.1),#12995);
#14707 = DRAUGHTING_PRE_DEFINED_CURVE_FONT('continuous');
#14708 = STYLED_ITEM('color',(#14709),#8821);
#14709 = PRESENTATION_STYLE_ASSIGNMENT((#14710,#14715));
#14710 = SURFACE_STYLE_USAGE(.BOTH.,#14711);
#14711 = SURFACE_SIDE_STYLE('',(#14712));
#14712 = SURFACE_STYLE_FILL_AREA(#14713);
#14713 = FILL_AREA_STYLE('',(#14714));
#14714 = FILL_AREA_STYLE_COLOUR('',#12995);
#14715 = CURVE_STYLE('',#14716,POSITIVE_LENGTH_MEASURE(0.1),#12995);
#14716 = DRAUGHTING_PRE_DEFINED_CURVE_FONT('continuous');
#14717 = STYLED_ITEM('color',(#14718),#8845);
#14718 = PRESENTATION_STYLE_ASSIGNMENT((#14719,#14724));
#14719 = SURFACE_STYLE_USAGE(.BOTH.,#14720);
#14720 = SURFACE_SIDE_STYLE('',(#14721));
#14721 = SURFACE_STYLE_FILL_AREA(#14722);
#14722 = FILL_AREA_STYLE('',(#14723));
#14723 = FILL_AREA_STYLE_COLOUR('',#12995);
#14724 = CURVE_STYLE('',#14725,POSITIVE_LENGTH_MEASURE(0.1),#12995);
#14725 = DRAUGHTING_PRE_DEFINED_CURVE_FONT('continuous');
#14726 = STYLED_ITEM('color',(#14727),#8887);
#14727 = PRESENTATION_STYLE_ASSIGNMENT((#14728,#14733));
#14728 = SURFACE_STYLE_USAGE(.BOTH.,#14729);
#14729 = SURFACE_SIDE_STYLE('',(#14730));
#14730 = SURFACE_STYLE_FILL_AREA(#14731);
#14731 = FILL_AREA_STYLE('',(#14732));
#14732 = FILL_AREA_STYLE_COLOUR('',#12995);
#14733 = CURVE_STYLE('',#14734,POSITIVE_LENGTH_MEASURE(0.1),#12995);
#14734 = DRAUGHTING_PRE_DEFINED_CURVE_FONT('continuous');
#14735 = STYLED_ITEM('color',(#14736),#8904);
#14736 = PRESENTATION_STYLE_ASSIGNMENT((#14737,#14742));
#14737 = SURFACE_STYLE_USAGE(.BOTH.,#14738);
#14738 = SURFACE_SIDE_STYLE('',(#14739));
#14739 = SURFACE_STYLE_FILL_AREA(#14740);
#14740 = FILL_AREA_STYLE('',(#14741));
#14741 = FILL_AREA_STYLE_COLOUR('',#12828);
#14742 = CURVE_STYLE('',#14743,POSITIVE_LENGTH_MEASURE(0.1),#12828);
#14743 = DRAUGHTING_PRE_DEFINED_CURVE_FONT('continuous');
#14744 = OVER_RIDING_STYLED_ITEM('overriding color',(#14745),#8911,
  #14735);
#14745 = PRESENTATION_STYLE_ASSIGNMENT((#14746,#14751));
#14746 = SURFACE_STYLE_USAGE(.BOTH.,#14747);
#14747 = SURFACE_SIDE_STYLE('',(#14748));
#14748 = SURFACE_STYLE_FILL_AREA(#14749);
#14749 = FILL_AREA_STYLE('',(#14750));
#14750 = FILL_AREA_STYLE_COLOUR('',#12995);
#14751 = CURVE_STYLE('',#14752,POSITIVE_LENGTH_MEASURE(0.1),#12995);
#14752 = DRAUGHTING_PRE_DEFINED_CURVE_FONT('continuous');
#14753 = STYLED_ITEM('color',(#14754),#8921);
#14754 = PRESENTATION_STYLE_ASSIGNMENT((#14755,#14760));
#14755 = SURFACE_STYLE_USAGE(.BOTH.,#14756);
#14756 = SURFACE_SIDE_STYLE('',(#14757));
#14757 = SURFACE_STYLE_FILL_AREA(#14758);
#14758 = FILL_AREA_STYLE('',(#14759));
#14759 = FILL_AREA_STYLE_COLOUR('',#12828);
#14760 = CURVE_STYLE('',#14761,POSITIVE_LENGTH_MEASURE(0.1),#12828);
#14761 = DRAUGHTING_PRE_DEFINED_CURVE_FONT('continuous');
#14762 = OVER_RIDING_STYLED_ITEM('overriding color',(#14763),#8926,
  #14753);
#14763 = PRESENTATION_STYLE_ASSIGNMENT((#14764,#14769));
#14764 = SURFACE_STYLE_USAGE(.BOTH.,#14765);
#14765 = SURFACE_SIDE_STYLE('',(#14766));
#14766 = SURFACE_STYLE_FILL_AREA(#14767);
#14767 = FILL_AREA_STYLE('',(#14768));
#14768 = FILL_AREA_STYLE_COLOUR('',#12995);
#14769 = CURVE_STYLE('',#14770,POSITIVE_LENGTH_MEASURE(0.1),#12995);
#14770 = DRAUGHTING_PRE_DEFINED_CURVE_FONT('continuous');
#14771 = STYLED_ITEM('color',(#14772),#8938);
#14772 = PRESENTATION_STYLE_ASSIGNMENT((#14773,#14778));
#14773 = SURFACE_STYLE_USAGE(.BOTH.,#14774);
#14774 = SURFACE_SIDE_STYLE('',(#14775));
#14775 = SURFACE_STYLE_FILL_AREA(#14776);
#14776 = FILL_AREA_STYLE('',(#14777));
#14777 = FILL_AREA_STYLE_COLOUR('',#12995);
#14778 = CURVE_STYLE('',#14779,POSITIVE_LENGTH_MEASURE(0.1),#12995);
#14779 = DRAUGHTING_PRE_DEFINED_CURVE_FONT('continuous');
#14780 = STYLED_ITEM('color',(#14781),#8987);
#14781 = PRESENTATION_STYLE_ASSIGNMENT((#14782,#14787));
#14782 = SURFACE_STYLE_USAGE(.BOTH.,#14783);
#14783 = SURFACE_SIDE_STYLE('',(#14784));
#14784 = SURFACE_STYLE_FILL_AREA(#14785);
#14785 = FILL_AREA_STYLE('',(#14786));
#14786 = FILL_AREA_STYLE_COLOUR('',#12995);
#14787 = CURVE_STYLE('',#14788,POSITIVE_LENGTH_MEASURE(0.1),#12995);
#14788 = DRAUGHTING_PRE_DEFINED_CURVE_FONT('continuous');
#14789 = STYLED_ITEM('color',(#14790),#9011);
#14790 = PRESENTATION_STYLE_ASSIGNMENT((#14791,#14796));
#14791 = SURFACE_STYLE_USAGE(.BOTH.,#14792);
#14792 = SURFACE_SIDE_STYLE('',(#14793));
#14793 = SURFACE_STYLE_FILL_AREA(#14794);
#14794 = FILL_AREA_STYLE('',(#14795));
#14795 = FILL_AREA_STYLE_COLOUR('',#12995);
#14796 = CURVE_STYLE('',#14797,POSITIVE_LENGTH_MEASURE(0.1),#12995);
#14797 = DRAUGHTING_PRE_DEFINED_CURVE_FONT('continuous');
#14798 = STYLED_ITEM('color',(#14799),#9053);
#14799 = PRESENTATION_STYLE_ASSIGNMENT((#14800,#14805));
#14800 = SURFACE_STYLE_USAGE(.BOTH.,#14801);
#14801 = SURFACE_SIDE_STYLE('',(#14802));
#14802 = SURFACE_STYLE_FILL_AREA(#14803);
#14803 = FILL_AREA_STYLE('',(#14804));
#14804 = FILL_AREA_STYLE_COLOUR('',#12995);
#14805 = CURVE_STYLE('',#14806,POSITIVE_LENGTH_MEASURE(0.1),#12995);
#14806 = DRAUGHTING_PRE_DEFINED_CURVE_FONT('continuous');
#14807 = STYLED_ITEM('color',(#14808),#9070);
#14808 = PRESENTATION_STYLE_ASSIGNMENT((#14809,#14814));
#14809 = SURFACE_STYLE_USAGE(.BOTH.,#14810);
#14810 = SURFACE_SIDE_STYLE('',(#14811));
#14811 = SURFACE_STYLE_FILL_AREA(#14812);
#14812 = FILL_AREA_STYLE('',(#14813));
#14813 = FILL_AREA_STYLE_COLOUR('',#12828);
#14814 = CURVE_STYLE('',#14815,POSITIVE_LENGTH_MEASURE(0.1),#12828);
#14815 = DRAUGHTING_PRE_DEFINED_CURVE_FONT('continuous');
#14816 = OVER_RIDING_STYLED_ITEM('overriding color',(#14817),#9077,
  #14807);
#14817 = PRESENTATION_STYLE_ASSIGNMENT((#14818,#14823));
#14818 = SURFACE_STYLE_USAGE(.BOTH.,#14819);
#14819 = SURFACE_SIDE_STYLE('',(#14820));
#14820 = SURFACE_STYLE_FILL_AREA(#14821);
#14821 = FILL_AREA_STYLE('',(#14822));
#14822 = FILL_AREA_STYLE_COLOUR('',#12995);
#14823 = CURVE_STYLE('',#14824,POSITIVE_LENGTH_MEASURE(0.1),#12995);
#14824 = DRAUGHTING_PRE_DEFINED_CURVE_FONT('continuous');
#14825 = STYLED_ITEM('color',(#14826),#9087);
#14826 = PRESENTATION_STYLE_ASSIGNMENT((#14827,#14832));
#14827 = SURFACE_STYLE_USAGE(.BOTH.,#14828);
#14828 = SURFACE_SIDE_STYLE('',(#14829));
#14829 = SURFACE_STYLE_FILL_AREA(#14830);
#14830 = FILL_AREA_STYLE('',(#14831));
#14831 = FILL_AREA_STYLE_COLOUR('',#12828);
#14832 = CURVE_STYLE('',#14833,POSITIVE_LENGTH_MEASURE(0.1),#12828);
#14833 = DRAUGHTING_PRE_DEFINED_CURVE_FONT('continuous');
#14834 = OVER_RIDING_STYLED_ITEM('overriding color',(#14835),#9092,
  #14825);
#14835 = PRESENTATION_STYLE_ASSIGNMENT((#14836,#14841));
#14836 = SURFACE_STYLE_USAGE(.BOTH.,#14837);
#14837 = SURFACE_SIDE_STYLE('',(#14838));
#14838 = SURFACE_STYLE_FILL_AREA(#14839);
#14839 = FILL_AREA_STYLE('',(#14840));
#14840 = FILL_AREA_STYLE_COLOUR('',#12995);
#14841 = CURVE_STYLE('',#14842,POSITIVE_LENGTH_MEASURE(0.1),#12995);
#14842 = DRAUGHTING_PRE_DEFINED_CURVE_FONT('continuous');
#14843 = STYLED_ITEM('color',(#14844),#9104);
#14844 = PRESENTATION_STYLE_ASSIGNMENT((#14845,#14850));
#14845 = SURFACE_STYLE_USAGE(.BOTH.,#14846);
#14846 = SURFACE_SIDE_STYLE('',(#14847));
#14847 = SURFACE_STYLE_FILL_AREA(#14848);
#14848 = FILL_AREA_STYLE('',(#14849));
#14849 = FILL_AREA_STYLE_COLOUR('',#12995);
#14850 = CURVE_STYLE('',#14851,POSITIVE_LENGTH_MEASURE(0.1),#12995);
#14851 = DRAUGHTING_PRE_DEFINED_CURVE_FONT('continuous');
#14852 = STYLED_ITEM('color',(#14853),#9153);
#14853 = PRESENTATION_STYLE_ASSIGNMENT((#14854,#14859));
#14854 = SURFACE_STYLE_USAGE(.BOTH.,#14855);
#14855 = SURFACE_SIDE_STYLE('',(#14856));
#14856 = SURFACE_STYLE_FILL_AREA(#14857);
#14857 = FILL_AREA_STYLE('',(#14858));
#14858 = FILL_AREA_STYLE_COLOUR('',#12995);
#14859 = CURVE_STYLE('',#14860,POSITIVE_LENGTH_MEASURE(0.1),#12995);
#14860 = DRAUGHTING_PRE_DEFINED_CURVE_FONT('continuous');
#14861 = STYLED_ITEM('color',(#14862),#9177);
#14862 = PRESENTATION_STYLE_ASSIGNMENT((#14863,#14868));
#14863 = SURFACE_STYLE_USAGE(.BOTH.,#14864);
#14864 = SURFACE_SIDE_STYLE('',(#14865));
#14865 = SURFACE_STYLE_FILL_AREA(#14866);
#14866 = FILL_AREA_STYLE('',(#14867));
#14867 = FILL_AREA_STYLE_COLOUR('',#12995);
#14868 = CURVE_STYLE('',#14869,POSITIVE_LENGTH_MEASURE(0.1),#12995);
#14869 = DRAUGHTING_PRE_DEFINED_CURVE_FONT('continuous');
#14870 = STYLED_ITEM('color',(#14871),#9219);
#14871 = PRESENTATION_STYLE_ASSIGNMENT((#14872,#14877));
#14872 = SURFACE_STYLE_USAGE(.BOTH.,#14873);
#14873 = SURFACE_SIDE_STYLE('',(#14874));
#14874 = SURFACE_STYLE_FILL_AREA(#14875);
#14875 = FILL_AREA_STYLE('',(#14876));
#14876 = FILL_AREA_STYLE_COLOUR('',#12995);
#14877 = CURVE_STYLE('',#14878,POSITIVE_LENGTH_MEASURE(0.1),#12995);
#14878 = DRAUGHTING_PRE_DEFINED_CURVE_FONT('continuous');
#14879 = STYLED_ITEM('color',(#14880),#9236);
#14880 = PRESENTATION_STYLE_ASSIGNMENT((#14881,#14886));
#14881 = SURFACE_STYLE_USAGE(.BOTH.,#14882);
#14882 = SURFACE_SIDE_STYLE('',(#14883));
#14883 = SURFACE_STYLE_FILL_AREA(#14884);
#14884 = FILL_AREA_STYLE('',(#14885));
#14885 = FILL_AREA_STYLE_COLOUR('',#12828);
#14886 = CURVE_STYLE('',#14887,POSITIVE_LENGTH_MEASURE(0.1),#12828);
#14887 = DRAUGHTING_PRE_DEFINED_CURVE_FONT('continuous');
#14888 = OVER_RIDING_STYLED_ITEM('overriding color',(#14889),#9243,
  #14879);
#14889 = PRESENTATION_STYLE_ASSIGNMENT((#14890,#14895));
#14890 = SURFACE_STYLE_USAGE(.BOTH.,#14891);
#14891 = SURFACE_SIDE_STYLE('',(#14892));
#14892 = SURFACE_STYLE_FILL_AREA(#14893);
#14893 = FILL_AREA_STYLE('',(#14894));
#14894 = FILL_AREA_STYLE_COLOUR('',#12995);
#14895 = CURVE_STYLE('',#14896,POSITIVE_LENGTH_MEASURE(0.1),#12995);
#14896 = DRAUGHTING_PRE_DEFINED_CURVE_FONT('continuous');
#14897 = STYLED_ITEM('color',(#14898),#9253);
#14898 = PRESENTATION_STYLE_ASSIGNMENT((#14899,#14904));
#14899 = SURFACE_STYLE_USAGE(.BOTH.,#14900);
#14900 = SURFACE_SIDE_STYLE('',(#14901));
#14901 = SURFACE_STYLE_FILL_AREA(#14902);
#14902 = FILL_AREA_STYLE('',(#14903));
#14903 = FILL_AREA_STYLE_COLOUR('',#12828);
#14904 = CURVE_STYLE('',#14905,POSITIVE_LENGTH_MEASURE(0.1),#12828);
#14905 = DRAUGHTING_PRE_DEFINED_CURVE_FONT('continuous');
#14906 = OVER_RIDING_STYLED_ITEM('overriding color',(#14907),#9258,
  #14897);
#14907 = PRESENTATION_STYLE_ASSIGNMENT((#14908,#14913));
#14908 = SURFACE_STYLE_USAGE(.BOTH.,#14909);
#14909 = SURFACE_SIDE_STYLE('',(#14910));
#14910 = SURFACE_STYLE_FILL_AREA(#14911);
#14911 = FILL_AREA_STYLE('',(#14912));
#14912 = FILL_AREA_STYLE_COLOUR('',#12995);
#14913 = CURVE_STYLE('',#14914,POSITIVE_LENGTH_MEASURE(0.1),#12995);
#14914 = DRAUGHTING_PRE_DEFINED_CURVE_FONT('continuous');
#14915 = STYLED_ITEM('color',(#14916),#9270);
#14916 = PRESENTATION_STYLE_ASSIGNMENT((#14917,#14922));
#14917 = SURFACE_STYLE_USAGE(.BOTH.,#14918);
#14918 = SURFACE_SIDE_STYLE('',(#14919));
#14919 = SURFACE_STYLE_FILL_AREA(#14920);
#14920 = FILL_AREA_STYLE('',(#14921));
#14921 = FILL_AREA_STYLE_COLOUR('',#12995);
#14922 = CURVE_STYLE('',#14923,POSITIVE_LENGTH_MEASURE(0.1),#12995);
#14923 = DRAUGHTING_PRE_DEFINED_CURVE_FONT('continuous');
#14924 = STYLED_ITEM('color',(#14925),#9319);
#14925 = PRESENTATION_STYLE_ASSIGNMENT((#14926,#14931));
#14926 = SURFACE_STYLE_USAGE(.BOTH.,#14927);
#14927 = SURFACE_SIDE_STYLE('',(#14928));
#14928 = SURFACE_STYLE_FILL_AREA(#14929);
#14929 = FILL_AREA_STYLE('',(#14930));
#14930 = FILL_AREA_STYLE_COLOUR('',#12995);
#14931 = CURVE_STYLE('',#14932,POSITIVE_LENGTH_MEASURE(0.1),#12995);
#14932 = DRAUGHTING_PRE_DEFINED_CURVE_FONT('continuous');
#14933 = STYLED_ITEM('color',(#14934),#9343);
#14934 = PRESENTATION_STYLE_ASSIGNMENT((#14935,#14940));
#14935 = SURFACE_STYLE_USAGE(.BOTH.,#14936);
#14936 = SURFACE_SIDE_STYLE('',(#14937));
#14937 = SURFACE_STYLE_FILL_AREA(#14938);
#14938 = FILL_AREA_STYLE('',(#14939));
#14939 = FILL_AREA_STYLE_COLOUR('',#12995);
#14940 = CURVE_STYLE('',#14941,POSITIVE_LENGTH_MEASURE(0.1),#12995);
#14941 = DRAUGHTING_PRE_DEFINED_CURVE_FONT('continuous');
#14942 = STYLED_ITEM('color',(#14943),#9385);
#14943 = PRESENTATION_STYLE_ASSIGNMENT((#14944,#14949));
#14944 = SURFACE_STYLE_USAGE(.BOTH.,#14945);
#14945 = SURFACE_SIDE_STYLE('',(#14946));
#14946 = SURFACE_STYLE_FILL_AREA(#14947);
#14947 = FILL_AREA_STYLE('',(#14948));
#14948 = FILL_AREA_STYLE_COLOUR('',#12995);
#14949 = CURVE_STYLE('',#14950,POSITIVE_LENGTH_MEASURE(0.1),#12995);
#14950 = DRAUGHTING_PRE_DEFINED_CURVE_FONT('continuous');
#14951 = STYLED_ITEM('color',(#14952),#9402);
#14952 = PRESENTATION_STYLE_ASSIGNMENT((#14953,#14958));
#14953 = SURFACE_STYLE_USAGE(.BOTH.,#14954);
#14954 = SURFACE_SIDE_STYLE('',(#14955));
#14955 = SURFACE_STYLE_FILL_AREA(#14956);
#14956 = FILL_AREA_STYLE('',(#14957));
#14957 = FILL_AREA_STYLE_COLOUR('',#12828);
#14958 = CURVE_STYLE('',#14959,POSITIVE_LENGTH_MEASURE(0.1),#12828);
#14959 = DRAUGHTING_PRE_DEFINED_CURVE_FONT('continuous');
#14960 = OVER_RIDING_STYLED_ITEM('overriding color',(#14961),#9409,
  #14951);
#14961 = PRESENTATION_STYLE_ASSIGNMENT((#14962,#14967));
#14962 = SURFACE_STYLE_USAGE(.BOTH.,#14963);
#14963 = SURFACE_SIDE_STYLE('',(#14964));
#14964 = SURFACE_STYLE_FILL_AREA(#14965);
#14965 = FILL_AREA_STYLE('',(#14966));
#14966 = FILL_AREA_STYLE_COLOUR('',#12995);
#14967 = CURVE_STYLE('',#14968,POSITIVE_LENGTH_MEASURE(0.1),#12995);
#14968 = DRAUGHTING_PRE_DEFINED_CURVE_FONT('continuous');
#14969 = STYLED_ITEM('color',(#14970),#9419);
#14970 = PRESENTATION_STYLE_ASSIGNMENT((#14971,#14976));
#14971 = SURFACE_STYLE_USAGE(.BOTH.,#14972);
#14972 = SURFACE_SIDE_STYLE('',(#14973));
#14973 = SURFACE_STYLE_FILL_AREA(#14974);
#14974 = FILL_AREA_STYLE('',(#14975));
#14975 = FILL_AREA_STYLE_COLOUR('',#12828);
#14976 = CURVE_STYLE('',#14977,POSITIVE_LENGTH_MEASURE(0.1),#12828);
#14977 = DRAUGHTING_PRE_DEFINED_CURVE_FONT('continuous');
#14978 = OVER_RIDING_STYLED_ITEM('overriding color',(#14979),#9424,
  #14969);
#14979 = PRESENTATION_STYLE_ASSIGNMENT((#14980,#14985));
#14980 = SURFACE_STYLE_USAGE(.BOTH.,#14981);
#14981 = SURFACE_SIDE_STYLE('',(#14982));
#14982 = SURFACE_STYLE_FILL_AREA(#14983);
#14983 = FILL_AREA_STYLE('',(#14984));
#14984 = FILL_AREA_STYLE_COLOUR('',#12995);
#14985 = CURVE_STYLE('',#14986,POSITIVE_LENGTH_MEASURE(0.1),#12995);
#14986 = DRAUGHTING_PRE_DEFINED_CURVE_FONT('continuous');
#14987 = STYLED_ITEM('color',(#14988),#9436);
#14988 = PRESENTATION_STYLE_ASSIGNMENT((#14989,#14994));
#14989 = SURFACE_STYLE_USAGE(.BOTH.,#14990);
#14990 = SURFACE_SIDE_STYLE('',(#14991));
#14991 = SURFACE_STYLE_FILL_AREA(#14992);
#14992 = FILL_AREA_STYLE('',(#14993));
#14993 = FILL_AREA_STYLE_COLOUR('',#12995);
#14994 = CURVE_STYLE('',#14995,POSITIVE_LENGTH_MEASURE(0.1),#12995);
#14995 = DRAUGHTING_PRE_DEFINED_CURVE_FONT('continuous');
#14996 = STYLED_ITEM('color',(#14997),#9485);
#14997 = PRESENTATION_STYLE_ASSIGNMENT((#14998,#15003));
#14998 = SURFACE_STYLE_USAGE(.BOTH.,#14999);
#14999 = SURFACE_SIDE_STYLE('',(#15000));
#15000 = SURFACE_STYLE_FILL_AREA(#15001);
#15001 = FILL_AREA_STYLE('',(#15002));
#15002 = FILL_AREA_STYLE_COLOUR('',#12995);
#15003 = CURVE_STYLE('',#15004,POSITIVE_LENGTH_MEASURE(0.1),#12995);
#15004 = DRAUGHTING_PRE_DEFINED_CURVE_FONT('continuous');
#15005 = STYLED_ITEM('color',(#15006),#9509);
#15006 = PRESENTATION_STYLE_ASSIGNMENT((#15007,#15012));
#15007 = SURFACE_STYLE_USAGE(.BOTH.,#15008);
#15008 = SURFACE_SIDE_STYLE('',(#15009));
#15009 = SURFACE_STYLE_FILL_AREA(#15010);
#15010 = FILL_AREA_STYLE('',(#15011));
#15011 = FILL_AREA_STYLE_COLOUR('',#12995);
#15012 = CURVE_STYLE('',#15013,POSITIVE_LENGTH_MEASURE(0.1),#12995);
#15013 = DRAUGHTING_PRE_DEFINED_CURVE_FONT('continuous');
#15014 = STYLED_ITEM('color',(#15015),#9551);
#15015 = PRESENTATION_STYLE_ASSIGNMENT((#15016,#15021));
#15016 = SURFACE_STYLE_USAGE(.BOTH.,#15017);
#15017 = SURFACE_SIDE_STYLE('',(#15018));
#15018 = SURFACE_STYLE_FILL_AREA(#15019);
#15019 = FILL_AREA_STYLE('',(#15020));
#15020 = FILL_AREA_STYLE_COLOUR('',#12995);
#15021 = CURVE_STYLE('',#15022,POSITIVE_LENGTH_MEASURE(0.1),#12995);
#15022 = DRAUGHTING_PRE_DEFINED_CURVE_FONT('continuous');
#15023 = STYLED_ITEM('color',(#15024),#9568);
#15024 = PRESENTATION_STYLE_ASSIGNMENT((#15025,#15030));
#15025 = SURFACE_STYLE_USAGE(.BOTH.,#15026);
#15026 = SURFACE_SIDE_STYLE('',(#15027));
#15027 = SURFACE_STYLE_FILL_AREA(#15028);
#15028 = FILL_AREA_STYLE('',(#15029));
#15029 = FILL_AREA_STYLE_COLOUR('',#12828);
#15030 = CURVE_STYLE('',#15031,POSITIVE_LENGTH_MEASURE(0.1),#12828);
#15031 = DRAUGHTING_PRE_DEFINED_CURVE_FONT('continuous');
#15032 = OVER_RIDING_STYLED_ITEM('overriding color',(#15033),#9575,
  #15023);
#15033 = PRESENTATION_STYLE_ASSIGNMENT((#15034,#15039));
#15034 = SURFACE_STYLE_USAGE(.BOTH.,#15035);
#15035 = SURFACE_SIDE_STYLE('',(#15036));
#15036 = SURFACE_STYLE_FILL_AREA(#15037);
#15037 = FILL_AREA_STYLE('',(#15038));
#15038 = FILL_AREA_STYLE_COLOUR('',#12995);
#15039 = CURVE_STYLE('',#15040,POSITIVE_LENGTH_MEASURE(0.1),#12995);
#15040 = DRAUGHTING_PRE_DEFINED_CURVE_FONT('continuous');
#15041 = STYLED_ITEM('color',(#15042),#9585);
#15042 = PRESENTATION_STYLE_ASSIGNMENT((#15043,#15048));
#15043 = SURFACE_STYLE_USAGE(.BOTH.,#15044);
#15044 = SURFACE_SIDE_STYLE('',(#15045));
#15045 = SURFACE_STYLE_FILL_AREA(#15046);
#15046 = FILL_AREA_STYLE('',(#15047));
#15047 = FILL_AREA_STYLE_COLOUR('',#12828);
#15048 = CURVE_STYLE('',#15049,POSITIVE_LENGTH_MEASURE(0.1),#12828);
#15049 = DRAUGHTING_PRE_DEFINED_CURVE_FONT('continuous');
#15050 = OVER_RIDING_STYLED_ITEM('overriding color',(#15051),#9590,
  #15041);
#15051 = PRESENTATION_STYLE_ASSIGNMENT((#15052,#15057));
#15052 = SURFACE_STYLE_USAGE(.BOTH.,#15053);
#15053 = SURFACE_SIDE_STYLE('',(#15054));
#15054 = SURFACE_STYLE_FILL_AREA(#15055);
#15055 = FILL_AREA_STYLE('',(#15056));
#15056 = FILL_AREA_STYLE_COLOUR('',#12995);
#15057 = CURVE_STYLE('',#15058,POSITIVE_LENGTH_MEASURE(0.1),#12995);
#15058 = DRAUGHTING_PRE_DEFINED_CURVE_FONT('continuous');
#15059 = STYLED_ITEM('color',(#15060),#9602);
#15060 = PRESENTATION_STYLE_ASSIGNMENT((#15061,#15066));
#15061 = SURFACE_STYLE_USAGE(.BOTH.,#15062);
#15062 = SURFACE_SIDE_STYLE('',(#15063));
#15063 = SURFACE_STYLE_FILL_AREA(#15064);
#15064 = FILL_AREA_STYLE('',(#15065));
#15065 = FILL_AREA_STYLE_COLOUR('',#12995);
#15066 = CURVE_STYLE('',#15067,POSITIVE_LENGTH_MEASURE(0.1),#12995);
#15067 = DRAUGHTING_PRE_DEFINED_CURVE_FONT('continuous');
#15068 = STYLED_ITEM('color',(#15069),#9651);
#15069 = PRESENTATION_STYLE_ASSIGNMENT((#15070,#15075));
#15070 = SURFACE_STYLE_USAGE(.BOTH.,#15071);
#15071 = SURFACE_SIDE_STYLE('',(#15072));
#15072 = SURFACE_STYLE_FILL_AREA(#15073);
#15073 = FILL_AREA_STYLE('',(#15074));
#15074 = FILL_AREA_STYLE_COLOUR('',#12995);
#15075 = CURVE_STYLE('',#15076,POSITIVE_LENGTH_MEASURE(0.1),#12995);
#15076 = DRAUGHTING_PRE_DEFINED_CURVE_FONT('continuous');
#15077 = STYLED_ITEM('color',(#15078),#9675);
#15078 = PRESENTATION_STYLE_ASSIGNMENT((#15079,#15084));
#15079 = SURFACE_STYLE_USAGE(.BOTH.,#15080);
#15080 = SURFACE_SIDE_STYLE('',(#15081));
#15081 = SURFACE_STYLE_FILL_AREA(#15082);
#15082 = FILL_AREA_STYLE('',(#15083));
#15083 = FILL_AREA_STYLE_COLOUR('',#12995);
#15084 = CURVE_STYLE('',#15085,POSITIVE_LENGTH_MEASURE(0.1),#12995);
#15085 = DRAUGHTING_PRE_DEFINED_CURVE_FONT('continuous');
#15086 = STYLED_ITEM('color',(#15087),#9717);
#15087 = PRESENTATION_STYLE_ASSIGNMENT((#15088,#15093));
#15088 = SURFACE_STYLE_USAGE(.BOTH.,#15089);
#15089 = SURFACE_SIDE_STYLE('',(#15090));
#15090 = SURFACE_STYLE_FILL_AREA(#15091);
#15091 = FILL_AREA_STYLE('',(#15092));
#15092 = FILL_AREA_STYLE_COLOUR('',#12995);
#15093 = CURVE_STYLE('',#15094,POSITIVE_LENGTH_MEASURE(0.1),#12995);
#15094 = DRAUGHTING_PRE_DEFINED_CURVE_FONT('continuous');
#15095 = STYLED_ITEM('color',(#15096),#9734);
#15096 = PRESENTATION_STYLE_ASSIGNMENT((#15097,#15102));
#15097 = SURFACE_STYLE_USAGE(.BOTH.,#15098);
#15098 = SURFACE_SIDE_STYLE('',(#15099));
#15099 = SURFACE_STYLE_FILL_AREA(#15100);
#15100 = FILL_AREA_STYLE('',(#15101));
#15101 = FILL_AREA_STYLE_COLOUR('',#12828);
#15102 = CURVE_STYLE('',#15103,POSITIVE_LENGTH_MEASURE(0.1),#12828);
#15103 = DRAUGHTING_PRE_DEFINED_CURVE_FONT('continuous');
#15104 = OVER_RIDING_STYLED_ITEM('overriding color',(#15105),#9741,
  #15095);
#15105 = PRESENTATION_STYLE_ASSIGNMENT((#15106,#15111));
#15106 = SURFACE_STYLE_USAGE(.BOTH.,#15107);
#15107 = SURFACE_SIDE_STYLE('',(#15108));
#15108 = SURFACE_STYLE_FILL_AREA(#15109);
#15109 = FILL_AREA_STYLE('',(#15110));
#15110 = FILL_AREA_STYLE_COLOUR('',#12995);
#15111 = CURVE_STYLE('',#15112,POSITIVE_LENGTH_MEASURE(0.1),#12995);
#15112 = DRAUGHTING_PRE_DEFINED_CURVE_FONT('continuous');
#15113 = STYLED_ITEM('color',(#15114),#9751);
#15114 = PRESENTATION_STYLE_ASSIGNMENT((#15115,#15120));
#15115 = SURFACE_STYLE_USAGE(.BOTH.,#15116);
#15116 = SURFACE_SIDE_STYLE('',(#15117));
#15117 = SURFACE_STYLE_FILL_AREA(#15118);
#15118 = FILL_AREA_STYLE('',(#15119));
#15119 = FILL_AREA_STYLE_COLOUR('',#12828);
#15120 = CURVE_STYLE('',#15121,POSITIVE_LENGTH_MEASURE(0.1),#12828);
#15121 = DRAUGHTING_PRE_DEFINED_CURVE_FONT('continuous');
#15122 = OVER_RIDING_STYLED_ITEM('overriding color',(#15123),#9756,
  #15113);
#15123 = PRESENTATION_STYLE_ASSIGNMENT((#15124,#15129));
#15124 = SURFACE_STYLE_USAGE(.BOTH.,#15125);
#15125 = SURFACE_SIDE_STYLE('',(#15126));
#15126 = SURFACE_STYLE_FILL_AREA(#15127);
#15127 = FILL_AREA_STYLE('',(#15128));
#15128 = FILL_AREA_STYLE_COLOUR('',#12995);
#15129 = CURVE_STYLE('',#15130,POSITIVE_LENGTH_MEASURE(0.1),#12995);
#15130 = DRAUGHTING_PRE_DEFINED_CURVE_FONT('continuous');
#15131 = STYLED_ITEM('color',(#15132),#9768);
#15132 = PRESENTATION_STYLE_ASSIGNMENT((#15133,#15138));
#15133 = SURFACE_STYLE_USAGE(.BOTH.,#15134);
#15134 = SURFACE_SIDE_STYLE('',(#15135));
#15135 = SURFACE_STYLE_FILL_AREA(#15136);
#15136 = FILL_AREA_STYLE('',(#15137));
#15137 = FILL_AREA_STYLE_COLOUR('',#12995);
#15138 = CURVE_STYLE('',#15139,POSITIVE_LENGTH_MEASURE(0.1),#12995);
#15139 = DRAUGHTING_PRE_DEFINED_CURVE_FONT('continuous');
#15140 = STYLED_ITEM('color',(#15141),#9817);
#15141 = PRESENTATION_STYLE_ASSIGNMENT((#15142,#15147));
#15142 = SURFACE_STYLE_USAGE(.BOTH.,#15143);
#15143 = SURFACE_SIDE_STYLE('',(#15144));
#15144 = SURFACE_STYLE_FILL_AREA(#15145);
#15145 = FILL_AREA_STYLE('',(#15146));
#15146 = FILL_AREA_STYLE_COLOUR('',#12995);
#15147 = CURVE_STYLE('',#15148,POSITIVE_LENGTH_MEASURE(0.1),#12995);
#15148 = DRAUGHTING_PRE_DEFINED_CURVE_FONT('continuous');
#15149 = STYLED_ITEM('color',(#15150),#9841);
#15150 = PRESENTATION_STYLE_ASSIGNMENT((#15151,#15156));
#15151 = SURFACE_STYLE_USAGE(.BOTH.,#15152);
#15152 = SURFACE_SIDE_STYLE('',(#15153));
#15153 = SURFACE_STYLE_FILL_AREA(#15154);
#15154 = FILL_AREA_STYLE('',(#15155));
#15155 = FILL_AREA_STYLE_COLOUR('',#12995);
#15156 = CURVE_STYLE('',#15157,POSITIVE_LENGTH_MEASURE(0.1),#12995);
#15157 = DRAUGHTING_PRE_DEFINED_CURVE_FONT('continuous');
#15158 = STYLED_ITEM('color',(#15159),#9883);
#15159 = PRESENTATION_STYLE_ASSIGNMENT((#15160,#15165));
#15160 = SURFACE_STYLE_USAGE(.BOTH.,#15161);
#15161 = SURFACE_SIDE_STYLE('',(#15162));
#15162 = SURFACE_STYLE_FILL_AREA(#15163);
#15163 = FILL_AREA_STYLE('',(#15164));
#15164 = FILL_AREA_STYLE_COLOUR('',#12995);
#15165 = CURVE_STYLE('',#15166,POSITIVE_LENGTH_MEASURE(0.1),#12995);
#15166 = DRAUGHTING_PRE_DEFINED_CURVE_FONT('continuous');
#15167 = STYLED_ITEM('color',(#15168),#9900);
#15168 = PRESENTATION_STYLE_ASSIGNMENT((#15169,#15174));
#15169 = SURFACE_STYLE_USAGE(.BOTH.,#15170);
#15170 = SURFACE_SIDE_STYLE('',(#15171));
#15171 = SURFACE_STYLE_FILL_AREA(#15172);
#15172 = FILL_AREA_STYLE('',(#15173));
#15173 = FILL_AREA_STYLE_COLOUR('',#12828);
#15174 = CURVE_STYLE('',#15175,POSITIVE_LENGTH_MEASURE(0.1),#12828);
#15175 = DRAUGHTING_PRE_DEFINED_CURVE_FONT('continuous');
#15176 = OVER_RIDING_STYLED_ITEM('overriding color',(#15177),#9907,
  #15167);
#15177 = PRESENTATION_STYLE_ASSIGNMENT((#15178,#15183));
#15178 = SURFACE_STYLE_USAGE(.BOTH.,#15179);
#15179 = SURFACE_SIDE_STYLE('',(#15180));
#15180 = SURFACE_STYLE_FILL_AREA(#15181);
#15181 = FILL_AREA_STYLE('',(#15182));
#15182 = FILL_AREA_STYLE_COLOUR('',#12995);
#15183 = CURVE_STYLE('',#15184,POSITIVE_LENGTH_MEASURE(0.1),#12995);
#15184 = DRAUGHTING_PRE_DEFINED_CURVE_FONT('continuous');
#15185 = STYLED_ITEM('color',(#15186),#9917);
#15186 = PRESENTATION_STYLE_ASSIGNMENT((#15187,#15192));
#15187 = SURFACE_STYLE_USAGE(.BOTH.,#15188);
#15188 = SURFACE_SIDE_STYLE('',(#15189));
#15189 = SURFACE_STYLE_FILL_AREA(#15190);
#15190 = FILL_AREA_STYLE('',(#15191));
#15191 = FILL_AREA_STYLE_COLOUR('',#12828);
#15192 = CURVE_STYLE('',#15193,POSITIVE_LENGTH_MEASURE(0.1),#12828);
#15193 = DRAUGHTING_PRE_DEFINED_CURVE_FONT('continuous');
#15194 = OVER_RIDING_STYLED_ITEM('overriding color',(#15195),#9922,
  #15185);
#15195 = PRESENTATION_STYLE_ASSIGNMENT((#15196,#15201));
#15196 = SURFACE_STYLE_USAGE(.BOTH.,#15197);
#15197 = SURFACE_SIDE_STYLE('',(#15198));
#15198 = SURFACE_STYLE_FILL_AREA(#15199);
#15199 = FILL_AREA_STYLE('',(#15200));
#15200 = FILL_AREA_STYLE_COLOUR('',#12995);
#15201 = CURVE_STYLE('',#15202,POSITIVE_LENGTH_MEASURE(0.1),#12995);
#15202 = DRAUGHTING_PRE_DEFINED_CURVE_FONT('continuous');
#15203 = STYLED_ITEM('color',(#15204),#9934);
#15204 = PRESENTATION_STYLE_ASSIGNMENT((#15205,#15210));
#15205 = SURFACE_STYLE_USAGE(.BOTH.,#15206);
#15206 = SURFACE_SIDE_STYLE('',(#15207));
#15207 = SURFACE_STYLE_FILL_AREA(#15208);
#15208 = FILL_AREA_STYLE('',(#15209));
#15209 = FILL_AREA_STYLE_COLOUR('',#12995);
#15210 = CURVE_STYLE('',#15211,POSITIVE_LENGTH_MEASURE(0.1),#12995);
#15211 = DRAUGHTING_PRE_DEFINED_CURVE_FONT('continuous');
#15212 = STYLED_ITEM('color',(#15213),#9983);
#15213 = PRESENTATION_STYLE_ASSIGNMENT((#15214,#15219));
#15214 = SURFACE_STYLE_USAGE(.BOTH.,#15215);
#15215 = SURFACE_SIDE_STYLE('',(#15216));
#15216 = SURFACE_STYLE_FILL_AREA(#15217);
#15217 = FILL_AREA_STYLE('',(#15218));
#15218 = FILL_AREA_STYLE_COLOUR('',#12995);
#15219 = CURVE_STYLE('',#15220,POSITIVE_LENGTH_MEASURE(0.1),#12995);
#15220 = DRAUGHTING_PRE_DEFINED_CURVE_FONT('continuous');
#15221 = STYLED_ITEM('color',(#15222),#10007);
#15222 = PRESENTATION_STYLE_ASSIGNMENT((#15223,#15228));
#15223 = SURFACE_STYLE_USAGE(.BOTH.,#15224);
#15224 = SURFACE_SIDE_STYLE('',(#15225));
#15225 = SURFACE_STYLE_FILL_AREA(#15226);
#15226 = FILL_AREA_STYLE('',(#15227));
#15227 = FILL_AREA_STYLE_COLOUR('',#12995);
#15228 = CURVE_STYLE('',#15229,POSITIVE_LENGTH_MEASURE(0.1),#12995);
#15229 = DRAUGHTING_PRE_DEFINED_CURVE_FONT('continuous');
#15230 = STYLED_ITEM('color',(#15231),#10049);
#15231 = PRESENTATION_STYLE_ASSIGNMENT((#15232,#15237));
#15232 = SURFACE_STYLE_USAGE(.BOTH.,#15233);
#15233 = SURFACE_SIDE_STYLE('',(#15234));
#15234 = SURFACE_STYLE_FILL_AREA(#15235);
#15235 = FILL_AREA_STYLE('',(#15236));
#15236 = FILL_AREA_STYLE_COLOUR('',#12995);
#15237 = CURVE_STYLE('',#15238,POSITIVE_LENGTH_MEASURE(0.1),#12995);
#15238 = DRAUGHTING_PRE_DEFINED_CURVE_FONT('continuous');
#15239 = STYLED_ITEM('color',(#15240),#10066);
#15240 = PRESENTATION_STYLE_ASSIGNMENT((#15241,#15246));
#15241 = SURFACE_STYLE_USAGE(.BOTH.,#15242);
#15242 = SURFACE_SIDE_STYLE('',(#15243));
#15243 = SURFACE_STYLE_FILL_AREA(#15244);
#15244 = FILL_AREA_STYLE('',(#15245));
#15245 = FILL_AREA_STYLE_COLOUR('',#12995);
#15246 = CURVE_STYLE('',#15247,POSITIVE_LENGTH_MEASURE(0.1),#12995);
#15247 = DRAUGHTING_PRE_DEFINED_CURVE_FONT('continuous');
#15248 = STYLED_ITEM('color',(#15249),#10083);
#15249 = PRESENTATION_STYLE_ASSIGNMENT((#15250,#15255));
#15250 = SURFACE_STYLE_USAGE(.BOTH.,#15251);
#15251 = SURFACE_SIDE_STYLE('',(#15252));
#15252 = SURFACE_STYLE_FILL_AREA(#15253);
#15253 = FILL_AREA_STYLE('',(#15254));
#15254 = FILL_AREA_STYLE_COLOUR('',#12995);
#15255 = CURVE_STYLE('',#15256,POSITIVE_LENGTH_MEASURE(0.1),#12995);
#15256 = DRAUGHTING_PRE_DEFINED_CURVE_FONT('continuous');
#15257 = STYLED_ITEM('color',(#15258),#10100);
#15258 = PRESENTATION_STYLE_ASSIGNMENT((#15259,#15264));
#15259 = SURFACE_STYLE_USAGE(.BOTH.,#15260);
#15260 = SURFACE_SIDE_STYLE('',(#15261));
#15261 = SURFACE_STYLE_FILL_AREA(#15262);
#15262 = FILL_AREA_STYLE('',(#15263));
#15263 = FILL_AREA_STYLE_COLOUR('',#12995);
#15264 = CURVE_STYLE('',#15265,POSITIVE_LENGTH_MEASURE(0.1),#12995);
#15265 = DRAUGHTING_PRE_DEFINED_CURVE_FONT('continuous');
#15266 = STYLED_ITEM('color',(#15267),#10112);
#15267 = PRESENTATION_STYLE_ASSIGNMENT((#15268,#15273));
#15268 = SURFACE_STYLE_USAGE(.BOTH.,#15269);
#15269 = SURFACE_SIDE_STYLE('',(#15270));
#15270 = SURFACE_STYLE_FILL_AREA(#15271);
#15271 = FILL_AREA_STYLE('',(#15272));
#15272 = FILL_AREA_STYLE_COLOUR('',#12995);
#15273 = CURVE_STYLE('',#15274,POSITIVE_LENGTH_MEASURE(0.1),#12995);
#15274 = DRAUGHTING_PRE_DEFINED_CURVE_FONT('continuous');
#15275 = STYLED_ITEM('color',(#15276),#10129);
#15276 = PRESENTATION_STYLE_ASSIGNMENT((#15277,#15282));
#15277 = SURFACE_STYLE_USAGE(.BOTH.,#15278);
#15278 = SURFACE_SIDE_STYLE('',(#15279));
#15279 = SURFACE_STYLE_FILL_AREA(#15280);
#15280 = FILL_AREA_STYLE('',(#15281));
#15281 = FILL_AREA_STYLE_COLOUR('',#12995);
#15282 = CURVE_STYLE('',#15283,POSITIVE_LENGTH_MEASURE(0.1),#12995);
#15283 = DRAUGHTING_PRE_DEFINED_CURVE_FONT('continuous');
#15284 = STYLED_ITEM('color',(#15285),#10146);
#15285 = PRESENTATION_STYLE_ASSIGNMENT((#15286,#15291));
#15286 = SURFACE_STYLE_USAGE(.BOTH.,#15287);
#15287 = SURFACE_SIDE_STYLE('',(#15288));
#15288 = SURFACE_STYLE_FILL_AREA(#15289);
#15289 = FILL_AREA_STYLE('',(#15290));
#15290 = FILL_AREA_STYLE_COLOUR('',#12995);
#15291 = CURVE_STYLE('',#15292,POSITIVE_LENGTH_MEASURE(0.1),#12995);
#15292 = DRAUGHTING_PRE_DEFINED_CURVE_FONT('continuous');
#15293 = STYLED_ITEM('color',(#15294),#10158);
#15294 = PRESENTATION_STYLE_ASSIGNMENT((#15295,#15300));
#15295 = SURFACE_STYLE_USAGE(.BOTH.,#15296);
#15296 = SURFACE_SIDE_STYLE('',(#15297));
#15297 = SURFACE_STYLE_FILL_AREA(#15298);
#15298 = FILL_AREA_STYLE('',(#15299));
#15299 = FILL_AREA_STYLE_COLOUR('',#12995);
#15300 = CURVE_STYLE('',#15301,POSITIVE_LENGTH_MEASURE(0.1),#12995);
#15301 = DRAUGHTING_PRE_DEFINED_CURVE_FONT('continuous');
#15302 = STYLED_ITEM('color',(#15303),#10175);
#15303 = PRESENTATION_STYLE_ASSIGNMENT((#15304,#15309));
#15304 = SURFACE_STYLE_USAGE(.BOTH.,#15305);
#15305 = SURFACE_SIDE_STYLE('',(#15306));
#15306 = SURFACE_STYLE_FILL_AREA(#15307);
#15307 = FILL_AREA_STYLE('',(#15308));
#15308 = FILL_AREA_STYLE_COLOUR('',#12995);
#15309 = CURVE_STYLE('',#15310,POSITIVE_LENGTH_MEASURE(0.1),#12995);
#15310 = DRAUGHTING_PRE_DEFINED_CURVE_FONT('continuous');
#15311 = STYLED_ITEM('color',(#15312),#10192);
#15312 = PRESENTATION_STYLE_ASSIGNMENT((#15313,#15318));
#15313 = SURFACE_STYLE_USAGE(.BOTH.,#15314);
#15314 = SURFACE_SIDE_STYLE('',(#15315));
#15315 = SURFACE_STYLE_FILL_AREA(#15316);
#15316 = FILL_AREA_STYLE('',(#15317));
#15317 = FILL_AREA_STYLE_COLOUR('',#12995);
#15318 = CURVE_STYLE('',#15319,POSITIVE_LENGTH_MEASURE(0.1),#12995);
#15319 = DRAUGHTING_PRE_DEFINED_CURVE_FONT('continuous');
#15320 = STYLED_ITEM('color',(#15321),#10204);
#15321 = PRESENTATION_STYLE_ASSIGNMENT((#15322,#15327));
#15322 = SURFACE_STYLE_USAGE(.BOTH.,#15323);
#15323 = SURFACE_SIDE_STYLE('',(#15324));
#15324 = SURFACE_STYLE_FILL_AREA(#15325);
#15325 = FILL_AREA_STYLE('',(#15326));
#15326 = FILL_AREA_STYLE_COLOUR('',#12995);
#15327 = CURVE_STYLE('',#15328,POSITIVE_LENGTH_MEASURE(0.1),#12995);
#15328 = DRAUGHTING_PRE_DEFINED_CURVE_FONT('continuous');
#15329 = STYLED_ITEM('color',(#15330),#10221);
#15330 = PRESENTATION_STYLE_ASSIGNMENT((#15331,#15336));
#15331 = SURFACE_STYLE_USAGE(.BOTH.,#15332);
#15332 = SURFACE_SIDE_STYLE('',(#15333));
#15333 = SURFACE_STYLE_FILL_AREA(#15334);
#15334 = FILL_AREA_STYLE('',(#15335));
#15335 = FILL_AREA_STYLE_COLOUR('',#12995);
#15336 = CURVE_STYLE('',#15337,POSITIVE_LENGTH_MEASURE(0.1),#12995);
#15337 = DRAUGHTING_PRE_DEFINED_CURVE_FONT('continuous');
#15338 = STYLED_ITEM('color',(#15339),#10238);
#15339 = PRESENTATION_STYLE_ASSIGNMENT((#15340,#15345));
#15340 = SURFACE_STYLE_USAGE(.BOTH.,#15341);
#15341 = SURFACE_SIDE_STYLE('',(#15342));
#15342 = SURFACE_STYLE_FILL_AREA(#15343);
#15343 = FILL_AREA_STYLE('',(#15344));
#15344 = FILL_AREA_STYLE_COLOUR('',#12995);
#15345 = CURVE_STYLE('',#15346,POSITIVE_LENGTH_MEASURE(0.1),#12995);
#15346 = DRAUGHTING_PRE_DEFINED_CURVE_FONT('continuous');
#15347 = STYLED_ITEM('color',(#15348),#10250);
#15348 = PRESENTATION_STYLE_ASSIGNMENT((#15349,#15354));
#15349 = SURFACE_STYLE_USAGE(.BOTH.,#15350);
#15350 = SURFACE_SIDE_STYLE('',(#15351));
#15351 = SURFACE_STYLE_FILL_AREA(#15352);
#15352 = FILL_AREA_STYLE('',(#15353));
#15353 = FILL_AREA_STYLE_COLOUR('',#12995);
#15354 = CURVE_STYLE('',#15355,POSITIVE_LENGTH_MEASURE(0.1),#12995);
#15355 = DRAUGHTING_PRE_DEFINED_CURVE_FONT('continuous');
#15356 = STYLED_ITEM('color',(#15357),#10267);
#15357 = PRESENTATION_STYLE_ASSIGNMENT((#15358,#15363));
#15358 = SURFACE_STYLE_USAGE(.BOTH.,#15359);
#15359 = SURFACE_SIDE_STYLE('',(#15360));
#15360 = SURFACE_STYLE_FILL_AREA(#15361);
#15361 = FILL_AREA_STYLE('',(#15362));
#15362 = FILL_AREA_STYLE_COLOUR('',#12995);
#15363 = CURVE_STYLE('',#15364,POSITIVE_LENGTH_MEASURE(0.1),#12995);
#15364 = DRAUGHTING_PRE_DEFINED_CURVE_FONT('continuous');
#15365 = STYLED_ITEM('color',(#15366),#10284);
#15366 = PRESENTATION_STYLE_ASSIGNMENT((#15367,#15372));
#15367 = SURFACE_STYLE_USAGE(.BOTH.,#15368);
#15368 = SURFACE_SIDE_STYLE('',(#15369));
#15369 = SURFACE_STYLE_FILL_AREA(#15370);
#15370 = FILL_AREA_STYLE('',(#15371));
#15371 = FILL_AREA_STYLE_COLOUR('',#12995);
#15372 = CURVE_STYLE('',#15373,POSITIVE_LENGTH_MEASURE(0.1),#12995);
#15373 = DRAUGHTING_PRE_DEFINED_CURVE_FONT('continuous');
#15374 = STYLED_ITEM('color',(#15375),#10296);
#15375 = PRESENTATION_STYLE_ASSIGNMENT((#15376,#15381));
#15376 = SURFACE_STYLE_USAGE(.BOTH.,#15377);
#15377 = SURFACE_SIDE_STYLE('',(#15378));
#15378 = SURFACE_STYLE_FILL_AREA(#15379);
#15379 = FILL_AREA_STYLE('',(#15380));
#15380 = FILL_AREA_STYLE_COLOUR('',#12995);
#15381 = CURVE_STYLE('',#15382,POSITIVE_LENGTH_MEASURE(0.1),#12995);
#15382 = DRAUGHTING_PRE_DEFINED_CURVE_FONT('continuous');
#15383 = STYLED_ITEM('color',(#15384),#10313);
#15384 = PRESENTATION_STYLE_ASSIGNMENT((#15385,#15390));
#15385 = SURFACE_STYLE_USAGE(.BOTH.,#15386);
#15386 = SURFACE_SIDE_STYLE('',(#15387));
#15387 = SURFACE_STYLE_FILL_AREA(#15388);
#15388 = FILL_AREA_STYLE('',(#15389));
#15389 = FILL_AREA_STYLE_COLOUR('',#12995);
#15390 = CURVE_STYLE('',#15391,POSITIVE_LENGTH_MEASURE(0.1),#12995);
#15391 = DRAUGHTING_PRE_DEFINED_CURVE_FONT('continuous');
#15392 = STYLED_ITEM('color',(#15393),#10330);
#15393 = PRESENTATION_STYLE_ASSIGNMENT((#15394,#15399));
#15394 = SURFACE_STYLE_USAGE(.BOTH.,#15395);
#15395 = SURFACE_SIDE_STYLE('',(#15396));
#15396 = SURFACE_STYLE_FILL_AREA(#15397);
#15397 = FILL_AREA_STYLE('',(#15398));
#15398 = FILL_AREA_STYLE_COLOUR('',#12995);
#15399 = CURVE_STYLE('',#15400,POSITIVE_LENGTH_MEASURE(0.1),#12995);
#15400 = DRAUGHTING_PRE_DEFINED_CURVE_FONT('continuous');
#15401 = STYLED_ITEM('color',(#15402),#10342);
#15402 = PRESENTATION_STYLE_ASSIGNMENT((#15403,#15408));
#15403 = SURFACE_STYLE_USAGE(.BOTH.,#15404);
#15404 = SURFACE_SIDE_STYLE('',(#15405));
#15405 = SURFACE_STYLE_FILL_AREA(#15406);
#15406 = FILL_AREA_STYLE('',(#15407));
#15407 = FILL_AREA_STYLE_COLOUR('',#12995);
#15408 = CURVE_STYLE('',#15409,POSITIVE_LENGTH_MEASURE(0.1),#12995);
#15409 = DRAUGHTING_PRE_DEFINED_CURVE_FONT('continuous');
#15410 = STYLED_ITEM('color',(#15411),#10359);
#15411 = PRESENTATION_STYLE_ASSIGNMENT((#15412,#15417));
#15412 = SURFACE_STYLE_USAGE(.BOTH.,#15413);
#15413 = SURFACE_SIDE_STYLE('',(#15414));
#15414 = SURFACE_STYLE_FILL_AREA(#15415);
#15415 = FILL_AREA_STYLE('',(#15416));
#15416 = FILL_AREA_STYLE_COLOUR('',#12995);
#15417 = CURVE_STYLE('',#15418,POSITIVE_LENGTH_MEASURE(0.1),#12995);
#15418 = DRAUGHTING_PRE_DEFINED_CURVE_FONT('continuous');
#15419 = STYLED_ITEM('color',(#15420),#10376);
#15420 = PRESENTATION_STYLE_ASSIGNMENT((#15421,#15426));
#15421 = SURFACE_STYLE_USAGE(.BOTH.,#15422);
#15422 = SURFACE_SIDE_STYLE('',(#15423));
#15423 = SURFACE_STYLE_FILL_AREA(#15424);
#15424 = FILL_AREA_STYLE('',(#15425));
#15425 = FILL_AREA_STYLE_COLOUR('',#12995);
#15426 = CURVE_STYLE('',#15427,POSITIVE_LENGTH_MEASURE(0.1),#12995);
#15427 = DRAUGHTING_PRE_DEFINED_CURVE_FONT('continuous');
#15428 = STYLED_ITEM('color',(#15429),#10388);
#15429 = PRESENTATION_STYLE_ASSIGNMENT((#15430,#15435));
#15430 = SURFACE_STYLE_USAGE(.BOTH.,#15431);
#15431 = SURFACE_SIDE_STYLE('',(#15432));
#15432 = SURFACE_STYLE_FILL_AREA(#15433);
#15433 = FILL_AREA_STYLE('',(#15434));
#15434 = FILL_AREA_STYLE_COLOUR('',#12995);
#15435 = CURVE_STYLE('',#15436,POSITIVE_LENGTH_MEASURE(0.1),#12995);
#15436 = DRAUGHTING_PRE_DEFINED_CURVE_FONT('continuous');
#15437 = STYLED_ITEM('color',(#15438),#10405);
#15438 = PRESENTATION_STYLE_ASSIGNMENT((#15439,#15444));
#15439 = SURFACE_STYLE_USAGE(.BOTH.,#15440);
#15440 = SURFACE_SIDE_STYLE('',(#15441));
#15441 = SURFACE_STYLE_FILL_AREA(#15442);
#15442 = FILL_AREA_STYLE('',(#15443));
#15443 = FILL_AREA_STYLE_COLOUR('',#12995);
#15444 = CURVE_STYLE('',#15445,POSITIVE_LENGTH_MEASURE(0.1),#12995);
#15445 = DRAUGHTING_PRE_DEFINED_CURVE_FONT('continuous');
#15446 = STYLED_ITEM('color',(#15447),#10422);
#15447 = PRESENTATION_STYLE_ASSIGNMENT((#15448,#15453));
#15448 = SURFACE_STYLE_USAGE(.BOTH.,#15449);
#15449 = SURFACE_SIDE_STYLE('',(#15450));
#15450 = SURFACE_STYLE_FILL_AREA(#15451);
#15451 = FILL_AREA_STYLE('',(#15452));
#15452 = FILL_AREA_STYLE_COLOUR('',#12995);
#15453 = CURVE_STYLE('',#15454,POSITIVE_LENGTH_MEASURE(0.1),#12995);
#15454 = DRAUGHTING_PRE_DEFINED_CURVE_FONT('continuous');
#15455 = MECHANICAL_DESIGN_GEOMETRIC_PRESENTATION_REPRESENTATION('',(
    #15456),#3887);
#15456 = STYLED_ITEM('color',(#15457),#3331);
#15457 = PRESENTATION_STYLE_ASSIGNMENT((#15458));
#15458 = SURFACE_STYLE_USAGE(.BOTH.,#15459);
#15459 = SURFACE_SIDE_STYLE('',(#15460));
#15460 = SURFACE_STYLE_FILL_AREA(#15461);
#15461 = FILL_AREA_STYLE('',(#15462));
#15462 = FILL_AREA_STYLE_COLOUR('',#15463);
#15463 = COLOUR_RGB('',0.839215683236,0.188235296286,0.188235296286);
#15464 = MECHANICAL_DESIGN_GEOMETRIC_PRESENTATION_REPRESENTATION('',(
    #15465),#12809);
#15465 = STYLED_ITEM('color',(#15466),#10787);
#15466 = PRESENTATION_STYLE_ASSIGNMENT((#15467));
#15467 = SURFACE_STYLE_USAGE(.BOTH.,#15468);
#15468 = SURFACE_SIDE_STYLE('',(#15469));
#15469 = SURFACE_STYLE_FILL_AREA(#15470);
#15470 = FILL_AREA_STYLE('',(#15471));
#15471 = FILL_AREA_STYLE_COLOUR('',#15472);
#15472 = COLOUR_RGB('',0.313304153717,0.484529207832,0.410020903123);
#15473 = MECHANICAL_DESIGN_GEOMETRIC_PRESENTATION_REPRESENTATION('',(
    #15474,#15482,#15489,#15497,#15504,#15511,#15518),#3312);
#15474 = STYLED_ITEM('color',(#15475),#107);
#15475 = PRESENTATION_STYLE_ASSIGNMENT((#15476));
#15476 = SURFACE_STYLE_USAGE(.BOTH.,#15477);
#15477 = SURFACE_SIDE_STYLE('',(#15478));
#15478 = SURFACE_STYLE_FILL_AREA(#15479);
#15479 = FILL_AREA_STYLE('',(#15480));
#15480 = FILL_AREA_STYLE_COLOUR('',#15481);
#15481 = COLOUR_RGB('',9.803921802644E-02,9.803921802644E-02,
  9.803921802644E-02);
#15482 = STYLED_ITEM('color',(#15483),#1277);
#15483 = PRESENTATION_STYLE_ASSIGNMENT((#15484));
#15484 = SURFACE_STYLE_USAGE(.BOTH.,#15485);
#15485 = SURFACE_SIDE_STYLE('',(#15486));
#15486 = SURFACE_STYLE_FILL_AREA(#15487);
#15487 = FILL_AREA_STYLE('',(#15488));
#15488 = FILL_AREA_STYLE_COLOUR('',#15481);
#15489 = STYLED_ITEM('color',(#15490),#1353);
#15490 = PRESENTATION_STYLE_ASSIGNMENT((#15491));
#15491 = SURFACE_STYLE_USAGE(.BOTH.,#15492);
#15492 = SURFACE_SIDE_STYLE('',(#15493));
#15493 = SURFACE_STYLE_FILL_AREA(#15494);
#15494 = FILL_AREA_STYLE('',(#15495));
#15495 = FILL_AREA_STYLE_COLOUR('',#15496);
#15496 = COLOUR_RGB('',0.768627468855,0.772549007887,0.768627468855);
#15497 = STYLED_ITEM('color',(#15498),#1503);
#15498 = PRESENTATION_STYLE_ASSIGNMENT((#15499));
#15499 = SURFACE_STYLE_USAGE(.BOTH.,#15500);
#15500 = SURFACE_SIDE_STYLE('',(#15501));
#15501 = SURFACE_STYLE_FILL_AREA(#15502);
#15502 = FILL_AREA_STYLE('',(#15503));
#15503 = FILL_AREA_STYLE_COLOUR('',#15481);
#15504 = STYLED_ITEM('color',(#15505),#1579);
#15505 = PRESENTATION_STYLE_ASSIGNMENT((#15506));
#15506 = SURFACE_STYLE_USAGE(.BOTH.,#15507);
#15507 = SURFACE_SIDE_STYLE('',(#15508));
#15508 = SURFACE_STYLE_FILL_AREA(#15509);
#15509 = FILL_AREA_STYLE('',(#15510));
#15510 = FILL_AREA_STYLE_COLOUR('',#15481);
#15511 = STYLED_ITEM('color',(#15512),#1655);
#15512 = PRESENTATION_STYLE_ASSIGNMENT((#15513));
#15513 = SURFACE_STYLE_USAGE(.BOTH.,#15514);
#15514 = SURFACE_SIDE_STYLE('',(#15515));
#15515 = SURFACE_STYLE_FILL_AREA(#15516);
#15516 = FILL_AREA_STYLE('',(#15517));
#15517 = FILL_AREA_STYLE_COLOUR('',#15496);
#15518 = STYLED_ITEM('color',(#15519),#1805);
#15519 = PRESENTATION_STYLE_ASSIGNMENT((#15520));
#15520 = SURFACE_STYLE_USAGE(.BOTH.,#15521);
#15521 = SURFACE_SIDE_STYLE('',(#15522));
#15522 = SURFACE_STYLE_FILL_AREA(#15523);
#15523 = FILL_AREA_STYLE('',(#15524));
#15524 = FILL_AREA_STYLE_COLOUR('',#15481);
ENDSEC;
END-ISO-10303-21;
